unidade_id,setor,temperatura,vibracao,consumo_energia,latencia_rede,carga_sistema,erros_24h,manutencoes_30d,idade_equipamento_meses,umidade,fluxo_dados,codigo_manutencao,falha
U00531,TRANSITO,37.77,2.271,46.38,128.32,30.38,2,0,15,57.06,706.16,NORMAL,0
U07929,SAUDE,43.76,3.153,120.03,51.86,50.97,1,0,45,91.96,1100.8,NORMAL,0
U07850,TRANSITO,51.95,2.804,121.4,28.96,63.79,3,0,79,51.91,1569.27,NORMAL,0
U04898,ENERGIA,50.86,2.988,115.71,17.65,76.7,4,1,20,35.06,780.64,NORMAL,0
U00085,SAUDE,37.03,1.634,119.84,76.57,52.25,1,0,18,44.4,761.86,NORMAL,0
U06386,SAUDE,40.63,2.699,135.56,30.14,81.39,5,0,94,59.54,1212.71,NORMAL,0
U06288,ENERGIA,43.5,3.194,83.73,62.87,39.14,3,0,61,64.52,705.53,NORMAL,0
U01197,ENERGIA,51.68,2.458,138.53,45.24,56.84,3,1,83,51.96,661.67,NORMAL,0
U03577,AGUA,37.0,2.624,70.82,144.57,45.18,2,1,47,77.85,686.67,URGENTE,0
U08751,SAUDE,35.24,2.346,138.8,29.19,52.45,1,0,143,76.49,543.24,NORMAL,0
U03665,ENERGIA,47.85,3.055,107.45,5.35,56.53,1,0,117,70.36,988.82,NORMAL,0
U01694,SAUDE,52.01,3.462,163.78,28.32,59.04,4,0,127,68.62,1346.58,NORMAL,0
U06836,AGUA,27.35,2.136,98.31,33.23,49.25,3,0,97,47.25,921.5,NORMAL,0
U08869,TRANSITO,,1.583,106.28,116.26,52.32,1,0,100,81.84,1141.01,NORMAL,0
U08548,TELECOM,43.95,2.449,129.29,12.32,51.65,4,1,127,33.57,925.75,NORMAL,0
U05089,AGUA,44.37,3.901,144.46,22.15,81.72,1,0,59,68.26,1140.59,NORMAL,0
U01622,TELECOM,46.52,1.935,157.54,,71.85,2,1,64,73.57,1223.04,NORMAL,0
U04541,ENERGIA,48.78,1.404,148.06,82.6,58.24,4,1,113,49.2,812.46,NORMAL,0
U06069,TELECOM,54.05,3.519,120.66,5.44,78.31,6,0,52,59.52,1563.94,CRITICO,1
U09388,ENERGIA,54.31,3.623,106.83,80.09,51.73,3,1,23,78.82,766.58,NORMAL,0
U03088,TELECOM,44.1,3.873,130.93,78.59,75.22,0,0,55,61.34,1344.04,NORMAL,0
U08472,TELECOM,61.89,3.218,124.06,31.57,84.62,3,1,37,69.37,1230.13,NORMAL,0
U02176,ENERGIA,52.98,2.124,98.9,34.9,54.0,1,1,94,79.91,1305.39,NORMAL,0
U09263,ENERGIA,49.29,3.274,136.18,35.01,62.94,6,1,90,72.98,858.86,NORMAL,0
U04314,ENERGIA,46.82,3.253,131.51,67.02,56.73,2,0,72,62.73,1548.57,NORMAL,0
U09298,SAUDE,45.84,3.323,164.21,32.34,82.24,2,0,70,62.45,1093.9,NORMAL,0
U02093,TRANSITO,,2.353,99.98,82.22,40.39,2,2,85,67.1,956.55,NORMAL,0
U03275,SAUDE,47.21,3.038,123.5,94.69,63.32,1,1,85,78.66,980.92,NORMAL,0
U04932,ENERGIA,60.47,3.643,168.23,9.96,74.49,3,1,87,46.43,1426.27,NORMAL,0
U07759,SAUDE,32.87,2.343,122.06,64.83,65.78,4,1,94,50.81,1452.17,NORMAL,0
U07842,AGUA,27.11,2.558,74.98,27.42,40.07,8,0,115,100.0,1135.91,CRITICO,0
U02316,TELECOM,42.32,2.256,133.45,14.69,75.66,3,0,27,77.9,1636.34,URGENTE,0
U03682,ENERGIA,46.46,4.358,107.97,76.95,70.69,1,1,18,61.22,997.86,NORMAL,0
U09430,ENERGIA,,3.477,104.37,57.74,72.65,2,0,104,78.27,1212.62,NORMAL,0
U00335,TRANSITO,54.22,2.693,118.31,31.22,84.14,4,0,27,66.04,1659.0,NORMAL,0
U05594,ENERGIA,41.47,3.264,128.46,38.7,45.32,4,0,102,63.99,1051.5,NORMAL,0
U07662,TELECOM,40.69,3.59,138.64,,65.26,2,0,122,88.08,1343.97,NORMAL,0
U06161,TRANSITO,45.68,3.405,153.87,23.57,59.35,2,1,54,59.16,1053.19,NORMAL,0
U06494,ENERGIA,49.23,3.178,108.99,266.63,55.3,4,0,72,94.88,833.37,NORMAL,0
U00530,TELECOM,49.99,3.568,107.31,26.22,58.52,1,2,43,52.56,1198.65,URGENTE,1
U08054,AGUA,163.45,2.797,146.17,59.73,52.58,2,2,114,54.36,950.26,NORMAL,0
U03081,SAUDE,48.42,2.383,98.35,73.76,48.43,2,1,30,56.43,553.21,NORMAL,0
U05104,SAUDE,45.02,,68.06,35.43,45.64,0,0,3,63.83,678.31,NORMAL,0
U02414,SAUDE,41.71,2.941,141.38,5.6,62.85,3,0,121,59.69,1283.58,NORMAL,0
U00581,AGUA,36.98,3.89,140.34,73.09,80.35,5,0,103,58.38,1376.76,URGENTE,0
U01269,TRANSITO,44.52,1.602,95.91,49.03,36.41,2,1,104,69.15,637.92,NORMAL,0
U04305,ENERGIA,201.82,3.857,127.4,39.68,79.53,2,0,50,59.57,1365.88,NORMAL,0
U06736,TRANSITO,53.85,2.624,153.24,110.71,78.06,3,1,2,51.62,1621.44,NORMAL,0
U00144,ENERGIA,46.48,2.874,114.69,76.21,50.19,2,1,120,76.45,1091.03,NORMAL,0
U06185,AGUA,33.87,2.217,96.97,28.01,40.31,2,0,21,64.63,902.59,NORMAL,0
U08982,ENERGIA,51.24,2.476,68.73,71.33,45.64,2,2,7,31.8,1003.96,NORMAL,0
U04823,TRANSITO,39.41,1.539,114.91,25.48,55.0,2,4,56,65.74,619.01,URGENTE,0
U03075,TELECOM,42.28,1.878,152.23,81.34,80.65,5,0,63,56.1,1442.6,NORMAL,0
U09055,TRANSITO,,1.846,166.69,78.99,79.95,4,1,144,68.64,1151.29,URGENTE,1
U04703,AGUA,47.17,3.338,159.95,45.11,97.46,7,0,3,61.62,1328.22,NORMAL,0
U08802,ENERGIA,53.31,2.629,105.27,54.01,50.37,0,1,61,51.47,1146.89,NORMAL,0
U07735,AGUA,36.73,2.755,107.11,,38.74,2,1,28,82.25,577.42,NORMAL,0
U03642,SAUDE,38.29,2.715,140.79,46.58,69.65,2,1,82,42.3,898.04,NORMAL,0
U04287,AGUA,32.77,2.058,80.03,69.88,38.72,1,0,59,54.96,652.09,NORMAL,0
U03920,ENERGIA,44.64,2.281,90.96,118.78,51.13,2,0,44,84.79,906.19,NORMAL,0
U08553,ENERGIA,47.08,2.526,90.45,42.11,54.26,3,2,14,79.01,1084.38,NORMAL,0
U02461,AGUA,37.67,4.087,191.34,36.83,81.68,0,0,144,71.43,971.93,NORMAL,0
U06198,SAUDE,39.84,2.45,124.81,60.51,59.19,4,1,43,49.4,1338.87,URGENTE,0
U04931,SAUDE,43.48,,107.07,30.21,59.99,3,1,101,51.71,1088.25,NORMAL,0
U09270,AGUA,42.99,2.365,154.44,,64.48,1,1,141,60.82,884.24,NORMAL,0
U05318,TELECOM,52.1,8.936,101.66,92.24,54.93,7,0,103,94.87,985.09,CRITICO,1
U04346,ENERGIA,52.25,1.194,36.43,95.21,32.8,4,0,16,29.66,828.63,NORMAL,0
U09046,TELECOM,55.24,2.601,147.44,4.91,100.0,4,0,108,56.15,1964.06,NORMAL,0
U03076,ENERGIA,51.86,3.948,143.44,24.5,63.18,2,0,102,60.04,941.3,NORMAL,0
U04335,TRANSITO,44.68,2.877,132.09,90.66,70.35,5,1,66,93.46,1310.12,NORMAL,0
U08329,TRANSITO,43.67,1.734,76.43,16.99,43.3,2,1,22,46.8,999.41,NORMAL,0
U02242,TELECOM,43.81,1.255,87.66,,40.78,3,1,53,70.71,951.42,NORMAL,0
U00196,ENERGIA,54.68,,142.01,28.06,70.78,2,0,102,62.65,1144.81,NORMAL,0
U02540,TELECOM,51.62,1.946,122.64,36.28,83.08,7,2,7,60.08,1400.48,NORMAL,0
U00017,ENERGIA,41.97,2.64,78.61,50.04,34.27,2,0,83,67.18,396.26,NORMAL,0
U07130,ENERGIA,101.49,2.54,65.86,23.68,38.86,2,0,10,40.55,621.73,NORMAL,0
U06877,TELECOM,38.38,0.0,44.15,24.03,20.77,2,1,105,82.44,513.16,NORMAL,0
U01502,AGUA,53.53,5.382,119.83,41.74,43.8,5,1,109,45.51,565.69,CRITICO,1
U00925,AGUA,47.35,2.5,112.97,26.66,48.41,1,0,75,38.05,855.47,NORMAL,0
U02520,AGUA,37.77,2.425,142.25,51.38,54.94,3,3,125,63.13,846.15,NORMAL,0
U01876,SAUDE,42.2,2.054,114.87,43.91,63.87,2,1,32,54.6,1114.65,NORMAL,0
U07732,SAUDE,47.06,2.597,141.3,37.43,84.94,3,1,45,45.67,1465.9,NORMAL,0
U05784,AGUA,44.87,3.229,114.85,86.6,67.92,4,0,52,86.21,983.28,NORMAL,0
U07113,SAUDE,41.03,1.637,100.11,31.39,40.22,0,0,118,65.6,945.46,NORMAL,0
U03480,ENERGIA,58.63,,110.41,99.24,46.62,1,1,127,76.87,592.41,NORMAL,0
U09473,TELECOM,48.65,2.253,116.91,21.71,56.25,3,1,133,76.65,1079.03,NORMAL,0
U08255,SAUDE,37.01,2.567,113.28,6.4,40.56,1,2,144,74.59,674.08,NORMAL,0
U03364,TELECOM,44.59,2.215,104.11,79.28,60.3,2,0,70,53.94,696.47,NORMAL,0
U05332,ENERGIA,37.75,3.458,116.47,66.37,66.33,6,0,40,88.11,1097.7,NORMAL,0
U06356,AGUA,41.11,3.737,119.58,38.98,63.79,8,0,18,56.53,1406.42,NORMAL,0
U01370,ENERGIA,41.74,2.154,78.57,52.63,24.34,1,1,86,85.58,690.47,NORMAL,0
U02487,SAUDE,36.66,2.16,47.96,45.11,37.77,4,0,61,58.45,1081.88,NORMAL,0
U02925,SAUDE,39.86,,165.54,58.95,73.75,3,0,135,30.8,885.39,NORMAL,0
U00946,SAUDE,37.81,2.946,119.17,,60.56,2,0,55,74.34,1285.19,NORMAL,0
U05149,SAUDE,36.06,0.885,94.04,67.2,44.89,2,0,77,69.69,625.23,NORMAL,0
U05779,TRANSITO,51.57,2.983,114.05,12.92,63.8,3,0,5,52.09,930.83,NORMAL,0
U02776,TRANSITO,41.64,,126.36,93.44,66.36,5,1,82,67.82,901.88,NORMAL,0
U06871,SAUDE,30.03,3.525,138.68,82.03,70.09,3,0,120,81.85,722.14,NORMAL,0
U00682,ENERGIA,39.42,2.127,58.2,100.89,22.3,0,0,20,51.5,620.83,NORMAL,0
U04855,TRANSITO,49.12,2.7,143.82,39.34,74.06,3,0,125,78.73,934.02,NORMAL,0
U03157,AGUA,45.95,3.993,171.45,26.6,100.0,5,1,99,55.81,1383.26,NORMAL,0
U09477,SAUDE,44.83,3.587,171.06,52.29,99.13,9,0,133,56.29,1220.54,NORMAL,0
U00090,TELECOM,50.4,2.128,126.94,75.05,77.1,4,0,96,43.77,1252.52,NORMAL,0
U04352,ENERGIA,47.56,4.337,101.37,59.88,59.2,1,0,143,80.24,1495.45,NORMAL,0
U08673,SAUDE,43.61,4.0,182.33,59.89,86.43,2,0,123,49.59,1153.9,CRITICO,1
U04919,ENERGIA,56.02,2.414,94.11,29.58,55.72,5,0,29,29.41,1094.86,NORMAL,0
U05729,TRANSITO,43.33,2.862,100.93,9.93,42.13,3,0,6,58.05,785.69,NORMAL,0
U07957,ENERGIA,42.09,3.729,121.67,10.65,68.38,3,2,52,64.62,919.54,NORMAL,0
U04897,TRANSITO,36.03,2.415,123.8,15.35,70.55,0,0,125,56.38,1517.99,URGENTE,0
U09332,TRANSITO,58.46,4.057,116.67,108.31,77.93,3,1,103,53.1,1147.7,NORMAL,0
U09521,TRANSITO,128.79,3.397,119.43,34.33,48.08,3,2,54,61.25,1206.25,NORMAL,0
U00047,AGUA,37.39,2.891,107.24,25.34,55.34,3,1,115,63.8,917.63,NORMAL,0
U01117,SAUDE,45.21,3.917,178.71,2.71,95.64,5,2,85,58.74,1477.14,NORMAL,0
U08447,AGUA,37.9,3.689,130.64,4.41,70.4,6,0,28,50.53,1180.53,NORMAL,0
U00853,ENERGIA,56.98,,142.72,87.94,83.57,6,0,33,15.0,1521.14,NORMAL,0
U09175,TELECOM,60.48,1.782,174.6,101.29,98.12,2,0,86,91.11,1975.4,NORMAL,0
U02214,SAUDE,33.34,2.007,65.02,76.09,43.08,2,0,38,59.69,683.26,NORMAL,0
U09475,ENERGIA,51.38,4.27,144.01,138.68,76.86,3,0,100,48.95,1274.74,CRITICO,1
U06004,TRANSITO,53.4,2.09,168.97,186.67,84.28,4,0,125,70.3,989.27,CRITICO,1
U01604,TELECOM,52.13,,155.44,64.88,67.75,1,1,104,43.11,1258.88,NORMAL,0
U02210,TRANSITO,41.42,3.207,150.21,7.5,82.06,4,0,109,64.69,1268.82,URGENTE,0
U04299,AGUA,47.3,2.129,146.12,44.25,66.2,2,0,125,73.65,674.56,NORMAL,0
U08448,ENERGIA,55.67,4.217,183.12,57.54,100.0,3,0,126,33.55,1345.16,NORMAL,0
U04410,ENERGIA,58.08,,82.03,40.82,66.41,5,0,38,54.85,811.74,NORMAL,0
U03358,SAUDE,48.73,,118.97,14.18,56.62,2,0,95,65.69,684.21,NORMAL,0
U05787,ENERGIA,95.15,2.795,109.64,44.17,57.12,3,0,54,72.25,1185.03,NORMAL,0
U03582,TRANSITO,34.42,1.356,113.38,60.37,29.22,2,1,132,44.27,629.83,NORMAL,0
U08857,ENERGIA,44.14,3.28,92.86,24.55,46.83,2,1,136,54.99,820.3,NORMAL,0
U00627,ENERGIA,51.56,4.879,127.67,18.3,70.7,3,1,133,98.55,1171.77,NORMAL,0
U03541,AGUA,37.03,2.863,109.72,108.5,47.62,1,0,103,92.13,800.31,NORMAL,0
U06755,ENERGIA,201.79,2.18,83.31,75.64,32.64,4,0,110,68.26,828.15,NORMAL,0
U03327,ENERGIA,42.71,1.229,117.24,55.64,42.4,3,2,127,74.49,1052.27,NORMAL,0
U09418,SAUDE,40.87,2.357,156.57,14.76,60.34,3,2,137,61.28,1245.95,NORMAL,0
U08728,SAUDE,41.69,0.62,108.4,10.65,56.66,0,2,83,55.0,907.28,NORMAL,0
U03201,SAUDE,39.17,2.161,75.72,126.75,43.01,2,0,8,76.86,829.15,NORMAL,0
U04625,SAUDE,39.69,2.71,132.49,5.99,81.67,2,2,9,58.42,1139.96,NORMAL,0
U03249,SAUDE,49.92,2.598,139.87,206.36,78.53,3,2,53,60.09,1377.6,NORMAL,0
U04374,ENERGIA,51.94,3.538,110.92,44.03,44.4,6,0,122,79.22,565.32,CRITICO,1
U05251,TRANSITO,44.49,2.868,159.99,23.87,79.35,4,0,113,58.89,1660.68,NORMAL,0
U01886,AGUA,37.75,2.742,208.32,54.93,100.0,4,1,142,62.0,1369.32,NORMAL,0
U00464,ENERGIA,54.69,1.791,136.31,40.92,62.01,2,0,66,64.93,1400.34,NORMAL,0
U06631,SAUDE,26.18,3.572,113.79,101.03,65.74,4,1,73,74.4,1311.84,NORMAL,0
U07896,TELECOM,50.59,2.187,129.19,68.24,49.55,3,0,76,72.27,1374.27,URGENTE,0
U03372,SAUDE,42.17,0.701,121.17,115.35,59.44,3,1,91,47.41,1114.38,URGENTE,0
U09145,TELECOM,51.7,2.857,80.7,19.82,76.25,5,1,20,84.61,688.7,NORMAL,0
U07541,TRANSITO,34.6,1.727,116.77,73.31,49.24,4,0,22,59.67,1329.68,NORMAL,0
U05659,ENERGIA,43.8,3.045,102.12,25.26,57.37,3,0,33,59.3,1060.39,NORMAL,0
U07610,SAUDE,48.29,2.57,148.19,20.63,70.5,2,0,98,83.17,1189.26,NORMAL,0
U08317,TRANSITO,55.07,2.801,135.19,43.4,59.46,0,0,106,48.38,434.74,NORMAL,0
U05980,TELECOM,49.58,2.768,116.95,,70.59,4,0,35,59.06,1274.59,NORMAL,0
U04450,TRANSITO,55.03,3.019,160.95,19.03,79.54,3,0,78,41.22,965.02,NORMAL,0
U09850,ENERGIA,41.49,3.595,99.93,57.05,39.83,2,0,106,51.96,866.26,NORMAL,0
U08181,ENERGIA,49.72,2.791,142.87,141.07,62.95,2,2,119,43.32,716.11,NORMAL,0
U03427,SAUDE,50.66,3.522,127.44,16.26,100.0,2,0,10,56.55,1597.98,URGENTE,0
U03374,SAUDE,37.78,,182.97,102.58,91.15,5,0,104,69.35,1531.97,NORMAL,0
U09544,SAUDE,52.39,,172.83,15.71,87.03,0,1,58,59.29,1822.34,NORMAL,0
U02804,SAUDE,41.99,2.014,128.98,97.08,86.11,4,0,14,70.22,1297.23,NORMAL,0
U07181,TRANSITO,49.81,1.423,129.11,67.57,73.96,0,0,67,63.01,1287.37,NORMAL,0
U06448,SAUDE,48.78,2.38,111.09,56.75,65.8,2,1,106,58.63,877.35,NORMAL,0
U05313,AGUA,29.17,2.231,86.13,29.76,44.63,2,1,62,64.68,697.12,NORMAL,0
U00468,AGUA,36.0,2.884,128.16,57.8,63.16,4,0,138,45.13,789.56,NORMAL,0
U05750,SAUDE,38.76,4.007,160.64,91.68,74.14,4,1,107,75.44,585.73,NORMAL,0
U04796,TELECOM,51.22,1.815,101.48,90.81,52.09,1,1,19,62.88,1133.35,NORMAL,0
U04259,TRANSITO,,3.291,152.07,34.49,80.23,5,0,98,64.15,893.05,NORMAL,0
U04870,ENERGIA,44.1,4.626,93.41,82.55,54.67,2,0,26,81.95,956.44,NORMAL,0
U06747,TRANSITO,53.63,2.585,164.82,6.79,89.12,4,2,63,50.76,1156.28,NORMAL,0
U09265,AGUA,48.46,2.79,170.21,102.67,100.0,2,0,32,72.98,1152.25,URGENTE,1
U01039,AGUA,37.29,1.672,85.92,42.06,32.47,4,1,12,67.12,669.3,NORMAL,0
U02288,ENERGIA,38.63,2.711,98.15,,62.54,1,0,80,62.52,1154.19,NORMAL,0
U02551,ENERGIA,51.12,2.381,84.14,85.31,48.95,2,0,81,98.89,844.12,NORMAL,0
U05317,SAUDE,29.38,1.795,81.5,151.82,37.0,3,0,75,42.74,897.16,NORMAL,0
U07095,AGUA,139.41,3.719,115.16,78.02,50.19,5,1,43,69.04,544.97,NORMAL,0
U07358,SAUDE,52.44,2.426,110.94,37.91,62.01,1,0,69,52.49,834.35,NORMAL,0
U00447,TRANSITO,43.05,2.682,128.09,25.98,66.75,2,0,92,90.29,1009.7,NORMAL,0
U01523,TRANSITO,40.56,2.261,121.45,22.78,53.65,3,0,80,91.14,1275.69,NORMAL,0
U05686,TELECOM,40.85,2.783,126.75,91.77,61.07,1,0,107,57.31,777.67,NORMAL,0
U05898,ENERGIA,54.43,2.779,126.92,41.74,35.54,0,1,141,80.67,774.41,NORMAL,0
U04391,ENERGIA,43.71,3.862,105.93,126.9,38.97,1,1,83,52.7,684.61,NORMAL,0
U07116,TRANSITO,44.93,2.217,182.19,58.5,91.27,8,2,66,73.67,1616.72,URGENTE,0
U04284,ENERGIA,48.45,4.482,140.89,51.07,73.45,0,1,65,65.0,1147.45,NORMAL,0
U03379,AGUA,218.95,3.162,171.68,24.45,76.72,3,0,53,87.37,1415.07,NORMAL,0
U09828,SAUDE,44.02,1.932,68.5,108.24,50.89,0,0,39,71.31,1077.34,NORMAL,0
U08954,ENERGIA,53.93,3.473,123.09,42.31,63.33,1,0,90,73.56,1212.68,NORMAL,0
U05000,TELECOM,45.6,0.783,99.78,23.36,43.46,6,2,42,61.87,1403.77,NORMAL,0
U00435,SAUDE,59.14,1.91,153.81,14.76,68.66,2,1,50,74.26,1049.02,NORMAL,0
U08713,SAUDE,39.47,2.307,83.45,27.34,33.79,3,0,128,59.34,949.47,NORMAL,0
U06459,SAUDE,43.83,2.375,77.45,63.98,44.2,2,0,142,67.03,883.89,NORMAL,0
U00696,TRANSITO,50.73,3.371,122.97,137.64,71.39,5,0,4,56.61,848.99,NORMAL,0
U01911,ENERGIA,43.56,2.972,140.73,26.45,58.8,1,1,78,66.05,1092.18,NORMAL,0
U06119,TRANSITO,39.65,,76.37,58.54,32.47,3,0,131,66.01,672.99,NORMAL,0
U07227,TELECOM,48.9,2.12,128.31,95.09,72.44,7,0,23,79.17,1299.32,NORMAL,0
U09524,AGUA,45.5,3.31,109.88,36.1,75.99,1,0,82,35.3,1356.09,NORMAL,0
U01879,ENERGIA,48.78,3.02,113.91,69.61,67.53,2,1,29,89.48,1299.73,NORMAL,0
U05608,ENERGIA,48.85,3.142,118.38,12.58,75.19,5,1,40,64.57,1170.28,CRITICO,1
U02467,ENERGIA,55.38,2.746,137.56,14.98,95.31,3,0,42,66.62,1530.15,NORMAL,0
U08142,SAUDE,39.26,3.481,108.95,62.81,41.86,2,1,114,63.79,947.24,URGENTE,0
U05071,ENERGIA,102.95,3.966,137.05,16.94,47.81,4,2,105,55.56,923.34,CRITICO,1
U03304,SAUDE,39.05,3.342,115.89,8.31,74.1,2,0,86,45.53,1130.1,NORMAL,0
U08254,TELECOM,,3.115,40.71,117.6,37.64,1,0,22,41.55,1201.36,NORMAL,0
U02787,TELECOM,43.96,1.762,124.16,143.37,58.3,3,0,100,49.93,1025.41,NORMAL,0
U00241,TRANSITO,39.7,2.891,80.04,57.8,41.63,3,1,76,73.07,1071.85,NORMAL,0
U02736,SAUDE,49.45,3.092,136.13,18.35,93.11,1,0,39,38.77,1369.19,CRITICO,1
U06349,AGUA,30.48,3.154,142.11,81.52,60.89,0,1,105,73.21,973.85,NORMAL,0
U05927,SAUDE,39.3,1.859,146.1,77.99,60.49,5,0,93,74.11,982.54,URGENTE,1
U06764,SAUDE,36.98,2.637,120.7,29.44,67.46,3,0,43,71.84,1424.74,NORMAL,0
U06407,SAUDE,128.28,3.154,107.81,81.07,37.48,1,1,139,45.97,1329.8,NORMAL,0
U06595,TRANSITO,,2.811,115.23,44.39,63.79,1,0,14,79.64,1265.55,URGENTE,0
U08256,ENERGIA,37.41,2.243,105.36,9.54,52.32,3,0,91,49.75,1295.02,URGENTE,0
U07873,TRANSITO,48.24,3.164,124.93,34.73,60.98,4,0,103,38.57,1116.63,NORMAL,0
U06614,TELECOM,49.58,2.6,160.64,20.55,69.38,6,3,117,43.43,975.61,URGENTE,1
U06585,SAUDE,42.44,1.542,105.76,155.48,56.95,1,1,102,41.91,1155.3,NORMAL,0
U04491,TRANSITO,38.45,2.68,124.75,91.61,80.98,4,0,36,41.66,1489.16,NORMAL,0
U03292,AGUA,38.06,4.044,102.12,54.14,60.86,3,1,39,48.72,1210.43,URGENTE,0
U03165,SAUDE,42.6,1.367,126.94,17.73,74.46,4,1,108,75.36,866.91,NORMAL,0
U01403,TRANSITO,52.05,3.483,143.11,41.64,85.24,3,1,57,65.71,1492.53,NORMAL,0
U03573,SAUDE,31.55,1.86,92.5,14.34,32.64,1,1,10,71.92,985.61,NORMAL,0
U00932,TRANSITO,41.79,3.182,150.08,43.22,71.6,6,0,49,50.21,816.74,NORMAL,0
U07646,SAUDE,42.94,3.757,149.59,66.7,91.49,2,1,15,66.8,1385.93,NORMAL,0
U00225,ENERGIA,49.05,3.418,133.35,166.14,74.16,2,1,32,56.44,1125.83,NORMAL,0
U00501,TELECOM,52.38,4.65,180.18,147.9,96.74,3,0,69,79.44,1319.89,NORMAL,0
U05823,SAUDE,35.2,2.804,154.94,67.0,64.62,3,0,119,81.48,1006.01,NORMAL,0
U06279,SAUDE,42.16,1.762,122.06,69.95,45.31,1,1,136,70.33,671.39,URGENTE,0
U05496,TRANSITO,55.66,2.576,116.59,59.44,74.38,0,0,58,54.57,1222.87,NORMAL,0
U02162,SAUDE,35.35,1.896,106.93,36.87,44.8,3,0,96,72.65,891.22,URGENTE,0
U01312,TELECOM,53.32,0.993,112.73,51.71,73.51,1,2,4,61.27,1492.68,NORMAL,0
U02269,AGUA,38.87,3.264,33.23,93.58,5.44,1,0,24,92.49,963.09,NORMAL,0
U09746,TRANSITO,,3.581,109.95,22.36,57.31,5,2,59,50.03,1319.5,NORMAL,0
U04772,AGUA,36.92,1.818,105.39,8.76,52.64,5,0,69,57.91,1196.35,NORMAL,0
U06752,TRANSITO,,1.519,111.19,176.45,49.94,3,0,112,72.9,831.69,NORMAL,0
U00201,TRANSITO,51.8,2.392,121.07,134.08,64.29,1,0,72,100.0,1101.43,NORMAL,0
U09159,ENERGIA,48.67,4.475,181.02,7.1,90.55,2,0,106,62.31,1247.25,NORMAL,0
U04586,SAUDE,56.0,1.687,92.7,28.63,57.7,2,0,2,89.0,638.08,NORMAL,0
U09564,ENERGIA,43.44,2.599,136.36,61.28,46.97,2,0,120,55.92,721.86,NORMAL,0
U07144,SAUDE,37.4,2.447,88.69,18.82,47.18,0,0,60,63.96,1203.17,NORMAL,0
U04924,ENERGIA,43.62,2.804,70.65,27.69,44.17,3,2,92,72.83,567.2,NORMAL,0
U07545,ENERGIA,49.36,,60.17,86.0,32.27,3,1,79,70.26,751.94,URGENTE,1
U08345,SAUDE,37.19,2.486,100.84,13.85,60.48,4,0,56,63.47,893.26,URGENTE,0
U06526,ENERGIA,40.81,3.603,126.3,9.9,72.19,6,0,23,45.69,694.51,NORMAL,0
U07501,AGUA,55.41,2.246,138.19,12.35,70.4,5,0,97,65.19,1279.26,NORMAL,0
U04587,SAUDE,42.15,2.491,43.3,14.99,33.38,0,2,75,59.99,1099.01,NORMAL,0
U08501,ENERGIA,47.92,2.85,113.98,59.45,42.36,1,0,74,76.0,844.75,CRITICO,1
U04536,TRANSITO,50.13,3.014,120.71,18.0,61.81,1,0,96,55.79,951.51,CRITICO,1
U01975,TELECOM,50.07,3.806,140.39,18.71,64.96,4,1,29,55.09,1024.29,NORMAL,0
U05435,SAUDE,37.42,,100.36,41.6,60.36,6,0,15,63.25,1091.69,NORMAL,0
U05716,SAUDE,39.7,2.577,139.93,41.3,83.33,2,0,40,63.48,1340.89,NORMAL,0
U06481,SAUDE,43.49,8.318,166.97,154.64,81.86,4,1,107,72.34,1179.91,CRITICO,1
U02250,TRANSITO,51.79,2.447,95.71,18.56,49.56,1,0,132,100.0,1017.54,CRITICO,0
U04127,AGUA,28.83,3.163,96.81,7.55,47.78,4,1,120,53.26,1030.56,NORMAL,0
U09035,SAUDE,50.08,2.299,176.57,13.86,81.91,5,0,126,75.0,1271.59,NORMAL,0
U05014,SAUDE,47.25,3.17,150.78,56.38,76.74,6,0,81,75.44,557.6,NORMAL,0
U00209,TELECOM,48.37,2.564,139.16,23.06,67.52,3,0,21,35.47,1122.46,NORMAL,0
U00475,ENERGIA,50.22,2.137,134.63,109.03,67.46,4,2,134,83.09,1129.92,CRITICO,1
U00261,TELECOM,48.43,3.107,117.98,110.55,85.23,4,0,4,60.6,1357.99,NORMAL,0
U05974,TRANSITO,51.62,2.61,141.85,84.35,77.49,3,1,52,41.97,1623.69,NORMAL,0
U07653,TRANSITO,43.15,1.383,169.21,39.62,68.27,5,0,98,48.6,1464.39,NORMAL,0
U04112,TELECOM,32.81,2.025,124.09,,60.23,1,1,125,60.77,1045.12,NORMAL,0
U03609,ENERGIA,43.04,3.235,93.57,93.24,58.05,1,0,81,62.86,1043.15,NORMAL,0
U00620,SAUDE,33.37,3.853,141.93,43.45,58.15,2,1,117,61.65,1003.82,NORMAL,0
U09914,TELECOM,55.41,1.575,145.17,14.82,77.22,3,0,3,65.21,1401.91,NORMAL,0
U07034,ENERGIA,52.4,3.275,141.73,42.78,60.43,4,1,141,57.11,841.58,NORMAL,0
U05120,SAUDE,35.86,2.394,54.56,17.48,47.15,2,0,23,87.56,644.32,NORMAL,0
U08272,TRANSITO,37.11,2.218,122.27,12.76,58.61,1,0,138,61.93,1207.39,NORMAL,0
U06917,ENERGIA,37.05,1.868,109.26,79.81,41.65,2,3,35,60.88,307.19,NORMAL,0
U09580,ENERGIA,45.02,3.167,158.73,48.84,75.47,3,1,133,66.35,822.82,NORMAL,0
U01932,ENERGIA,38.77,1.047,103.87,57.67,34.9,1,0,63,87.69,614.08,NORMAL,0
U03298,TELECOM,37.77,0.54,138.62,65.37,58.14,4,1,137,85.31,919.77,NORMAL,0
U08637,AGUA,43.86,3.558,171.85,7.84,97.63,5,0,6,75.76,1546.35,NORMAL,0
U04414,TRANSITO,40.04,2.587,121.56,61.13,42.98,2,1,122,49.27,734.88,NORMAL,0
U02193,TELECOM,,2.143,105.12,85.62,45.93,1,0,17,66.77,650.55,NORMAL,0
U05378,TRANSITO,119.71,3.285,93.84,30.59,47.71,1,0,38,54.82,784.48,NORMAL,0
U03028,TRANSITO,41.2,2.117,122.76,42.11,67.18,3,0,19,100.0,1329.61,NORMAL,0
U03282,SAUDE,,2.784,128.78,24.13,79.47,2,0,96,51.41,1080.18,NORMAL,0
U07283,AGUA,45.67,1.902,65.42,62.06,54.27,5,0,29,66.6,1269.48,NORMAL,0
U05635,ENERGIA,55.69,,149.49,35.59,82.28,5,1,84,54.7,1394.08,NORMAL,0
U07329,AGUA,48.07,2.556,136.26,76.08,67.69,6,0,79,70.9,1284.19,URGENTE,1
U08712,ENERGIA,42.92,3.448,96.04,66.54,43.53,1,2,95,100.0,799.55,NORMAL,0
U05752,TELECOM,43.31,,157.73,134.43,54.76,2,0,126,53.59,675.36,NORMAL,0
U05060,ENERGIA,55.42,4.466,162.16,96.57,79.74,4,0,96,67.15,1149.44,CRITICO,1
U08460,SAUDE,45.13,4.397,208.64,193.13,100.0,1,1,98,47.47,1556.7,NORMAL,0
U05222,AGUA,39.41,3.241,103.19,17.65,47.33,2,1,51,64.62,544.68,NORMAL,0
U05137,SAUDE,45.4,3.497,100.53,108.99,74.79,2,1,6,68.48,1076.65,NORMAL,0
U03376,SAUDE,140.28,3.185,169.01,177.71,97.98,4,0,26,58.28,1774.78,NORMAL,0
U01201,ENERGIA,39.79,1.755,106.29,68.83,37.27,2,0,129,69.11,559.19,NORMAL,0
U01703,ENERGIA,49.62,4.105,126.67,22.68,73.57,4,1,121,43.37,1132.32,CRITICO,0
U02412,TRANSITO,48.81,2.621,112.89,50.37,69.15,1,1,17,55.58,886.02,URGENTE,0
U04530,TELECOM,44.97,7.536,107.63,,66.96,0,2,7,53.01,885.67,URGENTE,1
U05008,SAUDE,51.11,2.56,115.41,36.57,67.64,2,0,54,77.23,1026.94,NORMAL,0
U07297,SAUDE,51.04,1.758,127.79,44.19,68.34,3,0,63,84.48,1497.27,URGENTE,0
U04999,AGUA,57.8,11.562,149.59,42.33,93.52,7,0,16,68.91,1336.57,URGENTE,1
U08881,TRANSITO,42.84,3.045,99.16,56.6,69.47,5,1,42,43.4,910.12,NORMAL,0
U04563,SAUDE,43.99,1.88,130.37,68.18,42.41,3,2,141,42.62,861.64,NORMAL,0
U01038,SAUDE,33.09,1.966,79.57,16.85,27.02,0,0,81,53.7,928.69,NORMAL,0
U08656,SAUDE,55.32,3.289,119.02,29.92,74.46,3,0,11,82.35,1013.39,CRITICO,1
U05236,ENERGIA,54.26,2.058,119.1,98.08,32.96,2,1,141,31.49,925.29,URGENTE,0
U00973,TRANSITO,44.76,2.492,38.95,50.29,20.28,1,1,47,53.87,316.77,NORMAL,0
U08906,TELECOM,53.43,1.742,116.9,94.33,49.41,3,0,112,68.29,1171.51,NORMAL,0
U09779,SAUDE,44.1,3.849,166.78,37.91,78.19,5,0,110,73.14,1439.95,NORMAL,0
U00007,TELECOM,47.99,2.456,123.72,20.5,85.48,1,1,94,82.32,1203.1,NORMAL,0
U04432,ENERGIA,46.06,2.387,83.98,39.19,32.62,1,0,38,76.08,857.83,NORMAL,0
U06560,ENERGIA,51.95,3.015,119.38,25.42,84.06,5,1,73,81.9,1427.82,NORMAL,0
U09552,TRANSITO,46.85,1.475,121.28,103.96,68.8,1,0,143,53.43,1336.23,NORMAL,0
U05030,AGUA,35.29,3.41,139.88,51.28,65.91,2,0,103,55.84,919.18,NORMAL,0
U03348,AGUA,43.88,1.619,136.45,40.95,68.04,6,1,21,56.8,1085.26,NORMAL,0
U00513,TELECOM,41.52,3.268,162.55,44.24,83.69,4,0,91,78.15,1421.05,URGENTE,1
U04477,AGUA,49.33,4.494,150.55,6.5,100.0,10,1,4,80.79,1654.99,NORMAL,0
U01712,ENERGIA,46.93,3.657,141.26,20.3,77.46,3,0,104,44.18,928.64,NORMAL,0
U04072,SAUDE,39.42,2.719,58.0,27.55,23.09,1,2,25,56.21,402.98,NORMAL,0
U04277,AGUA,42.06,4.995,154.06,85.97,73.07,4,0,121,83.24,975.7,NORMAL,0
U02680,TELECOM,48.01,3.173,155.88,,99.06,5,0,133,80.1,1440.53,NORMAL,0
U07069,SAUDE,38.34,2.079,131.86,126.27,51.29,1,2,70,56.44,1024.46,NORMAL,0
U04849,TRANSITO,,3.444,136.72,16.99,89.22,2,0,43,61.36,1376.99,NORMAL,0
U05021,AGUA,33.09,2.208,137.65,50.79,60.49,4,0,35,45.41,1208.47,NORMAL,0
U03356,AGUA,42.58,3.469,178.12,54.94,97.7,2,1,124,73.18,1413.36,NORMAL,0
U09928,ENERGIA,46.46,2.674,108.34,62.23,55.62,7,0,97,51.15,1126.59,URGENTE,0
U01725,SAUDE,145.23,2.671,93.79,103.47,38.8,2,2,124,95.63,1115.42,CRITICO,1
U00763,ENERGIA,44.07,2.799,106.25,37.59,54.24,5,2,47,72.85,1011.95,URGENTE,1
U05484,TRANSITO,50.96,3.828,90.68,41.74,56.11,2,1,70,42.85,828.2,CRITICO,1
U09572,ENERGIA,45.24,4.506,91.81,37.6,56.31,5,2,82,53.85,1249.17,NORMAL,0
U06042,TELECOM,50.26,,158.56,45.22,74.31,3,0,65,73.79,1251.53,NORMAL,0
U09820,TRANSITO,50.75,3.562,151.85,12.78,79.96,4,0,138,45.3,1317.49,NORMAL,1
U01180,ENERGIA,50.27,3.586,135.37,21.89,86.18,5,0,17,66.82,1692.39,NORMAL,0
U08258,SAUDE,39.43,1.684,70.36,35.77,53.36,3,2,83,53.91,1091.04,NORMAL,0
U08277,TELECOM,52.3,2.506,148.42,137.14,82.18,1,1,11,54.3,1413.59,NORMAL,1
U02767,SAUDE,49.83,2.608,127.76,77.2,67.24,1,0,77,83.8,973.03,NORMAL,0
U02370,ENERGIA,51.8,3.638,106.91,113.74,64.66,2,0,11,90.68,890.57,NORMAL,0
U06654,TELECOM,47.52,2.531,133.67,38.53,59.86,2,1,77,65.41,1371.04,NORMAL,0
U03335,AGUA,40.21,7.279,69.4,64.31,35.53,2,1,76,69.08,698.01,CRITICO,1
U01565,SAUDE,39.8,3.14,122.83,65.52,50.6,2,0,51,76.97,952.79,NORMAL,0
U01534,SAUDE,37.06,3.498,137.76,69.16,84.89,3,0,43,42.38,1195.61,NORMAL,0
U09853,AGUA,37.3,2.608,145.27,102.91,78.79,2,0,24,63.78,1117.37,NORMAL,0
U07924,TELECOM,47.55,2.11,91.14,24.18,35.83,4,0,139,70.31,988.88,NORMAL,0
U00278,SAUDE,57.06,2.824,147.57,47.54,93.55,2,1,111,59.25,1480.43,URGENTE,0
U04849,TRANSITO,,3.444,136.72,16.99,89.22,2,0,43,61.36,1376.99,NORMAL,0
U04293,AGUA,40.32,3.19,60.56,24.79,18.23,2,1,35,63.69,748.17,NORMAL,0
U07360,SAUDE,42.21,2.786,136.53,,94.24,5,1,32,80.17,1026.08,NORMAL,0
U06959,SAUDE,46.4,3.018,145.59,64.82,63.22,1,0,33,67.32,765.12,NORMAL,0
U06569,ENERGIA,47.77,3.274,121.97,69.1,47.59,3,0,71,62.5,833.36,NORMAL,0
U09707,AGUA,44.63,3.879,141.65,28.13,87.52,4,1,2,62.79,1110.46,NORMAL,0
U00710,ENERGIA,53.63,3.317,98.15,19.52,53.91,2,1,101,44.81,1067.63,NORMAL,0
U00231,SAUDE,48.97,3.595,140.44,25.76,57.65,3,0,126,56.36,1051.45,CRITICO,0
U09259,AGUA,48.27,3.586,148.12,89.2,73.58,3,0,112,83.02,1435.51,NORMAL,0
U00567,TELECOM,42.83,2.375,138.17,17.3,61.01,3,0,102,67.93,1180.82,NORMAL,0
U04718,ENERGIA,39.3,2.555,109.45,16.26,50.91,4,0,109,54.37,934.45,NORMAL,0
U05192,ENERGIA,49.65,2.835,138.42,29.8,55.54,1,0,52,69.18,969.56,NORMAL,0
U03524,SAUDE,46.17,3.42,169.57,15.24,100.0,5,2,15,61.25,1413.94,NORMAL,0
U08301,ENERGIA,48.49,3.627,97.78,26.35,49.29,3,0,33,80.02,821.86,NORMAL,0
U01559,TRANSITO,,3.175,99.91,51.69,61.03,3,0,7,70.06,997.93,NORMAL,0
U08867,TRANSITO,,2.581,102.69,136.76,55.75,2,0,123,73.46,657.16,NORMAL,0
U06749,TELECOM,58.78,3.016,162.11,37.18,99.35,5,1,92,71.91,1136.06,URGENTE,1
U05315,ENERGIA,54.58,,144.08,23.78,78.15,5,0,82,58.04,1132.96,NORMAL,0
U00079,SAUDE,37.71,2.206,109.3,92.79,48.45,2,1,99,62.22,1162.41,NORMAL,0
U02480,ENERGIA,47.87,3.081,93.92,8.22,72.7,1,2,36,43.65,972.88,NORMAL,0
U01042,AGUA,25.78,3.172,73.48,22.53,24.78,2,0,85,29.89,553.68,NORMAL,0
U08532,SAUDE,42.2,2.106,136.8,77.69,85.12,2,0,120,82.44,1751.5,NORMAL,0
U05179,ENERGIA,50.38,3.626,113.24,25.04,61.17,1,1,11,88.49,1363.25,NORMAL,0
U00525,ENERGIA,46.92,2.539,65.66,,36.55,4,2,66,76.62,838.0,NORMAL,0
U05488,ENERGIA,49.42,3.197,159.18,35.96,76.63,2,0,119,61.95,972.7,NORMAL,0
U00977,TELECOM,52.37,2.781,142.5,34.15,70.04,2,3,137,71.45,964.9,NORMAL,0
U00738,AGUA,33.1,1.973,76.73,40.12,43.9,2,0,7,69.66,1290.84,NORMAL,0
U06012,AGUA,52.49,3.303,189.92,25.2,100.0,2,0,61,92.49,1050.48,NORMAL,0
U07218,SAUDE,39.69,4.441,121.06,23.03,75.93,6,0,12,74.14,1306.25,NORMAL,0
U08884,TELECOM,52.68,1.815,124.38,54.58,79.51,1,0,32,90.28,1065.65,NORMAL,0
U05508,TELECOM,51.29,3.533,170.38,143.68,80.46,0,0,68,41.51,1299.8,NORMAL,0
U08348,AGUA,35.7,2.19,171.08,14.99,54.94,6,1,107,89.96,897.58,NORMAL,0
U01866,TRANSITO,38.38,2.244,99.8,42.15,73.28,4,2,19,88.61,1305.22,NORMAL,0
U05078,TELECOM,43.8,2.027,137.61,90.77,84.66,4,0,139,51.64,1455.69,NORMAL,0
U04475,TELECOM,53.7,3.084,114.6,88.12,55.84,6,1,75,57.14,1167.8,NORMAL,0
U04482,ENERGIA,41.02,2.451,89.96,26.65,62.22,6,0,24,20.89,946.59,NORMAL,0
U07625,ENERGIA,53.94,2.146,101.4,20.22,67.29,1,1,20,69.16,904.21,NORMAL,0
U08383,SAUDE,53.63,1.316,129.34,23.17,74.5,1,1,120,74.59,1731.92,NORMAL,0
U09893,TELECOM,50.35,3.219,120.0,34.07,70.54,3,0,11,68.79,1283.38,NORMAL,0
U03972,AGUA,48.57,3.751,69.31,22.73,61.6,5,0,99,58.4,565.76,NORMAL,0
U00830,ENERGIA,46.37,3.243,104.38,30.51,62.06,4,1,38,48.12,1486.97,NORMAL,0
U06797,SAUDE,37.61,3.601,149.46,8.64,62.6,1,2,77,48.26,1109.74,NORMAL,0
U04716,SAUDE,34.97,1.465,153.31,7.46,75.64,4,1,128,55.79,1094.57,NORMAL,0
U03108,ENERGIA,50.02,2.658,98.38,35.47,58.88,3,1,80,54.68,1327.25,NORMAL,0
U04294,TELECOM,55.69,1.975,91.73,50.2,35.53,3,1,89,83.1,885.39,NORMAL,0
U05825,TELECOM,43.71,1.512,102.53,52.04,51.33,1,0,2,35.84,1304.29,NORMAL,0
U09920,TELECOM,48.17,3.023,114.51,133.09,72.09,6,1,2,81.72,1055.42,NORMAL,0
U04136,SAUDE,52.42,3.812,175.35,28.9,87.46,5,0,21,46.79,1285.26,CRITICO,1
U03271,AGUA,,3.117,83.24,15.13,63.22,5,2,55,72.22,1104.31,NORMAL,0
U02108,ENERGIA,50.01,1.963,139.46,17.54,64.18,1,0,93,48.7,1068.54,NORMAL,0
U05985,ENERGIA,36.22,10.127,135.52,76.66,67.75,2,0,79,62.15,877.96,URGENTE,1
U02886,ENERGIA,,2.704,125.16,11.79,64.56,4,2,101,79.71,1200.51,NORMAL,0
U06707,TRANSITO,48.17,2.413,160.14,81.88,90.19,3,0,90,48.18,1236.26,NORMAL,0
U02625,ENERGIA,40.33,2.001,132.83,141.6,63.7,3,0,57,66.0,1159.89,NORMAL,0
U00780,TELECOM,51.01,2.307,131.15,59.23,95.66,7,0,22,34.63,1468.41,NORMAL,0
U05757,ENERGIA,35.85,2.891,107.37,18.65,56.53,0,0,94,86.24,1281.48,NORMAL,0
U05173,ENERGIA,46.06,3.206,161.39,35.88,76.96,2,0,100,73.37,1342.63,CRITICO,1
U03565,AGUA,41.28,3.746,120.52,,83.92,5,0,33,48.89,761.31,NORMAL,0
U04657,SAUDE,39.92,2.161,128.06,34.59,73.8,3,0,13,54.98,1324.39,NORMAL,0
U07640,AGUA,50.59,3.007,186.29,28.26,75.48,5,1,133,45.25,974.43,NORMAL,0
U07335,ENERGIA,46.57,2.77,112.52,13.86,36.96,3,2,56,80.6,985.13,NORMAL,0
U04109,SAUDE,37.82,1.731,116.72,26.94,64.69,1,0,66,78.68,1381.44,URGENTE,0
U06248,TRANSITO,145.73,2.745,150.05,43.5,86.01,2,0,78,50.95,1220.9,NORMAL,0
U01243,TELECOM,129.77,,112.89,61.95,72.39,4,2,26,72.97,1286.83,URGENTE,0
U04699,ENERGIA,51.83,2.565,129.81,53.67,66.17,3,1,113,85.42,946.09,URGENTE,0
U06484,AGUA,34.72,2.072,125.43,33.99,69.11,4,0,48,52.05,1174.28,NORMAL,0
U03647,ENERGIA,45.24,3.844,115.15,13.66,61.51,7,1,80,51.19,1401.4,NORMAL,0
U04756,TRANSITO,,2.545,156.28,89.06,81.64,5,1,110,51.02,1508.69,NORMAL,0
U05973,TRANSITO,49.11,3.597,135.03,45.75,75.78,4,0,96,51.65,1404.08,NORMAL,0
U02134,ENERGIA,,2.108,131.41,13.57,59.05,2,0,138,89.85,979.54,NORMAL,0
U08214,AGUA,48.44,3.624,96.51,48.09,55.91,4,1,28,96.21,1051.29,NORMAL,0
U04130,AGUA,46.43,2.954,139.29,94.47,73.14,5,1,89,59.0,1527.71,NORMAL,0
U00097,AGUA,41.66,3.774,148.53,71.18,70.09,3,0,118,68.67,958.22,NORMAL,0
U09194,AGUA,51.19,4.324,136.98,14.98,81.27,2,1,68,68.91,1199.85,NORMAL,0
U09413,SAUDE,37.36,2.107,108.22,75.84,60.4,4,0,142,68.2,1458.12,NORMAL,0
U08315,ENERGIA,50.98,1.884,109.98,80.65,50.35,3,0,93,55.54,752.95,NORMAL,0
U07440,ENERGIA,55.19,2.451,141.46,9.07,77.88,0,0,41,62.92,1155.17,NORMAL,0
U02582,SAUDE,36.23,4.277,110.27,122.92,66.05,0,0,44,49.98,1162.53,NORMAL,0
U06485,TELECOM,48.01,2.349,144.23,115.34,65.54,3,0,10,56.0,1011.65,NORMAL,0
U01898,ENERGIA,43.06,2.132,113.57,,51.52,3,2,79,92.86,640.12,NORMAL,0
U00962,ENERGIA,48.36,3.058,53.81,94.32,50.26,1,1,38,64.05,876.46,NORMAL,0
U05345,TRANSITO,40.5,2.691,105.12,27.63,82.35,2,0,110,66.27,1387.25,NORMAL,0
U02727,AGUA,,2.543,155.5,96.37,87.1,1,0,71,46.48,1429.63,NORMAL,0
U04954,SAUDE,38.58,2.276,96.68,3.99,60.13,0,1,45,57.53,1033.73,NORMAL,0
U03208,SAUDE,42.84,2.518,118.82,97.8,54.76,3,1,18,51.65,651.7,NORMAL,0
U05219,SAUDE,36.49,1.664,79.15,34.93,38.31,3,1,39,79.8,692.02,NORMAL,0
U09942,ENERGIA,45.3,2.629,99.9,109.28,48.36,3,0,129,77.2,749.5,NORMAL,0
U01487,SAUDE,41.1,3.105,91.91,35.71,56.9,2,0,17,55.69,1083.94,NORMAL,0
U09021,AGUA,,2.611,113.17,34.0,45.8,2,0,101,50.68,1189.62,NORMAL,0
U03842,ENERGIA,45.96,2.308,102.5,32.83,42.66,1,2,106,84.09,611.73,NORMAL,0
U07553,SAUDE,46.96,2.5,169.39,81.4,75.49,3,0,49,62.55,1206.73,URGENTE,1
U02760,ENERGIA,50.39,3.029,104.08,29.29,71.88,6,2,74,63.12,1385.05,URGENTE,1
U05836,ENERGIA,45.04,4.655,116.48,23.4,57.31,2,1,77,52.84,832.66,NORMAL,0
U04728,SAUDE,31.14,4.346,90.18,21.71,41.36,5,1,101,53.37,685.41,URGENTE,0
U03214,ENERGIA,53.36,1.601,105.01,91.29,54.07,3,1,110,88.35,768.3,NORMAL,0
U01486,SAUDE,46.36,1.702,154.01,90.67,90.61,2,1,52,80.33,1123.21,NORMAL,0
U04791,ENERGIA,50.84,3.752,106.38,24.82,57.57,4,3,29,71.52,1091.16,NORMAL,0
U07836,ENERGIA,56.33,2.289,143.3,88.65,72.53,2,0,68,75.22,1231.03,NORMAL,0
U07760,ENERGIA,,3.42,85.53,40.91,60.17,5,1,132,66.23,940.52,NORMAL,0
U09482,ENERGIA,63.56,3.783,190.87,47.65,82.68,0,0,9,36.75,1208.24,NORMAL,0
U08517,SAUDE,46.61,2.798,98.89,25.8,43.36,3,1,109,44.3,926.98,NORMAL,0
U02488,SAUDE,37.6,2.393,130.33,62.07,53.18,3,0,140,65.42,622.2,NORMAL,0
U05209,TELECOM,52.51,3.247,136.72,73.01,51.05,0,0,46,60.98,863.01,URGENTE,0
U07369,ENERGIA,45.91,3.578,112.82,52.62,61.63,5,1,12,63.32,1305.0,NORMAL,0
U04501,TELECOM,47.08,9.354,94.57,29.86,59.08,4,0,60,81.29,805.24,URGENTE,1
U07370,SAUDE,39.5,1.517,104.11,,60.84,3,2,47,78.7,763.39,NORMAL,0
U03073,SAUDE,,,104.7,48.17,53.09,2,0,93,37.24,941.03,NORMAL,0
U04420,SAUDE,47.33,2.176,91.03,87.34,40.87,3,3,82,75.86,723.73,NORMAL,0
U07555,SAUDE,29.21,1.19,105.85,16.51,43.82,0,2,48,70.67,947.42,URGENTE,0
U09584,TELECOM,53.62,3.709,140.23,48.34,65.05,6,1,120,37.64,537.28,NORMAL,0
U05854,SAUDE,49.48,2.016,125.87,14.93,79.77,4,0,50,59.05,1400.96,NORMAL,0
U01096,ENERGIA,55.22,3.729,169.11,38.41,73.88,5,0,66,100.0,1403.48,CRITICO,1
U01839,AGUA,44.19,1.917,110.08,23.27,50.04,4,0,26,46.81,1229.46,NORMAL,0
U08876,TELECOM,51.33,0.643,116.53,37.85,44.74,0,2,120,51.21,921.69,NORMAL,0
U07537,AGUA,35.95,2.332,83.54,32.01,57.19,1,0,103,70.9,1119.09,NORMAL,0
U07294,SAUDE,43.92,1.645,132.88,31.26,49.33,2,2,103,66.58,1102.33,NORMAL,0
U05873,AGUA,22.89,4.516,75.17,8.5,56.61,1,0,2,66.43,854.94,URGENTE,0
U02065,TRANSITO,59.79,2.438,150.14,20.64,80.3,2,2,143,68.6,1452.66,NORMAL,0
U09485,ENERGIA,49.71,3.982,179.95,41.9,77.07,3,1,137,65.32,1380.57,URGENTE,1
U08397,AGUA,35.72,3.802,108.85,24.55,83.86,10,0,5,68.05,968.96,NORMAL,0
U02912,TRANSITO,49.26,2.637,77.91,15.35,71.39,6,2,13,53.98,1171.16,NORMAL,0
U00095,AGUA,38.16,2.24,121.57,,48.92,4,0,120,76.26,892.57,NORMAL,0
U02428,TRANSITO,44.4,2.849,131.83,58.9,59.71,1,0,124,65.65,888.49,NORMAL,0
U06881,TELECOM,49.63,3.645,132.33,29.2,85.81,2,0,3,66.67,1262.23,NORMAL,0
U03943,TELECOM,47.28,3.125,68.05,106.9,28.59,2,0,81,58.52,531.38,NORMAL,0
U01341,ENERGIA,44.94,1.736,96.58,95.91,41.69,5,0,45,44.7,898.24,NORMAL,0
U03435,TELECOM,52.27,1.265,91.1,60.53,61.23,5,2,12,58.74,1019.63,NORMAL,0
U01121,AGUA,39.5,2.184,121.06,92.49,58.38,1,1,104,47.79,1286.05,URGENTE,0
U04452,SAUDE,34.86,1.754,79.81,17.84,32.85,2,0,25,47.99,601.55,NORMAL,0
U07930,ENERGIA,50.72,3.872,140.46,12.38,79.48,2,0,130,86.38,1053.52,NORMAL,0
U02179,ENERGIA,46.14,2.597,115.58,36.88,59.36,3,1,120,72.63,880.51,NORMAL,0
U02537,ENERGIA,36.72,3.671,128.51,15.16,63.9,2,0,97,66.34,915.54,NORMAL,0
U05593,TRANSITO,42.13,1.178,87.69,181.34,45.21,5,1,79,33.97,1082.75,NORMAL,0
U02755,ENERGIA,43.79,2.307,136.6,48.1,65.4,4,1,9,93.61,1191.61,NORMAL,0
U00282,SAUDE,45.04,2.683,104.53,32.77,63.31,5,2,11,57.94,921.23,CRITICO,0
U00612,SAUDE,32.76,3.676,166.78,18.96,74.52,1,0,136,81.44,1544.56,NORMAL,0
U01890,TRANSITO,52.01,2.651,137.34,36.08,81.92,0,1,68,92.94,1316.68,URGENTE,0
U06768,AGUA,41.36,2.539,110.17,52.04,65.65,2,0,65,52.95,1257.24,NORMAL,0
U09051,ENERGIA,52.44,3.226,47.12,22.14,29.57,0,0,21,60.26,534.34,NORMAL,0
U08968,TELECOM,56.59,3.302,162.51,,58.46,5,0,88,81.28,1194.73,NORMAL,0
U00723,TELECOM,,1.67,115.01,21.21,49.5,5,2,2,66.21,1051.48,NORMAL,0
U08925,ENERGIA,50.05,3.197,105.0,40.99,41.74,1,0,117,76.8,1097.76,NORMAL,0
U08331,TRANSITO,47.15,3.518,69.58,5.61,53.28,1,0,14,69.38,1002.74,CRITICO,1
U04342,AGUA,39.08,1.421,127.49,,69.57,2,0,40,72.53,1543.63,NORMAL,0
U07115,SAUDE,44.83,3.407,99.73,133.53,65.66,6,1,98,68.37,1200.91,NORMAL,0
U02154,ENERGIA,44.29,3.261,115.22,89.46,79.08,3,1,45,52.28,933.33,NORMAL,0
U04746,SAUDE,43.63,10.182,112.26,51.13,87.67,6,0,16,72.61,1671.37,CRITICO,1
U01989,SAUDE,48.67,2.457,121.46,,80.64,2,0,100,84.83,824.84,NORMAL,0
U08061,SAUDE,45.55,2.866,126.67,94.06,59.63,1,1,19,45.88,1065.29,NORMAL,0
U07262,AGUA,36.64,2.309,87.47,49.76,49.42,1,0,93,67.89,792.63,NORMAL,0
U02272,TELECOM,54.38,3.981,156.79,117.82,81.39,2,0,33,52.16,1391.57,CRITICO,1
U09714,TELECOM,53.84,1.487,111.47,70.3,64.2,2,1,89,56.56,1281.39,URGENTE,0
U07134,ENERGIA,51.13,4.572,103.58,110.76,45.33,3,1,107,72.7,1085.08,NORMAL,0
U02131,TELECOM,50.42,2.648,133.76,101.45,72.16,1,0,51,57.37,1870.17,NORMAL,0
U01403,TRANSITO,52.05,3.483,143.11,41.64,85.24,3,1,57,65.71,1492.53,NORMAL,0
U08210,TRANSITO,46.36,2.57,134.89,32.74,64.25,4,0,135,56.71,1244.07,URGENTE,0
U05040,TRANSITO,40.59,2.274,168.99,44.66,62.88,2,1,135,76.74,1391.89,NORMAL,0
U03351,TRANSITO,45.46,2.69,71.65,44.05,55.64,1,2,55,61.96,1323.27,NORMAL,0
U00772,TRANSITO,48.3,1.827,129.49,83.07,65.15,2,0,68,86.83,1047.01,NORMAL,0
U02585,ENERGIA,51.64,3.41,115.42,58.7,70.63,3,1,44,75.5,1185.36,NORMAL,0
U08721,TRANSITO,51.57,2.965,193.59,12.4,84.01,4,0,129,74.74,1258.66,NORMAL,0
U07972,SAUDE,45.67,3.07,100.42,20.86,77.37,2,1,104,59.89,946.79,NORMAL,0
U08583,AGUA,35.88,1.751,80.42,98.41,54.13,4,0,17,60.27,845.65,NORMAL,0
U05264,TELECOM,48.16,1.782,110.18,41.25,70.68,3,1,3,57.9,1154.56,NORMAL,0
U00605,TRANSITO,44.07,2.568,120.4,17.12,77.07,7,2,11,44.44,1310.15,NORMAL,0
U06362,SAUDE,37.63,1.588,103.9,84.51,64.57,1,0,18,78.89,1156.8,NORMAL,0
U02769,ENERGIA,54.97,4.508,168.53,28.98,93.72,4,0,55,67.77,1608.16,CRITICO,1
U07538,SAUDE,43.46,2.608,80.15,27.92,64.38,2,0,7,58.93,1010.31,NORMAL,0
U07421,AGUA,35.35,,93.28,175.14,41.99,2,1,121,61.54,1131.88,NORMAL,0
U01632,SAUDE,41.11,3.134,92.78,37.71,49.01,2,0,72,73.1,704.35,NORMAL,0
U00507,ENERGIA,44.18,3.204,86.94,81.3,45.86,1,2,16,76.97,812.02,NORMAL,0
U09549,TELECOM,54.44,1.327,138.07,83.46,64.45,1,1,87,59.66,1516.32,NORMAL,0
U07962,AGUA,44.63,3.889,98.54,,58.48,0,0,35,67.81,564.0,NORMAL,0
U09135,ENERGIA,178.51,3.0,146.21,56.08,67.84,1,1,144,67.94,1141.33,NORMAL,0
U05788,SAUDE,36.53,1.874,94.32,25.01,41.14,0,0,95,41.17,387.9,NORMAL,0
U01457,ENERGIA,59.76,3.97,199.04,52.82,95.36,5,1,109,47.45,999.87,NORMAL,0
U07205,AGUA,,3.495,102.34,54.6,41.32,0,0,110,57.6,388.97,NORMAL,0
U07814,SAUDE,38.75,1.947,122.16,129.03,71.74,6,1,84,75.87,1482.8,NORMAL,0
U07255,AGUA,42.23,8.961,127.44,23.64,89.6,3,1,42,35.01,1514.63,URGENTE,1
U00920,TRANSITO,61.71,3.41,142.12,31.83,82.95,4,1,25,81.63,1237.21,NORMAL,0
U02730,ENERGIA,45.8,2.913,107.72,54.06,57.33,4,0,109,58.7,640.76,URGENTE,0
U05252,ENERGIA,45.79,3.031,152.83,11.28,71.2,6,1,13,61.86,682.1,NORMAL,0
U00079,SAUDE,37.71,2.206,109.3,92.79,48.45,2,1,99,62.22,1162.41,NORMAL,0
U01485,ENERGIA,54.8,,120.71,27.02,55.05,3,1,81,63.64,1177.18,CRITICO,1
U09519,TELECOM,48.15,3.002,57.56,,44.3,2,1,8,70.69,804.07,URGENTE,1
U01017,AGUA,37.62,2.205,88.39,123.98,37.89,5,1,109,31.18,937.31,NORMAL,0
U00377,TELECOM,54.03,3.131,126.47,58.99,81.84,3,0,57,88.77,1558.91,NORMAL,0
U02980,TRANSITO,41.69,1.686,108.08,50.17,50.55,2,1,74,61.08,1199.33,URGENTE,0
U08680,AGUA,39.08,3.984,112.7,51.74,82.54,4,1,4,55.12,1206.06,NORMAL,0
U06155,AGUA,36.21,2.797,148.31,9.54,83.93,1,1,59,58.84,1203.35,NORMAL,0
U04963,TRANSITO,48.56,1.179,172.31,19.57,95.3,4,0,121,77.34,2143.51,NORMAL,0
U08610,SAUDE,34.96,2.344,157.35,133.13,69.46,3,0,106,83.38,989.0,NORMAL,0
U04663,TRANSITO,51.52,1.918,89.64,46.56,51.57,1,1,23,57.32,871.93,NORMAL,0
U07603,SAUDE,36.83,2.135,108.05,101.37,49.57,2,1,118,63.08,1009.49,NORMAL,0
U05440,ENERGIA,61.48,3.251,157.02,108.03,85.29,1,0,118,93.51,953.9,NORMAL,0
U03413,SAUDE,38.51,0.947,112.66,60.82,40.0,4,0,125,67.69,657.71,NORMAL,0
U07559,AGUA,58.86,2.999,94.11,24.19,72.47,3,1,2,35.48,1075.13,NORMAL,0
U08227,TELECOM,52.53,,147.93,40.97,83.21,3,1,91,57.2,1328.63,NORMAL,1
U00405,SAUDE,40.71,2.9,136.28,11.91,74.63,2,0,48,60.77,1082.0,NORMAL,0
U01801,TRANSITO,53.22,1.485,148.29,66.53,63.97,3,2,139,50.54,1582.02,NORMAL,0
U06421,SAUDE,158.5,2.007,107.38,46.44,60.63,3,0,31,68.22,1040.32,NORMAL,0
U02310,ENERGIA,59.71,3.661,123.07,20.76,52.92,2,1,139,49.35,950.35,NORMAL,0
U01602,SAUDE,53.15,2.352,110.95,109.1,65.53,1,2,108,78.3,1049.95,NORMAL,1
U01339,SAUDE,35.03,2.123,69.72,178.66,37.6,1,1,140,84.02,663.9,NORMAL,0
U05198,AGUA,40.18,2.384,79.38,107.5,26.08,0,0,34,57.61,699.27,NORMAL,0
U04202,AGUA,52.68,2.078,141.08,67.5,62.36,4,0,59,65.24,1177.33,NORMAL,0
U01598,SAUDE,40.78,1.303,101.6,,59.05,2,1,43,75.01,624.39,NORMAL,0
U05814,TELECOM,50.34,3.721,125.61,77.02,47.01,1,0,111,55.57,1205.24,NORMAL,0
U04261,SAUDE,39.19,2.341,106.67,38.59,64.31,0,0,17,47.55,1131.84,NORMAL,0
U03488,AGUA,39.23,3.504,71.67,,58.63,4,3,20,85.61,900.22,NORMAL,0
U07245,TELECOM,54.66,1.837,111.11,69.72,54.97,3,0,75,56.09,619.68,URGENTE,0
U07671,TRANSITO,52.29,0.953,104.56,23.75,44.34,2,1,140,51.13,948.54,NORMAL,0
U03276,AGUA,34.17,2.827,104.44,59.61,53.78,3,1,82,53.48,901.67,CRITICO,0
U06017,TRANSITO,,2.289,117.24,36.71,51.77,3,1,95,74.42,1045.88,NORMAL,0
U00135,SAUDE,39.51,2.911,168.43,112.03,72.59,3,0,134,47.2,1168.63,NORMAL,0
U01810,SAUDE,43.81,2.353,131.47,44.98,43.14,3,0,98,77.52,1260.29,NORMAL,0
U07890,AGUA,33.08,2.894,122.67,27.36,59.48,2,0,117,42.41,1062.46,NORMAL,0
U02365,SAUDE,36.11,0.959,82.01,126.35,36.3,0,0,128,62.26,819.19,NORMAL,0
U01085,SAUDE,40.48,1.688,103.01,75.19,41.39,1,0,119,72.91,912.28,CRITICO,0
U01982,SAUDE,36.5,0.71,111.81,24.65,40.76,1,1,107,61.87,1058.91,NORMAL,0
U02548,ENERGIA,38.44,2.987,96.34,33.52,47.55,0,1,129,62.11,681.44,NORMAL,0
U06423,SAUDE,47.02,3.008,154.32,44.07,81.55,2,1,99,36.78,1404.41,NORMAL,0
U00602,TRANSITO,46.42,2.281,107.17,68.78,57.73,3,1,136,82.92,951.55,NORMAL,0
U08199,TRANSITO,,3.234,121.04,51.62,65.96,2,0,104,51.35,1232.65,NORMAL,0
U06891,TRANSITO,52.81,1.325,120.95,29.27,100.0,4,2,32,63.96,1410.67,URGENTE,1
U08962,TELECOM,52.44,2.263,101.71,44.56,37.45,5,1,118,58.51,860.38,NORMAL,0
U00268,SAUDE,44.3,0.612,120.15,76.67,56.67,5,0,48,63.56,859.5,NORMAL,0
U04164,ENERGIA,154.59,4.424,162.49,31.58,77.37,2,0,85,83.2,1268.54,URGENTE,1
U01234,TRANSITO,52.46,1.597,105.55,36.92,63.89,0,0,32,38.66,1476.35,NORMAL,0
U09870,TELECOM,51.36,2.547,70.8,12.01,43.41,2,0,23,59.68,1024.85,NORMAL,0
U07544,SAUDE,47.91,1.825,139.67,78.7,90.76,5,1,11,35.5,1131.41,NORMAL,0
U07051,SAUDE,37.44,1.511,129.3,52.58,65.63,5,0,107,15.0,815.46,NORMAL,0
U05612,SAUDE,46.97,2.568,121.34,23.41,47.85,5,2,101,67.75,1293.33,NORMAL,0
U06610,ENERGIA,37.8,3.071,87.81,43.0,49.95,0,0,78,61.48,719.66,CRITICO,0
U07339,ENERGIA,44.77,,130.77,34.34,64.38,1,1,95,74.78,992.6,NORMAL,0
U06001,ENERGIA,43.76,2.613,63.51,15.15,40.7,0,0,23,43.47,834.96,NORMAL,0
U00324,TRANSITO,50.31,3.465,118.21,8.03,59.24,8,1,107,31.84,1081.32,NORMAL,0
U05891,ENERGIA,55.87,3.949,90.3,68.32,65.12,4,0,18,84.14,1066.77,NORMAL,0
U08399,ENERGIA,46.18,4.179,121.12,134.91,71.74,2,3,12,83.64,802.85,NORMAL,0
U05129,SAUDE,39.94,2.249,179.15,8.99,63.38,2,0,74,60.02,1347.52,NORMAL,0
U03290,SAUDE,42.18,3.444,141.73,6.17,51.85,0,0,68,66.36,923.64,NORMAL,0
U01017,AGUA,37.62,2.205,88.39,123.98,37.89,5,1,109,31.18,937.31,NORMAL,0
U07210,TELECOM,48.27,2.333,72.38,,58.65,3,2,78,88.21,685.83,NORMAL,0
U07946,ENERGIA,49.79,3.817,89.13,76.1,44.61,0,0,112,63.42,723.45,URGENTE,1
U07111,TRANSITO,179.32,2.435,146.42,19.21,76.96,2,0,70,48.37,976.81,NORMAL,0
U06603,SAUDE,33.86,1.767,89.65,109.98,47.99,4,0,67,38.15,842.01,NORMAL,0
U09966,SAUDE,37.04,,119.24,21.95,80.85,4,0,50,49.71,866.55,CRITICO,1
U00303,SAUDE,42.45,4.566,137.06,10.49,69.28,1,0,71,61.12,1371.23,NORMAL,0
U07823,ENERGIA,51.42,2.07,118.97,94.19,66.99,1,1,116,59.63,1117.67,NORMAL,0
U02786,ENERGIA,41.24,3.361,104.76,32.72,46.17,7,1,127,35.83,570.47,NORMAL,0
U06166,ENERGIA,,3.614,111.38,24.38,73.82,1,0,52,57.46,1149.66,NORMAL,0
U04783,SAUDE,37.17,0.373,121.53,35.6,45.71,1,0,142,79.25,645.35,NORMAL,0
U04810,SAUDE,32.46,2.26,123.2,97.12,61.12,2,0,60,54.32,1070.56,NORMAL,0
U09191,AGUA,47.37,2.558,113.21,51.95,62.43,1,2,130,62.72,1298.57,URGENTE,0
U05724,ENERGIA,48.36,11.16,144.57,25.07,84.84,3,0,37,90.32,1199.29,URGENTE,1
U05130,TELECOM,54.51,3.425,155.32,84.01,94.76,2,2,79,89.48,1217.16,NORMAL,0
U05862,AGUA,33.13,3.173,84.04,42.4,57.71,1,0,103,56.69,1143.45,NORMAL,0
U05968,ENERGIA,48.91,3.044,92.27,82.97,67.78,3,0,16,80.4,1014.2,NORMAL,0
U06308,SAUDE,37.95,1.7,107.39,62.25,58.3,2,0,72,57.56,905.56,NORMAL,0
U09970,TELECOM,52.79,0.19,88.72,36.06,49.43,4,0,46,60.98,1106.81,NORMAL,0
U01315,AGUA,38.41,2.648,101.94,45.65,32.16,3,1,143,62.72,978.49,NORMAL,0
U05143,TELECOM,43.62,1.783,71.89,48.51,39.92,1,1,92,31.36,951.05,NORMAL,0
U05001,TRANSITO,34.88,2.205,76.13,28.56,36.37,2,0,113,51.4,919.73,NORMAL,0
U06393,AGUA,105.59,,165.03,36.3,71.18,3,0,114,78.9,1312.56,NORMAL,0
U04488,SAUDE,173.81,2.783,130.31,,90.83,5,2,70,25.65,1448.54,NORMAL,0
U00361,AGUA,42.74,2.97,82.81,27.93,52.11,0,0,61,88.65,837.91,NORMAL,0
U00390,SAUDE,45.74,0.682,64.58,81.25,36.92,2,3,115,60.44,1038.29,NORMAL,0
U07239,AGUA,41.97,3.894,150.97,17.78,76.61,3,0,93,55.31,1389.47,URGENTE,0
U04345,SAUDE,37.03,,103.72,52.67,48.43,5,1,138,53.98,1118.91,NORMAL,0
U02145,TRANSITO,,3.515,94.71,83.05,46.06,0,0,106,60.7,762.75,NORMAL,0
U06141,TELECOM,43.41,5.03,164.07,143.06,61.9,5,1,51,58.63,1085.92,NORMAL,0
U00121,AGUA,33.69,3.351,90.35,35.45,57.72,3,1,13,67.14,1361.19,NORMAL,0
U06644,TELECOM,45.65,2.302,112.3,,57.49,2,0,113,62.26,753.87,NORMAL,0
U02416,AGUA,35.8,3.041,123.81,41.8,53.74,2,1,132,65.43,692.59,NORMAL,0
U07994,AGUA,49.66,4.296,91.21,60.99,73.68,2,1,20,58.81,1441.85,NORMAL,0
U09405,AGUA,42.98,,91.26,60.86,35.73,3,0,72,57.48,830.88,NORMAL,0
U07266,ENERGIA,45.09,2.741,114.28,49.66,42.06,4,0,48,53.74,1216.57,NORMAL,0
U07102,ENERGIA,47.6,2.615,108.16,23.57,55.93,5,0,128,70.36,1417.96,NORMAL,0
U00757,TRANSITO,37.81,0.945,84.32,27.91,36.92,2,2,42,63.5,670.28,NORMAL,0
U07412,TRANSITO,,3.28,136.88,77.19,65.35,6,1,101,45.51,1732.77,NORMAL,0
U06552,TELECOM,47.07,3.921,161.02,27.36,76.74,2,0,129,50.4,1139.68,NORMAL,0
U04584,AGUA,44.34,4.247,155.19,40.92,94.85,3,0,78,84.89,1570.06,NORMAL,0
U05310,AGUA,39.25,3.315,75.59,119.87,41.82,6,1,110,72.22,332.76,NORMAL,0
U08912,ENERGIA,45.12,3.459,115.81,2.0,81.28,1,0,48,67.75,742.42,NORMAL,0
U03195,TELECOM,46.87,2.577,145.58,91.51,71.16,5,0,136,53.86,867.13,NORMAL,0
U06511,TRANSITO,41.24,2.083,149.41,71.64,65.17,2,1,86,81.81,1334.63,NORMAL,0
U02434,AGUA,41.02,2.281,116.82,12.31,47.8,1,1,100,60.95,863.86,NORMAL,0
U03891,AGUA,37.44,2.59,122.43,36.35,58.12,6,1,39,47.04,980.06,NORMAL,0
U03261,SAUDE,40.71,3.417,98.34,156.92,45.74,2,1,140,69.7,685.27,NORMAL,0
U01885,SAUDE,53.72,2.096,121.16,52.06,76.07,1,1,79,62.51,753.01,NORMAL,0
U05906,AGUA,42.31,3.191,147.24,4.38,84.44,4,3,88,83.82,1137.52,NORMAL,0
U04069,TRANSITO,,4.849,176.2,46.46,87.96,7,0,21,58.65,998.43,URGENTE,1
U02270,TRANSITO,40.01,3.006,123.91,84.81,65.96,3,0,17,47.14,726.28,NORMAL,0
U07654,SAUDE,28.04,0.782,83.22,43.8,41.71,3,2,84,67.26,508.89,NORMAL,0
U00950,ENERGIA,54.05,3.663,167.85,56.93,72.59,1,0,87,48.03,1291.74,NORMAL,0
U08086,SAUDE,39.23,1.912,81.33,16.13,51.96,3,1,15,63.08,1015.95,NORMAL,0
U04869,TELECOM,48.46,3.516,163.88,54.7,89.1,3,3,87,49.76,1344.51,NORMAL,0
U01804,TELECOM,48.05,3.19,150.41,23.19,71.25,1,1,114,48.96,998.49,NORMAL,0
U06564,SAUDE,39.75,1.968,92.78,36.24,50.04,1,1,86,41.17,1052.54,NORMAL,0
U04227,SAUDE,183.04,2.553,170.22,21.03,93.74,6,0,19,69.88,1468.95,NORMAL,0
U01701,SAUDE,,,103.98,,68.02,2,1,99,33.55,997.36,NORMAL,0
U07281,TELECOM,45.5,2.476,92.93,20.39,56.44,4,0,7,70.09,974.71,NORMAL,0
U04688,ENERGIA,49.28,3.757,123.18,9.7,51.99,0,1,12,18.75,796.35,NORMAL,0
U06556,ENERGIA,52.9,4.014,104.28,99.6,71.26,8,1,22,66.01,1210.87,NORMAL,0
U09869,AGUA,47.82,2.472,124.71,21.67,69.33,4,0,40,93.04,1194.23,NORMAL,0
U05009,ENERGIA,52.73,2.901,110.78,6.18,36.21,3,0,116,47.8,779.82,CRITICO,0
U06080,ENERGIA,52.38,9.675,137.64,26.91,61.67,2,0,122,62.87,1436.9,CRITICO,1
U01124,SAUDE,38.91,2.465,41.04,65.99,36.15,2,0,3,50.56,935.72,URGENTE,0
U01249,ENERGIA,46.69,2.56,141.73,29.38,77.4,8,1,80,71.98,1224.09,NORMAL,0
U08675,SAUDE,31.74,2.234,104.39,54.83,57.22,4,0,70,67.11,719.3,NORMAL,0
U06763,ENERGIA,49.08,3.17,76.79,118.02,47.71,2,1,21,54.52,957.13,URGENTE,0
U07810,ENERGIA,50.84,4.233,146.51,39.48,92.66,4,0,57,79.29,1507.92,URGENTE,1
U09154,ENERGIA,54.61,3.778,136.19,36.9,61.09,6,1,60,69.17,1046.94,NORMAL,0
U01401,AGUA,43.75,2.707,153.29,60.86,67.13,2,1,137,72.14,1422.08,NORMAL,0
U08307,TELECOM,40.72,2.261,112.95,,54.06,3,1,23,56.37,964.61,NORMAL,0
U08032,SAUDE,,2.789,105.33,64.88,51.14,0,2,71,66.27,965.83,NORMAL,0
U07635,SAUDE,46.25,1.955,21.75,5.41,35.62,6,1,42,39.19,736.66,NORMAL,0
U08360,SAUDE,37.64,3.038,184.4,70.63,100.0,1,0,143,52.58,1706.54,NORMAL,0
U08050,TRANSITO,,2.561,162.45,61.27,67.33,2,2,126,50.38,1438.99,NORMAL,0
U08313,TRANSITO,32.6,3.598,97.8,62.68,47.81,1,1,65,64.07,202.91,NORMAL,0
U08718,ENERGIA,54.47,3.23,127.98,5.3,72.68,3,0,97,64.93,484.64,NORMAL,0
U06773,TRANSITO,,3.056,95.69,29.21,64.04,5,0,39,54.55,1212.46,NORMAL,0
U08937,TRANSITO,43.45,1.357,89.66,38.66,39.93,5,0,122,26.62,696.88,NORMAL,0
U05959,SAUDE,40.67,,102.65,159.51,79.3,2,2,33,86.33,1432.65,NORMAL,0
U05194,ENERGIA,54.98,2.782,148.58,42.97,79.84,2,0,123,65.26,1224.35,NORMAL,0
U09809,TELECOM,54.53,2.708,68.82,65.32,36.41,4,0,47,46.47,973.36,NORMAL,0
U09232,TRANSITO,59.17,1.87,130.59,13.32,54.81,2,1,2,58.15,937.09,CRITICO,1
U04052,SAUDE,47.2,1.737,105.15,14.79,56.84,1,0,91,92.84,1324.62,CRITICO,1
U08878,TRANSITO,46.27,1.247,114.62,46.03,68.92,5,2,23,88.04,1219.41,NORMAL,0
U02203,ENERGIA,43.5,3.265,122.79,30.37,50.11,2,0,37,30.52,899.65,NORMAL,0
U02882,TRANSITO,43.16,2.643,67.3,36.18,49.07,3,0,15,50.94,741.24,NORMAL,0
U01378,TRANSITO,45.08,2.995,108.27,,85.86,2,2,3,83.51,897.33,NORMAL,0
U08708,ENERGIA,44.55,2.594,125.26,29.42,56.48,2,1,51,53.47,1179.93,NORMAL,0
U08703,AGUA,27.21,2.713,29.41,20.83,14.89,1,0,88,62.44,431.44,NORMAL,0
U06454,TRANSITO,46.54,3.026,126.63,21.68,54.45,1,1,36,60.34,903.92,NORMAL,0
U09384,SAUDE,41.87,1.188,60.15,77.69,23.16,2,0,71,54.73,665.96,NORMAL,0
U07307,TELECOM,51.21,8.233,173.72,49.19,77.2,2,0,126,58.04,719.18,URGENTE,1
U00117,SAUDE,38.2,1.537,109.99,148.72,39.78,3,1,108,63.16,912.68,NORMAL,0
U00820,TELECOM,46.96,1.82,147.97,,64.9,5,2,137,42.61,887.48,NORMAL,0
U01510,SAUDE,35.25,1.436,41.5,11.98,23.93,2,0,91,66.63,717.14,NORMAL,0
U07722,ENERGIA,34.98,3.866,123.93,54.42,69.7,1,1,95,79.46,1048.77,NORMAL,0
U07576,ENERGIA,46.72,6.88,129.68,,51.1,4,0,139,98.44,889.26,URGENTE,1
U01515,SAUDE,30.65,2.34,145.25,10.98,44.48,1,0,125,63.45,962.05,NORMAL,0
U00835,SAUDE,31.93,1.305,132.05,32.66,62.15,1,0,117,67.17,648.44,NORMAL,0
U05761,AGUA,34.38,3.014,88.3,28.13,38.81,2,0,44,74.56,910.82,NORMAL,0
U01739,SAUDE,47.45,1.928,138.72,79.18,58.92,3,0,83,73.29,1327.98,NORMAL,0
U08963,TRANSITO,48.84,2.558,142.08,12.72,73.29,2,2,63,51.29,1109.98,NORMAL,0
U00337,TRANSITO,,2.755,155.97,93.3,72.26,4,0,77,52.35,1027.65,NORMAL,0
U06290,SAUDE,47.12,3.864,104.67,34.61,57.93,3,0,24,80.41,775.71,NORMAL,0
U06641,ENERGIA,56.86,4.359,169.29,8.66,66.51,2,2,98,76.7,933.32,NORMAL,0
U03630,TRANSITO,53.05,3.014,156.04,69.03,86.47,1,0,2,61.7,1220.54,NORMAL,0
U09786,TRANSITO,44.11,1.533,109.25,69.2,45.79,4,0,26,39.33,851.54,NORMAL,0
U05150,SAUDE,37.77,2.483,105.23,,56.87,4,0,98,85.78,1005.62,NORMAL,0
U06855,SAUDE,49.12,1.828,195.62,75.62,86.38,1,0,99,81.39,1476.14,NORMAL,0
U08604,SAUDE,36.72,1.875,110.75,34.93,34.45,3,0,79,59.69,874.9,NORMAL,0
U02898,AGUA,40.34,3.929,63.91,,41.23,1,2,27,62.12,864.13,NORMAL,0
U06486,AGUA,39.11,4.141,148.46,20.87,72.32,1,0,92,69.55,1319.38,NORMAL,0
U00221,ENERGIA,133.36,3.278,105.1,80.49,42.15,1,1,101,66.96,1079.02,URGENTE,1
U00739,TELECOM,47.14,1.609,138.49,,50.75,0,1,96,79.1,508.77,NORMAL,0
U04642,ENERGIA,176.07,1.743,108.11,39.85,52.56,3,0,134,42.69,581.85,NORMAL,0
U08245,SAUDE,81.72,2.703,130.81,70.13,52.65,3,1,94,55.85,880.11,NORMAL,0
U05200,TRANSITO,40.73,3.368,135.33,103.02,70.04,3,0,34,72.94,1249.98,CRITICO,1
U06500,TELECOM,43.56,2.383,95.3,85.72,46.82,2,1,15,48.33,780.3,NORMAL,0
U01472,ENERGIA,52.61,2.973,138.69,40.17,74.29,3,0,124,65.8,1268.38,NORMAL,0
U01055,ENERGIA,59.25,5.151,150.08,24.79,89.33,1,0,45,44.21,1171.03,NORMAL,0
U07141,TELECOM,45.49,1.495,135.81,100.58,61.02,4,3,13,62.21,1043.86,NORMAL,0
U05872,SAUDE,40.53,2.652,114.25,32.0,63.91,2,1,80,64.76,1209.66,NORMAL,0
U04351,SAUDE,39.0,1.956,59.43,13.97,40.85,4,0,33,58.28,845.95,NORMAL,0
U00444,ENERGIA,43.91,0.893,135.06,43.55,37.63,2,0,103,87.08,1178.3,NORMAL,0
U06750,AGUA,39.4,3.887,135.66,33.37,62.09,2,1,139,58.7,1132.0,NORMAL,0
U03160,TELECOM,161.16,2.964,128.93,33.65,58.33,2,0,134,99.0,1493.38,NORMAL,0
U05342,ENERGIA,50.46,3.385,103.41,110.07,46.0,0,1,9,75.73,666.67,URGENTE,0
U09558,TELECOM,191.79,3.11,162.22,,59.67,3,0,134,89.24,965.98,NORMAL,0
U03797,SAUDE,45.75,3.192,187.46,38.29,72.95,3,1,141,58.91,1143.11,NORMAL,0
U00663,ENERGIA,44.8,8.74,129.49,124.99,83.76,3,0,76,72.62,611.3,URGENTE,1
U02784,TELECOM,44.62,1.168,107.79,85.36,44.77,2,1,44,46.03,543.23,NORMAL,0
U04953,AGUA,42.06,2.811,86.9,100.7,65.38,1,0,46,50.51,1096.91,NORMAL,0
U07118,TRANSITO,51.75,3.96,147.68,43.57,84.12,2,0,5,63.85,1171.68,NORMAL,0
U07129,ENERGIA,59.28,4.579,170.68,25.8,98.83,7,0,84,53.69,1140.8,NORMAL,0
U04883,TRANSITO,54.85,,104.91,12.92,67.23,3,0,57,34.65,1252.25,NORMAL,0
U06149,AGUA,44.47,3.169,86.7,88.34,57.29,1,0,32,87.35,1497.87,NORMAL,0
U01421,SAUDE,35.56,3.241,134.72,6.94,65.21,2,0,109,67.73,912.2,NORMAL,0
U05224,ENERGIA,49.45,2.231,149.05,31.61,78.8,6,0,14,65.34,1383.19,NORMAL,0
U09974,ENERGIA,52.34,,153.47,47.19,77.95,3,0,132,35.42,978.41,CRITICO,1
U07903,TRANSITO,50.65,2.164,195.97,10.39,100.0,2,1,137,78.35,1034.62,URGENTE,0
U06604,ENERGIA,56.35,3.695,81.03,110.01,48.06,3,2,50,79.04,1130.53,NORMAL,0
U08725,TRANSITO,34.43,2.156,83.71,101.29,48.91,0,0,55,72.11,649.96,NORMAL,0
U01417,ENERGIA,41.56,2.923,134.99,96.21,62.04,3,1,46,100.0,839.35,NORMAL,0
U08009,TRANSITO,37.58,2.458,45.67,91.41,9.74,1,2,74,66.3,564.32,NORMAL,0
U07954,SAUDE,,1.746,108.91,7.34,43.53,5,2,31,56.34,726.52,NORMAL,0
U01925,TRANSITO,48.51,2.529,109.29,,46.46,0,0,50,71.31,887.94,NORMAL,0
U04750,TRANSITO,,3.167,82.14,10.1,48.31,5,0,97,52.05,1082.54,NORMAL,0
U08655,ENERGIA,51.13,3.642,147.45,26.23,80.98,3,0,72,58.11,1096.73,CRITICO,1
U03338,ENERGIA,49.69,,100.41,41.13,29.4,2,1,65,56.56,750.6,NORMAL,0
U09097,ENERGIA,59.58,4.289,183.86,41.82,100.0,4,1,91,71.28,1440.7,URGENTE,1
U03781,TELECOM,58.82,1.834,125.87,17.28,53.52,1,2,97,54.76,1032.56,NORMAL,0
U08697,TRANSITO,234.76,3.274,162.97,9.0,92.82,0,0,124,53.63,1354.93,CRITICO,1
U08242,SAUDE,,2.07,98.82,62.96,60.37,4,0,18,69.36,1177.74,NORMAL,0
U04732,SAUDE,,2.669,92.65,51.41,68.46,4,0,11,85.42,980.76,NORMAL,0
U09247,ENERGIA,50.25,3.907,120.13,79.24,59.59,3,0,120,82.3,788.16,NORMAL,0
U03746,SAUDE,44.62,2.001,59.57,25.55,26.75,2,1,20,86.02,435.82,NORMAL,0
U09068,SAUDE,34.29,2.342,84.42,75.53,57.52,2,3,19,48.9,1151.01,NORMAL,0
U03199,AGUA,45.16,8.455,90.04,86.28,62.13,6,0,2,47.3,1016.05,URGENTE,1
U03815,ENERGIA,47.11,3.236,131.31,22.54,64.73,6,1,141,74.86,832.69,URGENTE,0
U04156,ENERGIA,47.99,2.688,110.77,10.64,47.43,3,1,75,60.14,757.42,NORMAL,0
U06442,TRANSITO,151.22,1.834,122.65,5.65,58.93,2,0,19,53.43,1121.71,NORMAL,0
U00875,AGUA,45.59,3.094,133.61,27.18,70.72,6,2,79,87.4,1116.31,NORMAL,0
U02009,ENERGIA,52.16,3.099,123.6,63.33,62.69,3,0,26,57.02,992.0,NORMAL,0
U02692,ENERGIA,47.68,2.613,152.93,151.03,67.15,1,0,48,82.97,971.15,NORMAL,0
U07586,TRANSITO,37.32,2.185,116.41,,52.32,3,0,66,50.12,1019.67,NORMAL,0
U05941,TRANSITO,,4.349,129.82,59.3,70.22,3,1,107,64.25,975.33,URGENTE,1
U09301,SAUDE,35.01,2.588,47.67,44.87,40.63,2,0,4,59.46,903.16,NORMAL,0
U02163,AGUA,44.13,3.958,86.65,11.14,42.48,5,0,3,64.57,732.06,URGENTE,0
U08433,TELECOM,46.59,2.046,150.07,60.56,69.43,2,0,111,63.55,1006.95,NORMAL,0
U07976,SAUDE,42.89,1.368,82.08,60.06,39.55,1,0,55,63.16,681.0,NORMAL,0
U08133,TELECOM,43.59,1.008,44.38,20.24,24.57,2,1,31,76.83,857.53,NORMAL,0
U09042,ENERGIA,52.64,4.214,117.87,34.01,63.66,2,1,78,38.86,1123.38,NORMAL,0
U07771,ENERGIA,60.91,,161.43,34.13,89.78,6,1,8,66.92,1314.99,CRITICO,1
U01815,ENERGIA,50.34,7.295,129.5,59.74,70.62,4,0,26,53.59,1344.91,CRITICO,1
U09728,SAUDE,,2.204,90.21,39.01,55.15,3,0,144,54.97,546.51,NORMAL,0
U04255,TRANSITO,46.67,2.052,162.43,20.29,77.64,2,0,112,73.31,1143.2,NORMAL,0
U08577,SAUDE,42.01,7.627,97.98,42.46,61.73,4,2,92,73.8,1092.01,CRITICO,1
U04091,SAUDE,39.04,2.592,161.8,63.13,87.35,4,1,73,82.68,1221.79,NORMAL,0
U04856,ENERGIA,42.27,2.195,129.25,37.74,54.04,2,0,122,55.19,991.5,NORMAL,0
U00259,TELECOM,52.19,3.464,132.24,38.28,74.66,1,2,14,54.18,1383.36,NORMAL,0
U03203,AGUA,38.88,5.125,183.33,57.73,91.14,2,0,41,72.54,1440.22,NORMAL,0
U07547,TRANSITO,56.55,3.076,100.14,18.24,87.41,1,0,59,66.71,1922.7,NORMAL,0
U03097,ENERGIA,54.44,3.517,110.21,111.44,50.61,2,1,105,58.66,942.69,CRITICO,1
U00565,ENERGIA,,3.451,139.79,83.13,82.78,1,0,70,62.05,999.94,NORMAL,0
U09026,TRANSITO,41.73,2.491,98.51,28.23,49.39,1,2,99,42.34,1319.91,NORMAL,0
U08672,ENERGIA,47.15,3.371,81.08,120.99,46.29,2,2,22,79.79,845.62,URGENTE,0
U03982,AGUA,40.73,3.093,134.87,54.34,84.56,0,0,45,43.66,1019.17,NORMAL,0
U09188,SAUDE,34.91,3.495,107.47,50.39,68.77,2,0,30,54.24,1631.66,NORMAL,0
U06551,ENERGIA,50.03,3.297,147.41,55.64,75.58,4,0,132,62.63,1070.6,CRITICO,0
U06905,SAUDE,38.85,1.747,115.18,2.0,46.43,5,0,7,57.51,858.01,NORMAL,0
U04016,SAUDE,46.85,2.705,77.95,23.51,30.68,3,0,106,52.36,642.85,NORMAL,0
U01021,ENERGIA,45.37,3.856,143.06,102.97,64.86,5,1,135,57.97,1274.69,NORMAL,0
U06517,TRANSITO,53.53,2.776,136.4,78.18,60.23,5,0,113,64.8,631.68,NORMAL,0
U04655,TRANSITO,55.65,3.473,108.32,45.86,50.18,0,1,122,79.88,1081.7,NORMAL,0
U09713,ENERGIA,56.42,1.824,111.56,77.39,58.13,1,0,72,85.06,889.49,NORMAL,0
U02662,ENERGIA,175.94,2.856,115.92,43.34,60.6,4,2,52,72.56,1174.92,CRITICO,1
U04089,TELECOM,43.5,2.719,160.66,46.24,59.98,4,0,130,68.63,995.47,NORMAL,0
U02231,AGUA,33.45,2.608,152.2,81.61,87.79,2,0,36,53.04,1012.74,NORMAL,0
U07853,TELECOM,49.78,3.064,99.14,112.9,36.46,4,0,31,63.9,998.37,NORMAL,0
U01190,SAUDE,44.46,0.816,70.84,6.7,39.31,1,0,60,62.02,844.01,NORMAL,0
U05444,SAUDE,49.57,2.546,137.34,58.45,80.43,2,0,121,46.21,1417.88,NORMAL,0
U00879,SAUDE,40.52,1.04,65.42,65.1,42.9,2,0,31,61.91,624.86,NORMAL,0
U07259,TELECOM,47.85,2.831,125.52,92.26,60.15,1,0,132,75.06,1089.7,NORMAL,0
U08283,ENERGIA,52.49,3.689,123.41,14.04,56.57,4,0,60,81.78,704.06,CRITICO,1
U03625,TRANSITO,41.98,2.739,95.91,111.51,45.83,1,1,113,67.34,1077.9,NORMAL,0
U09843,SAUDE,44.14,1.246,108.4,34.96,64.74,3,2,45,65.5,1035.53,NORMAL,0
U04472,TELECOM,48.68,1.584,101.29,108.99,73.67,2,2,8,83.71,1736.21,NORMAL,0
U06863,ENERGIA,45.62,2.284,138.91,36.45,68.8,3,2,70,80.43,1130.51,NORMAL,0
U09356,TRANSITO,42.38,2.722,128.43,21.08,70.65,1,1,62,73.52,1060.1,NORMAL,0
U02619,ENERGIA,50.44,4.171,122.22,34.76,58.18,2,0,90,84.45,604.4,NORMAL,0
U03496,ENERGIA,51.26,2.955,95.06,12.26,37.46,2,0,135,71.94,717.18,URGENTE,1
U09017,ENERGIA,41.8,3.687,77.91,24.85,46.04,2,0,45,75.93,1168.05,NORMAL,0
U02367,SAUDE,,1.565,129.49,32.09,60.19,4,1,23,38.34,807.44,NORMAL,0
U02855,AGUA,131.67,2.27,97.74,39.19,46.71,6,0,32,94.93,741.36,NORMAL,0
U02702,SAUDE,32.47,2.12,66.15,2.89,35.37,0,0,99,51.57,866.32,NORMAL,0
U05721,TRANSITO,41.13,3.853,137.56,109.14,53.68,4,0,101,54.49,854.18,NORMAL,0
U03324,ENERGIA,52.15,3.865,146.92,93.33,69.3,4,0,138,61.41,1064.2,NORMAL,0
U08176,SAUDE,47.96,2.495,124.39,164.08,79.34,4,1,37,44.99,1336.37,NORMAL,0
U07737,ENERGIA,43.06,4.98,168.45,29.04,73.97,1,0,120,69.21,1236.48,URGENTE,0
U08686,TELECOM,53.84,3.888,73.35,45.45,50.81,0,1,12,53.14,1105.43,NORMAL,0
U03493,AGUA,42.29,,158.45,19.86,88.09,2,0,55,41.37,1633.28,NORMAL,0
U07618,TRANSITO,,1.091,106.1,48.17,58.9,4,0,38,51.71,928.4,NORMAL,0
U01609,SAUDE,39.84,2.869,95.88,103.29,63.26,1,0,42,100.0,654.65,NORMAL,0
U01698,ENERGIA,43.55,4.65,171.92,40.21,83.05,3,3,62,58.52,1344.49,URGENTE,1
U01276,TRANSITO,44.36,2.61,139.69,26.45,65.89,5,1,63,70.34,1391.56,NORMAL,0
U07613,SAUDE,48.24,2.47,117.0,15.3,87.52,7,0,42,44.61,1444.58,NORMAL,0
U07744,SAUDE,42.1,3.505,108.8,31.42,75.33,1,0,48,82.92,1829.04,NORMAL,0
U08201,TELECOM,45.28,3.318,134.71,,57.3,5,0,114,63.81,1081.55,CRITICO,1
U08972,TRANSITO,38.85,2.257,87.35,32.67,51.77,8,0,54,50.99,808.78,NORMAL,0
U05502,TRANSITO,51.98,2.806,167.35,20.07,82.16,2,0,96,51.46,1188.54,NORMAL,0
U02939,SAUDE,40.15,3.434,121.41,18.2,63.28,2,0,65,67.26,932.36,NORMAL,0
U00916,SAUDE,41.93,1.605,132.7,15.18,73.15,4,0,26,88.6,1365.31,CRITICO,0
U01150,TRANSITO,50.48,3.03,113.71,79.48,52.09,5,1,98,35.34,820.78,NORMAL,0
U09812,ENERGIA,56.98,3.115,125.59,47.32,58.31,2,1,119,60.97,882.6,NORMAL,0
U03320,ENERGIA,153.55,2.433,165.73,13.35,69.92,4,1,139,41.28,1440.2,NORMAL,0
U08251,ENERGIA,129.76,2.334,114.87,124.72,54.71,4,0,20,79.39,1344.7,NORMAL,0
U05676,ENERGIA,46.41,2.9,153.18,32.26,58.56,2,0,144,73.71,1407.35,NORMAL,0
U09922,AGUA,,3.84,128.04,48.88,80.8,3,1,56,86.3,1333.63,CRITICO,1
U03362,SAUDE,47.48,2.965,141.42,54.06,71.09,5,0,63,36.04,1138.74,NORMAL,0
U09769,SAUDE,29.18,2.056,98.41,23.93,73.3,4,0,67,57.15,1574.79,NORMAL,0
U00061,ENERGIA,46.24,3.598,94.54,123.89,70.93,2,0,20,80.35,901.07,URGENTE,0
U00967,ENERGIA,51.5,6.793,111.8,46.45,69.82,8,0,105,56.59,795.91,CRITICO,1
U01147,ENERGIA,48.14,4.407,161.09,22.4,78.87,3,0,126,100.0,1454.91,CRITICO,1
U07542,TRANSITO,38.11,2.167,56.82,21.47,25.25,1,0,101,80.82,706.68,NORMAL,0
U03856,ENERGIA,47.89,4.498,110.1,21.78,50.07,0,2,113,72.88,947.17,NORMAL,0
U09029,AGUA,42.08,2.2,47.98,26.49,29.8,3,0,65,67.56,809.16,NORMAL,0
U07419,SAUDE,52.68,1.765,140.45,22.07,69.34,5,1,73,70.31,850.24,NORMAL,0
U00585,ENERGIA,50.51,1.878,55.87,62.28,43.69,1,0,37,53.27,1061.23,NORMAL,0
U01051,SAUDE,,2.227,130.27,83.06,64.72,2,1,144,77.18,1101.67,NORMAL,0
U06023,ENERGIA,,3.198,119.6,30.21,64.59,2,0,132,47.86,1178.31,NORMAL,0
U07122,ENERGIA,56.48,3.35,125.45,46.71,72.93,2,0,11,78.2,764.52,NORMAL,0
U07171,AGUA,44.9,3.89,114.63,62.93,84.55,4,0,94,78.31,1062.98,NORMAL,0
U06265,AGUA,42.35,2.017,128.15,64.37,49.0,2,2,120,63.37,838.57,NORMAL,0
U07982,ENERGIA,55.14,3.52,169.62,21.69,100.0,8,0,95,58.42,1580.94,CRITICO,1
U06862,SAUDE,39.58,,108.68,9.99,38.04,2,0,27,71.25,794.3,NORMAL,0
U08270,ENERGIA,48.93,2.944,97.0,11.01,58.03,1,0,39,63.64,1043.61,NORMAL,0
U09894,ENERGIA,45.79,3.775,89.73,13.88,74.35,4,0,41,46.95,1342.78,NORMAL,0
U07567,SAUDE,41.32,2.53,149.59,67.44,61.72,2,1,122,46.09,942.45,NORMAL,0
U05067,TELECOM,161.18,3.236,139.55,47.19,75.97,2,1,14,66.39,1142.78,CRITICO,1
U07761,SAUDE,40.09,2.873,76.93,61.55,61.72,6,1,2,72.42,1005.93,NORMAL,0
U01448,AGUA,40.21,3.48,128.44,58.05,72.35,6,1,94,49.12,1660.49,NORMAL,0
U09855,ENERGIA,53.19,2.746,182.17,29.66,77.05,3,0,143,50.53,1625.82,NORMAL,0
U03233,TELECOM,48.94,2.566,83.67,4.13,57.52,4,1,62,87.11,1036.84,NORMAL,0
U05088,SAUDE,53.63,2.587,150.54,14.39,83.83,5,1,53,85.95,1269.5,NORMAL,0
U03077,ENERGIA,53.39,4.31,192.73,18.19,100.0,2,0,8,63.74,1469.97,NORMAL,0
U00096,AGUA,32.34,1.234,83.49,19.13,36.34,3,1,126,37.39,1023.13,NORMAL,0
U06224,AGUA,38.52,1.502,118.33,2.0,61.48,3,1,3,73.27,749.06,NORMAL,0
U06676,TRANSITO,42.39,1.967,137.08,193.3,67.3,3,0,104,48.64,1102.85,CRITICO,1
U00195,AGUA,34.99,2.602,82.71,17.86,27.05,1,0,15,42.11,975.1,NORMAL,0
U09396,SAUDE,32.13,2.077,65.68,28.16,43.42,2,1,19,46.89,659.39,NORMAL,0
U05072,AGUA,35.15,3.715,105.05,123.61,51.9,0,1,2,34.79,1194.69,NORMAL,0
U00935,SAUDE,44.88,1.885,126.57,78.66,52.39,3,3,75,48.07,908.39,NORMAL,0
U03805,AGUA,30.94,3.243,53.7,14.09,28.63,1,1,110,57.78,852.44,NORMAL,0
U05561,ENERGIA,50.32,2.857,93.91,37.71,49.97,2,0,7,55.59,1173.63,NORMAL,0
U09092,ENERGIA,62.51,2.987,148.47,55.38,84.65,3,0,7,73.59,1026.79,NORMAL,0
U00650,SAUDE,58.34,2.218,127.57,99.76,57.86,4,1,115,72.31,927.48,NORMAL,0
U06061,ENERGIA,40.62,3.537,109.48,22.5,58.43,4,2,92,81.66,1108.44,NORMAL,0
U00654,ENERGIA,43.09,2.477,128.61,18.39,71.82,4,0,44,61.8,594.74,NORMAL,0
U05384,SAUDE,,2.023,139.44,35.62,78.57,3,0,70,56.16,1177.27,NORMAL,0
U05827,TRANSITO,125.03,2.477,102.91,56.02,55.33,3,0,75,62.94,985.08,NORMAL,0
U04694,TRANSITO,51.6,7.474,120.31,21.61,55.32,4,0,92,41.8,1141.75,CRITICO,1
U03819,TRANSITO,50.29,1.549,138.61,29.05,62.61,1,1,103,38.29,1231.67,URGENTE,1
U01992,SAUDE,36.69,2.292,131.32,67.46,64.11,7,0,86,66.0,1009.62,NORMAL,0
U02184,SAUDE,105.49,,92.42,80.32,47.31,3,1,108,90.46,1034.9,NORMAL,0
U03438,ENERGIA,49.75,,143.92,48.88,51.72,3,2,136,75.87,1225.94,CRITICO,1
U07670,SAUDE,54.18,3.175,148.27,65.12,90.09,3,0,79,72.71,1626.18,NORMAL,0
U02748,ENERGIA,48.3,3.067,111.45,70.84,68.24,2,0,79,37.84,995.76,NORMAL,0
U02232,SAUDE,43.17,3.309,185.08,81.39,100.0,2,0,92,28.9,1359.23,URGENTE,0
U00347,ENERGIA,46.28,3.098,110.42,43.56,49.43,2,1,74,64.55,893.42,NORMAL,0
U06230,ENERGIA,42.95,3.5,86.67,52.09,50.05,4,0,60,51.7,1501.22,NORMAL,0
U04087,TRANSITO,55.47,3.229,141.32,60.67,66.21,6,0,137,41.09,1388.79,URGENTE,1
U03458,SAUDE,55.86,2.94,136.4,81.91,76.08,4,0,53,36.97,1287.71,NORMAL,0
U05967,ENERGIA,51.39,1.217,112.12,80.68,54.56,1,1,24,51.92,1133.81,NORMAL,0
U05592,TRANSITO,52.85,3.118,164.73,36.61,87.22,5,0,62,77.69,919.59,NORMAL,0
U04537,AGUA,35.38,3.536,158.0,106.36,85.45,5,0,91,55.44,1475.1,NORMAL,0
U08960,TELECOM,204.56,3.071,137.43,36.34,75.77,6,0,87,56.09,1327.86,NORMAL,0
U05431,SAUDE,32.73,1.539,95.77,23.64,44.36,2,0,52,75.74,1088.09,NORMAL,0
U04415,TELECOM,46.59,2.119,67.58,26.53,29.72,1,0,64,71.86,976.51,NORMAL,0
U05975,AGUA,37.31,2.811,143.35,45.58,80.46,4,1,44,70.65,761.82,URGENTE,0
U06414,TRANSITO,43.63,2.124,69.53,,45.77,3,1,14,86.56,1072.09,NORMAL,0
U05569,TELECOM,43.16,2.125,92.29,91.69,65.9,4,1,53,94.21,1194.89,NORMAL,0
U07581,TELECOM,46.67,,126.36,271.27,39.61,3,1,123,51.31,867.32,NORMAL,0
U08079,AGUA,40.21,3.311,122.68,28.2,50.0,4,0,56,26.61,307.65,NORMAL,0
U00465,SAUDE,30.59,1.646,88.51,2.0,28.33,1,2,138,70.56,465.68,NORMAL,0
U07746,AGUA,43.77,3.84,120.09,98.44,65.46,1,1,4,57.68,1091.05,URGENTE,0
U09468,ENERGIA,49.76,4.696,134.5,37.26,75.31,1,0,58,73.8,1075.95,URGENTE,0
U02450,SAUDE,42.65,2.422,143.02,86.96,57.71,2,0,60,83.8,1331.5,NORMAL,0
U09409,TELECOM,42.61,2.991,176.53,,86.86,7,0,106,100.0,1697.07,NORMAL,0
U08946,SAUDE,,1.651,135.81,42.54,82.45,2,0,3,96.13,1105.77,NORMAL,0
U04494,AGUA,37.98,4.482,116.52,61.25,64.41,2,1,55,55.13,722.21,NORMAL,0
U01310,ENERGIA,48.04,2.574,95.56,224.87,50.41,3,2,131,49.31,817.01,NORMAL,0
U09383,ENERGIA,59.11,1.801,130.3,45.65,66.04,1,1,109,66.42,810.33,NORMAL,0
U04919,ENERGIA,56.02,2.414,94.11,29.58,55.72,5,0,29,29.41,1094.86,NORMAL,0
U07612,TRANSITO,,2.039,86.85,45.15,35.36,1,2,62,71.67,538.47,NORMAL,0
U01717,TRANSITO,,1.414,146.33,45.52,63.33,4,0,100,80.69,1128.53,CRITICO,1
U03382,ENERGIA,,3.673,156.68,20.24,66.07,2,0,108,62.52,1333.55,NORMAL,0
U00078,TELECOM,49.1,2.573,141.55,,51.23,4,0,134,66.41,938.17,NORMAL,0
U07366,ENERGIA,54.88,,79.73,39.35,44.77,4,0,128,66.07,848.02,NORMAL,0
U02092,AGUA,31.33,4.096,125.47,7.62,59.41,2,0,74,50.09,1229.26,NORMAL,0
U07018,SAUDE,39.82,2.973,115.05,30.84,63.23,4,0,36,43.81,950.74,NORMAL,0
U03522,AGUA,32.31,3.073,155.12,28.82,77.44,3,1,72,48.49,1495.19,NORMAL,0
U04942,SAUDE,47.01,,125.66,24.43,54.38,1,0,82,61.42,941.93,NORMAL,0
U09337,AGUA,42.09,3.72,93.53,6.94,54.26,6,0,98,55.38,1257.74,NORMAL,0
U02876,ENERGIA,43.45,3.538,82.76,11.36,56.77,3,0,46,62.2,1345.09,NORMAL,0
U00878,TRANSITO,41.81,2.529,83.05,29.1,23.33,1,1,123,60.15,375.98,NORMAL,0
U05262,SAUDE,41.18,2.038,123.62,19.41,55.56,1,0,102,81.43,904.08,NORMAL,0
U04297,TRANSITO,49.03,2.577,65.0,50.66,47.06,2,0,25,74.3,1170.53,NORMAL,0
U04249,ENERGIA,43.29,3.16,119.7,38.58,59.52,2,0,100,59.37,1292.38,NORMAL,0
U00389,AGUA,42.03,4.74,74.55,47.96,32.87,0,0,82,82.01,577.4,NORMAL,0
U06213,ENERGIA,52.25,4.679,191.76,31.39,95.62,4,0,91,78.08,1188.27,NORMAL,0
U06154,TELECOM,49.53,2.818,140.03,123.7,66.96,1,0,107,57.25,1076.68,NORMAL,0
U04915,AGUA,41.03,,104.96,83.76,60.22,5,0,4,42.93,1064.44,CRITICO,1
U01901,AGUA,42.32,4.352,109.65,60.23,60.02,1,1,7,55.78,1060.93,NORMAL,0
U01484,SAUDE,,1.792,63.44,9.32,53.04,0,0,15,77.1,747.25,NORMAL,0
U02609,ENERGIA,56.16,3.506,147.4,13.98,70.67,4,0,53,50.7,1443.77,CRITICO,1
U01681,TRANSITO,40.14,2.162,125.76,17.67,56.44,1,0,121,70.61,1235.54,NORMAL,0
U06545,ENERGIA,47.8,3.384,104.36,28.03,56.42,3,0,43,62.92,1427.06,NORMAL,0
U07650,AGUA,35.86,2.809,127.02,72.16,63.06,3,1,74,43.02,647.36,NORMAL,0
U03988,TRANSITO,55.74,,169.34,8.82,65.85,3,1,95,58.46,1090.84,CRITICO,1
U00138,TRANSITO,56.1,2.956,99.07,31.46,59.71,4,1,13,63.99,1105.96,NORMAL,0
U02010,TRANSITO,37.91,2.27,108.58,104.34,65.98,3,0,9,69.58,1184.76,NORMAL,0
U01454,SAUDE,60.24,3.1,134.0,37.36,85.19,3,0,32,75.3,1579.14,NORMAL,0
U06066,SAUDE,35.91,1.203,119.26,,47.85,3,2,95,58.0,332.16,NORMAL,0
U08205,ENERGIA,49.9,4.978,160.7,55.05,87.01,5,0,47,84.02,1599.28,NORMAL,0
U05186,AGUA,39.82,3.102,117.44,55.49,70.06,4,1,70,59.27,1100.27,NORMAL,0
U06756,SAUDE,40.15,1.227,118.84,24.53,55.65,4,0,18,69.01,859.77,NORMAL,0
U04788,TRANSITO,41.63,3.79,144.16,14.93,82.45,4,1,105,49.55,1281.41,NORMAL,0
U05425,TRANSITO,57.05,,128.43,16.99,60.66,3,1,51,59.77,829.28,NORMAL,0
U05271,TELECOM,51.14,,147.38,70.63,63.02,2,0,6,44.99,1256.45,NORMAL,0
U03366,ENERGIA,48.48,3.878,126.75,57.92,64.72,0,0,54,51.58,1164.65,NORMAL,0
U06815,ENERGIA,41.06,2.495,51.44,101.64,37.11,0,0,32,55.1,282.61,NORMAL,0
U01961,TELECOM,51.63,3.177,148.59,7.84,61.99,1,1,108,56.67,931.68,NORMAL,0
U06298,SAUDE,49.2,0.783,72.08,39.28,25.28,0,0,51,38.91,764.73,NORMAL,0
U08319,TELECOM,45.42,2.612,108.34,75.26,64.45,2,2,7,47.77,1196.2,NORMAL,0
U06932,SAUDE,47.33,2.192,78.0,67.83,46.26,4,0,29,74.95,930.93,NORMAL,0
U00955,ENERGIA,61.72,4.129,169.4,36.19,98.81,6,0,84,48.58,1274.36,NORMAL,0
U09789,TRANSITO,48.49,4.153,134.91,96.81,52.14,4,1,48,73.35,927.5,NORMAL,0
U08058,ENERGIA,54.38,3.335,170.57,15.97,90.52,4,1,58,82.21,1336.74,CRITICO,1
U09955,TELECOM,47.88,,91.52,123.21,55.01,1,0,42,78.31,1052.69,NORMAL,0
U02794,TRANSITO,56.73,2.932,205.17,33.0,100.0,2,1,113,50.74,1627.73,NORMAL,0
U04232,SAUDE,46.82,2.936,180.88,78.49,77.35,2,1,131,83.21,888.17,NORMAL,0
U06365,TRANSITO,47.05,,120.01,34.64,66.31,1,1,21,65.44,1091.2,NORMAL,0
U04669,TRANSITO,44.38,2.268,142.33,16.13,74.4,3,0,75,71.93,987.77,NORMAL,0
U07250,TRANSITO,,2.918,152.57,41.6,82.76,3,0,126,49.68,927.61,NORMAL,0
U02628,ENERGIA,48.81,3.923,107.59,32.72,57.89,0,0,109,76.94,1022.99,NORMAL,0
U01558,SAUDE,32.04,0.847,73.74,35.4,19.01,2,0,31,60.65,749.73,URGENTE,0
U01177,TRANSITO,50.2,3.102,82.29,65.21,33.26,4,0,132,60.49,528.34,NORMAL,0
U00876,ENERGIA,47.82,,113.1,43.25,66.14,6,0,3,48.45,1073.23,NORMAL,0
U07408,TRANSITO,49.86,2.891,115.97,68.46,48.67,2,0,109,72.15,1401.77,NORMAL,0
U05571,ENERGIA,41.35,2.928,107.42,123.87,56.87,6,2,28,70.14,910.98,NORMAL,0
U05460,TELECOM,,3.062,101.91,21.33,50.84,4,1,91,50.34,1023.77,NORMAL,0
U08764,SAUDE,43.29,2.632,141.89,31.81,85.92,3,0,35,62.73,1346.19,NORMAL,0
U05614,TELECOM,52.15,1.936,84.13,85.8,46.86,1,0,37,99.21,653.61,CRITICO,1
U02888,TELECOM,33.8,2.626,70.87,105.06,45.39,3,1,24,65.93,534.92,NORMAL,0
U06480,ENERGIA,51.41,1.731,110.69,52.13,60.27,3,1,113,55.6,1186.78,URGENTE,1
U02697,AGUA,42.07,7.665,127.39,130.28,62.88,4,1,106,20.73,997.54,URGENTE,1
U07304,SAUDE,47.75,8.37,129.49,17.1,62.98,4,0,88,51.19,1211.45,CRITICO,1
U00227,AGUA,37.26,,132.23,34.34,67.06,1,0,65,91.63,1066.68,NORMAL,0
U00804,ENERGIA,58.65,1.825,132.92,49.63,64.41,2,0,118,79.78,1163.58,URGENTE,0
U06845,TRANSITO,37.14,3.009,104.63,,61.32,2,1,18,59.03,1107.12,NORMAL,0
U00698,ENERGIA,46.41,6.249,96.09,140.98,59.47,3,0,29,80.84,757.16,CRITICO,1
U01586,SAUDE,46.72,1.887,162.18,54.45,83.65,2,2,15,63.21,1262.65,NORMAL,0
U03575,SAUDE,131.04,3.422,103.87,52.23,56.12,1,0,25,62.21,1064.4,NORMAL,0
U01362,AGUA,51.56,3.205,120.6,70.99,79.03,6,0,131,60.23,872.93,CRITICO,1
U06937,TELECOM,48.39,4.493,150.86,40.96,74.31,3,0,91,68.4,1354.23,NORMAL,0
U04055,TELECOM,122.35,3.436,138.77,31.02,57.65,3,3,64,49.08,1187.83,NORMAL,0
U06741,ENERGIA,45.24,2.792,123.69,23.31,39.64,2,3,120,82.8,885.71,NORMAL,0
U09036,SAUDE,40.66,1.16,104.62,58.97,61.27,2,1,46,63.14,1190.16,NORMAL,0
U02347,AGUA,39.11,2.982,136.7,18.43,67.12,3,0,92,65.6,511.84,NORMAL,0
U09374,TRANSITO,39.88,,79.41,27.45,29.33,2,1,21,31.29,640.58,NORMAL,0
U08785,TRANSITO,39.96,3.307,98.71,62.17,42.67,4,0,54,53.71,651.67,NORMAL,0
U03049,AGUA,48.04,3.419,119.29,21.82,70.37,6,0,54,62.76,1125.4,NORMAL,0
U07653,TRANSITO,43.15,1.383,169.21,39.62,68.27,5,0,98,48.6,1464.39,NORMAL,0
U04540,TELECOM,51.11,3.382,139.32,94.02,63.38,4,0,48,64.5,1301.25,NORMAL,0
U06283,ENERGIA,56.88,2.938,174.19,55.66,83.65,2,0,106,100.0,1020.47,CRITICO,1
U03516,ENERGIA,53.45,2.515,100.4,42.57,59.56,5,0,40,52.07,1079.94,NORMAL,0
U00187,TRANSITO,121.67,3.595,119.99,16.25,60.83,6,2,142,70.02,1090.84,URGENTE,0
U07271,AGUA,44.09,2.489,99.59,48.94,51.52,2,0,86,68.94,641.52,NORMAL,0
U05820,SAUDE,,2.095,146.51,84.45,63.4,0,0,141,86.82,639.19,NORMAL,0
U04626,SAUDE,41.51,1.804,122.69,129.91,37.67,3,1,113,42.02,999.17,NORMAL,0
U08660,TELECOM,45.8,8.217,116.75,51.52,53.07,3,1,120,42.48,485.8,CRITICO,1
U00311,SAUDE,35.61,1.588,66.08,52.22,50.04,3,1,24,60.68,956.82,NORMAL,0
U00610,AGUA,37.18,2.18,79.38,3.75,62.53,1,0,28,54.39,804.19,NORMAL,0
U04457,AGUA,50.27,2.739,113.27,62.86,53.59,1,0,36,68.36,927.79,NORMAL,0
U08935,AGUA,54.64,2.318,183.68,218.22,84.27,2,1,104,66.15,1384.54,NORMAL,0
U03352,ENERGIA,196.89,3.3,154.9,111.0,67.84,1,1,134,44.01,1239.28,NORMAL,0
U05287,TRANSITO,50.33,3.407,102.35,104.12,51.47,5,1,32,59.92,501.26,NORMAL,0
U08603,ENERGIA,54.13,1.286,128.9,102.5,50.38,2,0,114,69.88,853.88,NORMAL,0
U03945,TRANSITO,41.11,4.151,79.68,110.48,60.85,7,1,45,73.73,1044.49,NORMAL,0
U09867,TELECOM,40.85,0.476,94.84,30.3,39.2,2,0,89,53.0,460.54,NORMAL,0
U03974,TELECOM,54.39,1.888,129.29,31.03,70.32,2,1,127,49.57,1503.67,NORMAL,0
U09678,AGUA,45.67,4.523,114.26,40.17,64.36,7,0,57,48.77,1124.65,NORMAL,0
U02464,TRANSITO,55.09,2.605,102.83,17.74,67.95,0,0,11,77.48,1072.95,NORMAL,0
U05859,TELECOM,42.61,1.819,89.11,10.78,41.93,1,0,40,56.89,787.69,NORMAL,0
U04553,ENERGIA,50.26,4.343,140.58,34.26,59.61,3,1,121,75.33,1343.0,NORMAL,0
U01755,ENERGIA,44.87,3.549,32.33,102.51,33.95,2,0,72,36.57,1161.58,NORMAL,0
U01476,ENERGIA,56.64,2.28,116.08,39.77,68.06,3,2,71,45.69,899.29,NORMAL,0
U03784,SAUDE,44.47,2.772,90.87,18.38,54.89,6,0,19,37.6,720.35,NORMAL,0
U03168,SAUDE,43.54,2.332,141.25,16.53,77.36,3,1,55,37.95,925.32,NORMAL,0
U08566,TELECOM,55.59,3.445,158.94,,85.12,6,1,109,59.81,1268.79,NORMAL,0
U07664,SAUDE,31.29,2.233,107.45,2.0,55.84,1,0,132,44.01,1045.8,NORMAL,0
U01483,TRANSITO,41.15,2.656,80.58,38.98,45.43,1,1,19,64.53,1082.69,NORMAL,0
U04611,AGUA,52.6,3.636,104.77,97.96,55.44,3,2,64,51.6,1522.62,NORMAL,0
U09716,SAUDE,53.46,2.07,159.38,98.37,72.09,4,0,54,77.96,989.68,NORMAL,0
U03044,TELECOM,60.77,2.495,121.28,35.9,58.05,1,1,3,89.35,1289.2,URGENTE,0
U05641,SAUDE,48.46,3.153,135.84,51.96,67.82,5,0,91,69.02,1617.29,NORMAL,0
U01120,AGUA,46.69,3.592,149.9,66.72,82.45,3,3,31,88.15,954.34,NORMAL,0
U09279,SAUDE,120.8,1.634,87.77,51.37,47.96,0,1,55,48.17,611.81,NORMAL,0
U02263,TRANSITO,43.81,3.001,168.55,50.91,72.59,2,0,87,46.5,1370.38,CRITICO,0
U05003,SAUDE,37.07,1.421,105.45,40.06,66.45,5,1,92,62.76,1199.04,NORMAL,0
U07253,SAUDE,33.57,2.155,113.34,40.6,46.25,3,1,90,47.96,1099.61,NORMAL,0
U02536,AGUA,38.28,3.435,155.68,68.6,94.3,6,0,16,74.88,1474.86,NORMAL,0
U03357,TELECOM,44.09,1.152,76.31,36.39,53.78,3,1,26,91.27,778.83,NORMAL,0
U00808,TRANSITO,46.46,,199.31,112.3,90.73,2,0,107,71.73,1484.19,NORMAL,0
U07546,TRANSITO,47.37,3.082,122.26,55.47,71.45,1,1,21,50.4,1011.08,NORMAL,0
U06649,SAUDE,41.66,3.104,110.51,74.9,70.71,2,0,39,49.93,826.57,NORMAL,0
U04283,AGUA,40.6,3.417,60.06,40.54,44.08,2,0,5,89.94,919.55,NORMAL,0
U02453,ENERGIA,46.04,2.241,142.65,69.91,58.63,0,0,92,64.33,1317.58,NORMAL,0
U02358,TRANSITO,50.49,2.368,111.16,,43.42,5,1,139,47.98,1047.08,NORMAL,0
U05822,ENERGIA,42.51,3.091,108.33,16.07,50.29,0,1,68,69.84,957.36,NORMAL,0
U09759,TELECOM,54.34,1.907,65.35,129.34,45.37,2,0,43,80.99,898.78,URGENTE,1
U01261,TELECOM,39.83,3.135,157.66,58.4,70.14,1,3,109,78.77,742.99,URGENTE,0
U03293,TRANSITO,37.07,3.237,103.12,7.62,36.01,1,2,113,40.23,905.34,NORMAL,0
U09834,SAUDE,55.8,2.663,165.23,54.17,85.19,4,2,55,72.54,1589.11,NORMAL,0
U05492,SAUDE,32.35,,110.59,11.3,51.0,5,0,65,73.08,1206.15,NORMAL,0
U04390,ENERGIA,57.08,3.207,69.77,28.9,53.37,4,2,4,54.42,907.39,NORMAL,0
U08617,SAUDE,49.1,,114.29,32.47,62.6,2,0,75,80.41,1044.5,NORMAL,0
U08575,TRANSITO,,1.743,110.88,10.42,61.55,1,2,15,65.28,1223.26,NORMAL,0
U07234,AGUA,38.95,3.691,145.77,73.2,60.67,1,0,100,74.75,1056.03,CRITICO,1
U00634,AGUA,39.96,2.429,100.13,60.49,43.36,1,0,5,59.21,1202.41,NORMAL,0
U07332,AGUA,42.44,2.043,101.41,93.12,46.82,0,0,124,70.08,785.97,NORMAL,0
U05554,ENERGIA,49.45,,100.16,16.96,70.05,0,1,38,80.16,806.23,NORMAL,0
U01381,ENERGIA,43.56,2.406,90.22,32.49,47.36,0,0,110,59.07,813.3,NORMAL,0
U08809,SAUDE,37.78,0.464,172.03,50.88,77.14,2,2,102,53.08,1181.11,NORMAL,0
U09246,SAUDE,36.29,,93.39,5.4,34.55,2,0,119,77.3,1115.52,NORMAL,0
U03687,AGUA,45.03,3.245,75.61,91.74,70.54,0,1,10,44.7,1313.2,NORMAL,0
U08833,ENERGIA,36.21,2.852,39.1,31.7,12.63,2,0,73,51.72,345.72,URGENTE,0
U03596,ENERGIA,51.54,3.125,137.5,36.17,66.32,3,0,52,68.04,1141.45,NORMAL,0
U09778,TELECOM,57.76,1.496,142.89,32.08,63.35,2,2,103,63.96,1215.91,NORMAL,0
U04848,TRANSITO,49.19,1.229,140.32,33.81,68.87,2,1,118,64.2,1148.43,NORMAL,0
U06977,TELECOM,43.81,2.857,117.41,10.45,49.9,2,0,144,72.61,1073.33,NORMAL,0
U01927,AGUA,28.64,3.266,106.86,40.46,48.27,1,0,43,68.62,667.0,NORMAL,0
U04238,TRANSITO,51.43,8.767,157.54,8.9,84.39,5,0,94,77.89,1175.24,URGENTE,1
U09083,TELECOM,49.13,2.167,79.57,,54.73,1,0,51,76.02,905.12,NORMAL,0
U03344,ENERGIA,42.12,4.983,73.13,50.13,27.34,4,1,42,69.53,333.89,NORMAL,0
U00505,SAUDE,37.33,2.556,148.16,73.93,79.23,4,1,134,65.98,1227.84,NORMAL,0
U00376,SAUDE,32.59,1.63,105.16,12.53,62.94,1,1,126,63.13,1399.48,NORMAL,0
U01221,ENERGIA,49.85,4.02,126.78,34.54,71.19,4,0,142,67.94,1387.42,NORMAL,0
U05648,TELECOM,48.02,1.417,60.51,28.06,49.42,2,1,12,31.43,1288.78,NORMAL,0
U04917,SAUDE,36.63,1.628,72.39,21.19,40.26,2,2,18,55.68,540.86,NORMAL,0
U00318,ENERGIA,43.77,,95.97,59.6,34.57,3,2,101,60.25,939.9,NORMAL,0
U03012,ENERGIA,37.42,2.963,100.51,12.12,52.32,6,1,36,80.64,1436.38,NORMAL,0
U06216,TELECOM,49.69,3.926,103.15,50.51,62.43,2,1,46,46.12,843.81,NORMAL,0
U06834,AGUA,40.35,3.028,105.26,118.22,57.47,0,2,125,68.67,1065.61,NORMAL,0
U04564,TRANSITO,42.83,7.205,144.74,126.44,61.14,4,1,106,39.86,1191.16,NORMAL,1
U08401,ENERGIA,52.04,3.843,115.94,196.97,71.46,0,1,43,84.05,912.62,NORMAL,0
U00591,ENERGIA,56.35,3.091,131.54,34.45,76.06,2,2,143,52.28,1334.97,NORMAL,0
U08652,ENERGIA,45.43,3.674,100.68,14.26,60.23,3,0,46,73.71,726.31,NORMAL,0
U01247,ENERGIA,49.51,,139.67,14.77,69.67,3,1,69,48.01,867.44,NORMAL,0
U00104,ENERGIA,44.71,2.16,91.24,85.24,51.24,0,2,118,55.87,824.41,NORMAL,0
U09123,TRANSITO,37.72,3.085,125.01,74.56,70.96,2,0,45,65.04,1307.18,NORMAL,0
U01327,SAUDE,48.03,3.179,147.0,34.65,64.37,2,1,93,38.64,1090.55,URGENTE,1
U05237,ENERGIA,41.34,0.256,37.29,14.12,25.47,4,0,29,63.91,509.36,NORMAL,0
U05092,TRANSITO,53.83,2.3,152.03,49.07,80.69,3,0,132,51.28,1540.39,NORMAL,0
U02911,SAUDE,41.07,2.51,56.03,,43.99,3,2,44,57.92,946.57,NORMAL,0
U07204,TRANSITO,50.45,2.221,111.44,99.46,73.15,2,1,32,52.31,998.75,NORMAL,0
U03409,AGUA,45.83,5.31,206.37,28.96,94.37,2,1,100,54.96,1401.0,NORMAL,0
U02330,SAUDE,41.38,1.915,94.29,31.07,52.76,1,0,46,71.22,1333.03,NORMAL,0
U09054,AGUA,38.94,3.524,137.39,31.52,62.24,1,1,8,79.31,1308.91,URGENTE,1
U08669,TELECOM,58.13,3.04,131.22,20.4,76.54,5,0,15,40.17,1102.07,NORMAL,0
U07533,TELECOM,46.98,1.243,104.65,24.62,33.4,0,2,88,54.45,827.24,NORMAL,0
U00632,AGUA,51.78,2.737,136.44,68.37,96.2,4,1,75,66.36,1083.13,NORMAL,0
U02944,ENERGIA,45.8,2.91,92.37,12.96,47.75,4,0,133,72.18,803.96,NORMAL,0
U03079,ENERGIA,52.74,2.68,194.17,81.85,93.26,4,2,111,61.12,1334.38,NORMAL,0
U07479,TRANSITO,56.82,2.629,139.75,17.96,72.44,1,0,128,68.13,1267.85,URGENTE,1
U03329,SAUDE,42.25,2.377,5.0,109.82,16.88,2,0,86,46.86,447.42,NORMAL,0
U05210,TELECOM,56.11,2.56,137.39,30.87,80.77,2,1,26,59.5,1454.05,NORMAL,0
U09872,AGUA,36.25,2.418,95.91,,48.72,3,1,28,62.27,648.03,URGENTE,0
U07588,TELECOM,37.11,1.561,94.37,49.7,72.26,6,0,36,69.26,1001.97,URGENTE,0
U09810,SAUDE,42.89,2.463,158.77,50.75,73.53,1,0,132,69.13,1177.96,NORMAL,0
U02643,AGUA,33.41,2.884,95.9,65.57,66.79,3,0,66,73.67,905.05,NORMAL,0
U06424,TRANSITO,53.45,8.554,142.83,23.51,64.9,3,0,98,63.72,1121.04,CRITICO,1
U00719,TRANSITO,,1.841,141.76,39.48,56.18,2,0,126,66.48,1371.88,NORMAL,0
U07551,AGUA,45.12,3.055,118.08,19.71,57.76,0,0,63,51.01,822.65,NORMAL,0
U08922,ENERGIA,47.1,3.914,112.79,16.72,70.73,4,0,12,52.47,1166.64,NORMAL,0
U06889,ENERGIA,,2.75,148.75,46.19,79.1,3,0,4,54.43,1351.26,NORMAL,0
U03395,TRANSITO,44.32,2.932,127.46,65.59,52.87,2,1,2,72.27,917.12,URGENTE,0
U02513,TRANSITO,48.78,2.563,109.96,69.91,59.29,3,0,13,61.07,1000.02,NORMAL,0
U01028,SAUDE,50.72,2.364,89.62,66.24,55.2,1,2,2,70.35,939.94,NORMAL,0
U03688,ENERGIA,35.48,3.088,88.94,20.05,34.08,0,0,105,57.82,826.16,NORMAL,0
U07039,TELECOM,42.03,1.872,168.99,,62.66,1,0,112,76.26,1163.38,NORMAL,0
U00812,TRANSITO,43.36,2.378,106.57,51.37,55.9,1,2,41,56.98,1181.06,NORMAL,0
U07818,TELECOM,56.28,2.43,148.44,48.27,80.63,0,0,62,60.2,1346.82,URGENTE,0
U00670,ENERGIA,51.31,4.138,158.84,4.03,99.09,3,0,66,67.73,1514.09,NORMAL,0
U04189,SAUDE,48.27,2.74,99.84,38.49,64.33,3,1,28,52.94,959.75,NORMAL,0
U08970,AGUA,48.77,1.943,101.84,10.63,62.91,3,0,50,59.68,812.53,CRITICO,0
U00378,ENERGIA,225.25,3.914,98.02,38.6,53.44,2,1,114,50.33,842.86,NORMAL,0
U07615,AGUA,36.97,2.943,157.29,23.29,47.98,5,1,141,52.49,1014.71,CRITICO,1
U02899,SAUDE,38.91,3.465,119.19,55.98,60.9,4,0,50,85.92,1248.44,NORMAL,0
U04575,SAUDE,44.67,2.394,110.03,19.01,86.32,5,0,44,70.08,1576.01,NORMAL,0
U05436,SAUDE,45.07,2.642,103.04,120.7,43.39,1,0,138,56.51,1033.69,NORMAL,0
U09043,TELECOM,48.86,0.948,111.69,45.84,37.62,2,2,136,70.54,54.76,NORMAL,0
U08333,TELECOM,50.38,2.988,125.24,96.27,74.17,5,0,60,86.81,949.49,NORMAL,0
U06207,TELECOM,188.79,2.263,117.37,25.28,45.26,2,1,144,43.55,844.3,NORMAL,0
U00588,TRANSITO,52.89,2.864,119.73,43.78,65.0,3,1,39,63.76,678.34,NORMAL,0
U02689,AGUA,45.74,,76.44,24.21,59.71,2,0,106,71.1,971.25,CRITICO,0
U04630,TELECOM,37.89,2.153,127.08,33.3,51.53,2,0,142,62.33,926.52,NORMAL,0
U03198,SAUDE,33.38,2.938,103.18,26.46,51.56,5,0,144,73.92,1151.37,URGENTE,0
U05392,TELECOM,35.03,1.275,98.25,259.66,40.95,0,1,49,20.57,814.41,NORMAL,0
U03224,AGUA,30.93,3.225,122.88,79.41,62.28,3,0,54,42.21,1111.47,NORMAL,0
U01437,ENERGIA,55.61,3.959,158.83,83.73,80.59,3,1,141,64.44,1636.55,NORMAL,0
U04928,TELECOM,57.07,2.894,73.16,131.82,65.97,3,0,92,60.81,1104.39,NORMAL,0
U05406,AGUA,33.52,2.113,88.17,88.02,54.77,4,0,34,82.36,863.16,NORMAL,0
U04906,AGUA,,2.464,118.79,74.83,46.91,3,0,45,47.73,843.94,NORMAL,0
U01211,TELECOM,,2.535,168.31,5.72,72.15,2,0,127,41.27,1509.14,NORMAL,0
U08027,TELECOM,50.16,2.307,147.62,9.39,55.1,1,0,105,88.02,895.84,NORMAL,0
U06488,SAUDE,39.21,2.093,73.12,32.56,40.56,0,1,4,66.86,900.41,NORMAL,0
U07324,SAUDE,34.91,2.259,88.32,14.26,58.39,4,0,33,15.24,1064.93,NORMAL,0
U02481,AGUA,31.98,3.026,113.23,,46.68,3,3,41,46.8,1087.12,NORMAL,0
U06395,SAUDE,167.38,2.461,90.33,44.64,50.02,2,1,133,39.35,941.66,NORMAL,0
U04229,ENERGIA,53.4,5.105,159.07,10.44,82.87,5,1,92,53.48,1260.8,NORMAL,0
U07407,ENERGIA,46.93,3.548,110.22,40.7,68.62,4,0,61,99.42,1084.72,NORMAL,0
U03044,TELECOM,60.77,2.495,121.28,35.9,58.05,1,1,3,89.35,1289.2,URGENTE,0
U06234,TELECOM,67.93,3.387,214.81,24.84,100.0,2,1,125,81.3,1650.07,NORMAL,0
U09972,SAUDE,44.71,0.778,126.62,80.87,56.75,3,0,137,53.64,1349.01,NORMAL,0
U01148,ENERGIA,56.11,2.891,128.67,66.97,70.72,7,1,110,60.87,1109.24,NORMAL,0
U03571,TRANSITO,56.33,2.612,125.12,22.61,65.25,6,2,79,54.53,637.21,NORMAL,0
U07696,SAUDE,37.72,2.165,179.9,18.18,87.3,2,0,105,75.5,1288.35,NORMAL,0
U05880,TELECOM,53.56,2.698,135.93,18.44,66.49,4,0,138,59.37,1532.73,URGENTE,0
U09367,TELECOM,50.06,3.556,154.62,,77.06,3,1,122,53.43,1422.53,NORMAL,0
U05759,AGUA,48.46,2.888,80.32,10.87,65.7,2,0,31,68.4,900.4,NORMAL,0
U07742,TRANSITO,33.77,,48.13,78.33,27.24,2,0,37,55.33,859.51,NORMAL,0
U03107,ENERGIA,46.82,2.44,87.0,51.21,49.08,1,1,36,26.51,1325.82,NORMAL,0
U02280,TELECOM,,2.821,107.27,39.01,56.43,0,3,79,79.01,1011.75,NORMAL,0
U01509,AGUA,,3.406,107.69,130.51,55.16,2,1,105,72.56,1199.87,NORMAL,0
U00477,TRANSITO,50.76,1.311,95.82,27.26,58.71,2,1,24,58.08,984.69,NORMAL,0
U06402,ENERGIA,45.71,,90.23,33.26,58.54,1,1,15,63.79,1194.81,NORMAL,0
U07869,TELECOM,49.74,1.615,116.41,11.45,57.6,1,0,7,60.93,1021.44,NORMAL,0
U09784,SAUDE,40.69,2.032,111.71,12.71,57.23,1,0,34,85.37,448.64,NORMAL,0
U04349,AGUA,47.09,3.729,106.9,26.63,73.33,8,1,6,54.19,1147.63,CRITICO,1
U08794,TRANSITO,53.09,1.685,134.58,48.69,56.95,0,3,19,36.13,1218.91,NORMAL,0
U03735,ENERGIA,54.74,3.534,125.92,59.44,63.45,3,1,51,61.81,1102.14,NORMAL,0
U07032,ENERGIA,47.37,1.383,68.77,19.09,28.34,4,0,26,63.19,484.5,URGENTE,1
U09470,TRANSITO,44.72,2.695,85.27,21.63,51.11,2,0,8,60.56,940.36,NORMAL,0
U01340,SAUDE,39.82,2.879,131.01,158.93,52.97,4,0,75,35.9,878.82,NORMAL,0
U05142,ENERGIA,48.64,,157.37,82.18,89.65,4,2,74,64.64,1357.14,URGENTE,1
U09651,SAUDE,51.5,3.958,145.48,82.38,71.9,3,0,89,51.56,1036.98,NORMAL,0
U08123,SAUDE,41.31,1.956,100.78,23.84,58.1,3,0,24,94.14,1509.87,NORMAL,0
U02398,ENERGIA,51.5,3.872,128.91,19.39,62.64,1,1,101,58.34,850.42,NORMAL,0
U06770,TRANSITO,52.76,2.81,147.38,184.04,64.98,2,0,109,62.61,991.14,NORMAL,0
U04911,AGUA,33.18,,97.27,32.19,57.82,3,0,105,85.67,864.24,NORMAL,0
U04994,ENERGIA,44.37,2.437,57.87,47.34,40.42,0,2,20,78.85,1002.47,NORMAL,0
U03645,AGUA,34.86,2.879,122.92,47.6,72.56,4,1,7,57.72,1154.11,NORMAL,0
U01146,AGUA,46.66,3.366,128.54,47.42,45.89,1,0,132,55.32,800.96,NORMAL,0
U02805,SAUDE,49.17,2.838,145.84,53.98,75.44,5,1,139,77.9,1134.01,URGENTE,0
U04062,TRANSITO,50.02,3.135,134.5,31.69,70.13,4,0,47,55.12,1422.94,NORMAL,0
U07275,TELECOM,44.79,1.921,82.64,31.67,26.85,0,0,81,79.73,479.04,NORMAL,0
U04926,ENERGIA,51.03,4.153,138.32,65.82,66.91,4,3,43,48.16,1116.56,CRITICO,0
U09507,AGUA,34.39,2.336,128.34,70.92,66.54,0,0,44,67.02,1516.88,NORMAL,0
U04924,ENERGIA,43.62,2.804,70.65,27.69,44.17,3,2,92,72.83,567.2,NORMAL,0
U04171,AGUA,38.28,2.537,88.77,49.11,33.0,0,1,93,68.87,786.6,NORMAL,0
U00342,TELECOM,43.76,2.751,83.87,10.22,49.65,0,3,104,69.35,574.63,NORMAL,0
U02424,TRANSITO,40.09,3.573,138.89,88.7,87.42,6,1,57,48.69,1691.85,NORMAL,0
U09766,ENERGIA,43.79,2.194,98.74,15.82,34.51,2,1,27,34.87,1044.38,NORMAL,0
U02031,TRANSITO,159.79,2.514,81.26,59.81,61.86,6,0,29,58.08,1101.26,NORMAL,0
U05062,AGUA,40.27,4.27,156.07,37.94,85.87,7,0,34,31.31,1632.1,NORMAL,0
U09851,AGUA,43.84,1.545,137.63,38.1,59.81,2,0,109,63.49,1200.16,NORMAL,0
U00350,TRANSITO,37.19,1.791,104.44,51.83,55.46,2,1,77,96.32,910.54,URGENTE,0
U04891,ENERGIA,,2.223,89.65,15.99,28.08,0,0,109,75.88,906.26,NORMAL,0
U01268,ENERGIA,43.83,4.079,153.1,30.13,66.39,6,2,119,38.86,1273.93,NORMAL,0
U03144,ENERGIA,43.08,9.574,99.45,15.93,44.63,2,0,144,68.75,617.41,CRITICO,1
U02212,SAUDE,39.78,2.047,135.23,19.7,70.34,6,0,104,66.16,668.05,NORMAL,0
U02456,TRANSITO,,1.375,120.33,55.87,89.4,5,1,26,65.48,1343.14,NORMAL,0
U06541,SAUDE,49.9,4.076,140.96,53.14,80.82,2,0,37,29.32,1359.7,URGENTE,0
U09579,AGUA,39.85,6.552,74.23,133.16,43.14,2,0,44,54.31,453.59,URGENTE,1
U07298,SAUDE,48.33,2.916,125.9,52.02,62.52,4,0,80,89.51,832.65,NORMAL,0
U02504,SAUDE,47.43,,111.06,65.28,85.68,1,1,28,80.01,936.44,NORMAL,0
U03497,TELECOM,55.42,3.867,117.22,,74.02,6,0,2,67.66,1138.28,CRITICO,1
U00450,AGUA,46.64,3.215,90.29,23.72,50.66,3,3,53,40.61,1186.54,NORMAL,0
U09494,ENERGIA,34.24,1.828,94.21,86.87,33.39,0,0,90,42.18,500.07,NORMAL,0
U09398,SAUDE,47.26,2.042,75.91,66.98,37.97,1,0,121,64.92,695.48,URGENTE,0
U06115,SAUDE,41.43,2.394,157.1,,82.69,5,0,120,65.04,1692.79,NORMAL,0
U03494,SAUDE,47.39,3.476,172.89,29.65,70.96,2,0,69,67.0,1064.5,URGENTE,1
U03434,SAUDE,42.27,2.244,41.43,86.43,35.42,4,0,8,73.75,805.56,NORMAL,0
U03472,TRANSITO,44.53,3.044,130.23,53.83,63.13,3,0,100,77.92,1195.69,NORMAL,0
U04265,ENERGIA,53.3,3.441,117.63,56.5,54.9,3,0,49,65.8,927.09,URGENTE,0
U03803,TRANSITO,48.6,2.542,99.47,56.01,60.22,1,0,72,61.99,973.26,NORMAL,0
U06159,TELECOM,50.53,1.681,113.58,35.07,51.2,1,0,109,83.4,1123.35,NORMAL,0
U06673,ENERGIA,44.55,3.461,107.3,20.46,54.92,5,3,140,70.1,1130.04,NORMAL,0
U05981,AGUA,51.09,3.061,120.86,27.81,60.86,1,1,26,66.19,435.0,NORMAL,0
U02292,ENERGIA,50.12,3.859,151.31,38.0,71.33,3,0,130,57.48,1306.04,NORMAL,0
U08380,ENERGIA,54.99,2.371,82.28,41.91,57.4,5,0,43,28.2,1025.15,NORMAL,0
U08654,SAUDE,45.96,0.42,85.31,49.18,39.32,3,1,128,66.56,810.6,NORMAL,0
U03424,TELECOM,50.67,10.743,131.43,92.97,69.21,5,1,128,33.53,1155.92,URGENTE,1
U05339,AGUA,37.37,3.776,119.34,88.9,54.28,2,0,60,87.82,665.68,NORMAL,0
U01978,TELECOM,,1.34,133.98,57.53,73.58,1,2,36,44.89,1206.41,NORMAL,0
U07386,SAUDE,47.52,2.391,151.77,25.71,75.52,4,3,66,58.34,1310.62,NORMAL,0
U03401,AGUA,46.41,1.967,138.52,14.24,65.73,3,0,42,29.23,1038.66,NORMAL,0
U04545,SAUDE,35.77,3.061,85.06,18.04,52.85,2,1,31,70.91,927.74,NORMAL,0
U03135,ENERGIA,41.38,3.824,129.96,37.5,65.06,4,0,57,62.56,848.3,NORMAL,0
U09933,ENERGIA,32.9,4.85,77.68,55.88,47.84,1,1,53,62.66,880.48,NORMAL,0
U08276,SAUDE,31.98,2.045,79.48,26.6,53.83,2,1,98,54.74,992.17,URGENTE,0
U00381,SAUDE,47.78,2.13,168.02,93.65,80.09,9,0,95,78.63,1587.29,URGENTE,1
U00562,ENERGIA,43.15,2.309,82.47,78.37,43.09,3,0,40,36.07,826.02,NORMAL,0
U01078,SAUDE,38.74,1.225,77.55,40.8,43.39,1,0,45,55.29,933.93,URGENTE,0
U06456,TRANSITO,47.16,2.253,126.99,101.84,63.96,2,2,74,57.42,887.31,NORMAL,0
U08062,TELECOM,48.03,2.334,130.96,83.25,63.67,3,2,85,60.81,1375.34,NORMAL,0
U00346,ENERGIA,,0.635,104.35,14.12,49.59,2,0,61,44.2,1142.68,NORMAL,0
U06686,TRANSITO,45.33,2.695,146.92,23.41,82.84,0,0,43,66.4,1804.72,NORMAL,0
U09063,AGUA,37.36,3.275,102.49,88.81,31.44,2,0,112,75.76,840.7,NORMAL,0
U03248,AGUA,42.2,2.902,83.5,42.36,50.81,1,1,78,51.84,917.03,NORMAL,0
U01757,TRANSITO,30.06,1.302,49.53,,28.93,2,0,6,67.9,692.5,URGENTE,0
U03254,SAUDE,40.79,1.295,86.51,46.04,51.52,1,1,61,40.55,1033.61,NORMAL,0
U04471,SAUDE,44.16,,123.45,27.09,90.5,5,0,32,60.38,1165.28,NORMAL,0
U03222,ENERGIA,40.08,1.983,111.78,5.55,51.02,0,0,70,84.43,876.14,NORMAL,0
U07675,ENERGIA,42.95,4.069,115.63,67.28,75.25,1,0,35,74.26,988.7,NORMAL,0
U05820,SAUDE,,2.095,146.51,84.45,63.4,0,0,141,86.82,639.19,NORMAL,0
U01814,AGUA,43.53,1.768,90.35,39.69,37.52,4,0,46,43.83,629.35,NORMAL,0
U05775,SAUDE,43.84,2.299,59.61,16.75,44.33,3,0,93,74.04,739.23,NORMAL,0
U01204,AGUA,41.11,3.829,102.18,74.56,46.39,1,1,126,49.62,559.48,NORMAL,0
U05781,ENERGIA,46.75,10.471,140.68,70.42,84.28,1,1,68,42.65,994.62,CRITICO,1
U08555,SAUDE,39.02,3.31,149.79,66.36,68.68,1,0,138,46.43,1171.61,URGENTE,0
U02389,AGUA,36.24,2.44,60.28,25.75,41.22,2,0,58,54.1,643.39,NORMAL,0
U02642,AGUA,38.73,,66.37,70.99,34.54,2,1,48,41.25,478.96,NORMAL,0
U04829,TRANSITO,44.15,3.518,151.36,37.18,81.79,2,0,86,53.41,1425.77,URGENTE,1
U02283,TRANSITO,53.85,2.423,133.7,129.34,69.65,2,1,22,75.2,1387.84,NORMAL,0
U08392,AGUA,39.86,2.361,59.55,21.55,55.02,4,1,3,46.64,940.27,NORMAL,0
U03483,AGUA,32.39,3.585,108.06,38.33,58.47,4,1,133,65.26,1189.81,NORMAL,0
U00234,AGUA,47.01,3.579,132.05,15.5,58.7,2,0,58,56.35,1220.59,NORMAL,0
U01871,TELECOM,50.09,2.613,127.37,24.21,57.21,7,1,108,55.69,915.04,NORMAL,0
U09538,TRANSITO,53.23,3.243,170.23,37.4,74.75,1,0,68,49.06,1084.78,URGENTE,1
U09435,TELECOM,45.24,0.539,86.31,15.22,33.07,1,0,140,64.55,450.16,NORMAL,0
U01938,ENERGIA,55.22,3.757,120.53,50.68,57.65,5,1,97,38.72,973.43,URGENTE,1
U07680,TRANSITO,36.63,2.034,74.19,153.28,32.09,3,0,98,83.56,678.75,NORMAL,0
U04461,TRANSITO,,3.177,159.26,24.12,77.9,3,0,19,65.53,1381.42,NORMAL,0
U09530,ENERGIA,48.92,4.01,120.79,17.56,57.44,1,0,35,69.92,1174.54,NORMAL,0
U06588,SAUDE,35.6,2.257,128.91,77.36,51.68,4,1,103,72.66,1011.23,NORMAL,0
U01404,SAUDE,37.3,,116.78,63.3,71.96,2,0,60,54.74,1324.7,NORMAL,0
U08754,AGUA,43.24,,152.55,86.03,79.92,1,1,77,75.81,1416.41,NORMAL,0
U00992,TELECOM,57.66,2.688,134.54,63.71,86.35,6,0,108,20.76,1213.58,CRITICO,1
U05613,AGUA,52.76,3.671,111.66,78.93,78.41,1,0,18,76.84,1548.12,NORMAL,0
U08573,ENERGIA,51.21,4.546,134.36,45.21,72.0,4,3,64,89.79,1069.58,NORMAL,0
U03601,AGUA,43.62,2.665,127.95,42.12,58.13,1,0,108,95.23,1133.37,NORMAL,0
U06046,TRANSITO,52.12,3.509,97.33,118.51,48.3,1,0,32,59.29,465.89,NORMAL,0
U09152,ENERGIA,54.75,2.341,145.95,29.08,60.92,4,1,137,46.25,1287.98,CRITICO,1
U03530,ENERGIA,41.74,3.347,106.46,36.28,46.44,5,1,27,58.36,1107.03,NORMAL,0
U01959,SAUDE,37.66,0.678,94.41,47.46,65.98,2,1,32,79.68,873.7,NORMAL,0
U05276,SAUDE,49.0,3.178,170.4,6.56,91.15,5,0,141,55.4,1514.41,NORMAL,0
U07743,TELECOM,50.48,3.359,114.1,46.86,66.11,2,1,26,74.81,1321.26,NORMAL,0
U03296,AGUA,46.0,2.968,126.46,62.19,67.7,5,3,7,42.78,993.33,NORMAL,0
U09382,TELECOM,44.48,1.781,71.05,73.92,18.69,2,1,101,80.6,248.41,NORMAL,0
U07487,TRANSITO,50.32,2.37,105.3,13.76,73.05,3,0,31,64.79,1265.75,NORMAL,0
U09831,TELECOM,44.24,3.029,115.79,27.85,48.03,0,0,125,77.95,910.25,NORMAL,0
U00822,TRANSITO,48.61,3.806,98.22,22.89,73.05,7,0,33,38.28,685.04,NORMAL,0
U01525,TRANSITO,48.71,4.411,98.07,10.47,43.83,3,4,115,50.3,1124.54,NORMAL,0
U06720,TELECOM,55.53,1.452,144.48,85.55,80.49,5,0,71,76.46,1082.57,NORMAL,0
U05807,SAUDE,38.9,,121.58,33.9,59.33,6,1,121,50.91,1196.43,CRITICO,1
U04406,SAUDE,39.92,3.167,161.46,16.35,71.76,0,0,92,67.07,1274.35,NORMAL,0
U04863,TRANSITO,40.43,,110.99,93.79,45.04,3,0,84,89.39,729.07,NORMAL,0
U06318,AGUA,40.81,3.37,81.94,53.78,74.38,2,1,13,40.28,720.37,NORMAL,0
U02574,SAUDE,47.22,1.643,139.59,37.3,63.98,1,0,135,84.86,1247.91,NORMAL,0
U07001,TELECOM,49.68,2.267,90.41,45.24,57.38,1,0,73,81.18,1073.8,NORMAL,0
U03319,TELECOM,47.83,3.891,140.3,31.79,70.91,3,0,12,69.83,1282.96,NORMAL,0
U06914,TRANSITO,25.22,2.677,82.1,41.29,24.19,2,0,87,71.66,676.91,URGENTE,0
U01501,SAUDE,43.64,,111.93,60.33,61.48,7,1,117,72.69,1247.87,NORMAL,0
U06220,TRANSITO,105.35,2.621,97.53,24.32,45.75,1,0,51,89.19,808.56,NORMAL,0
U00203,SAUDE,39.22,2.58,89.49,58.28,51.08,0,0,7,62.97,1458.72,NORMAL,0
U05763,ENERGIA,45.3,2.504,148.15,59.02,74.65,4,2,86,77.12,952.29,NORMAL,0
U07063,ENERGIA,48.31,4.108,131.58,,66.39,4,1,11,81.73,1259.49,CRITICO,1
U02587,SAUDE,42.41,3.091,147.41,15.88,59.89,3,0,122,74.45,1249.41,URGENTE,0
U01053,TELECOM,50.78,,100.54,22.96,58.15,3,0,20,56.19,1062.44,NORMAL,0
U02408,TRANSITO,44.56,7.984,100.86,54.42,55.71,2,0,110,50.57,1258.96,URGENTE,1
U03631,ENERGIA,55.68,3.597,118.62,91.13,76.74,3,0,18,81.01,1639.48,CRITICO,1
U00680,SAUDE,41.89,2.898,110.34,40.12,63.41,2,1,5,26.82,749.76,NORMAL,0
U02182,SAUDE,44.87,2.45,137.46,68.41,74.18,3,0,101,62.95,1195.17,NORMAL,0
U01138,AGUA,32.7,2.788,98.6,12.94,43.77,4,2,56,90.39,838.52,NORMAL,0
U08168,TELECOM,,2.694,106.84,31.65,51.39,3,1,74,81.15,1041.71,NORMAL,0
U05695,SAUDE,39.85,1.147,98.32,56.8,50.43,1,1,70,66.76,1041.94,NORMAL,0
U04524,AGUA,39.15,2.637,96.3,32.29,55.67,3,1,43,53.71,461.86,CRITICO,1
U09408,AGUA,111.18,5.129,191.77,63.99,96.79,7,0,144,50.24,1615.87,CRITICO,1
U06566,SAUDE,36.22,1.444,108.82,62.11,47.11,4,1,55,41.6,1091.47,CRITICO,0
U07740,SAUDE,45.15,2.766,120.62,44.11,51.46,3,0,133,68.54,1149.71,NORMAL,0
U03172,ENERGIA,,2.573,85.72,180.86,30.62,4,1,70,65.42,753.76,NORMAL,0
U09235,ENERGIA,41.69,2.297,147.83,87.85,57.23,5,0,144,85.7,708.07,NORMAL,0
U06099,SAUDE,50.59,2.003,105.5,,57.85,2,1,25,82.86,1290.45,CRITICO,1
U09357,ENERGIA,42.14,,138.39,25.76,67.64,4,1,72,15.0,1186.77,NORMAL,0
U01825,SAUDE,35.91,3.571,82.83,138.4,36.04,3,0,36,30.95,571.02,NORMAL,0
U09825,TRANSITO,36.5,4.058,114.72,106.2,66.64,3,2,41,75.56,1236.12,NORMAL,0
U00208,SAUDE,45.41,2.288,157.05,49.14,88.98,1,0,62,40.55,1443.63,NORMAL,0
U09959,SAUDE,34.17,3.313,177.22,54.93,72.93,2,0,85,73.73,1168.3,NORMAL,0
U00093,TELECOM,44.62,1.581,101.97,134.58,59.72,3,0,8,35.21,879.58,NORMAL,0
U00235,ENERGIA,50.99,2.817,145.96,69.48,83.24,4,1,38,91.96,1123.28,NORMAL,0
U01550,SAUDE,33.26,2.436,77.16,70.31,33.99,3,0,8,34.42,520.28,NORMAL,0
U00147,SAUDE,36.87,1.698,104.61,46.02,39.72,2,0,128,49.18,871.33,CRITICO,1
U04443,AGUA,48.41,4.166,179.32,27.91,93.03,8,1,68,67.64,1095.88,NORMAL,0
U09147,TRANSITO,45.05,2.476,95.84,11.9,45.32,2,0,21,51.26,998.65,NORMAL,0
U07560,ENERGIA,48.18,3.289,148.95,42.55,68.92,4,0,130,46.47,807.26,NORMAL,0
U09288,TELECOM,36.29,0.705,71.18,47.9,24.9,2,0,18,72.05,635.64,NORMAL,0
U03720,TRANSITO,50.12,,151.08,58.46,65.55,5,1,76,76.24,892.48,NORMAL,0
U05480,AGUA,43.95,3.139,126.54,2.0,100.0,4,1,16,93.53,1225.38,NORMAL,0
U07395,SAUDE,34.7,2.401,92.42,73.65,47.48,4,1,38,45.13,592.06,NORMAL,0
U09725,TELECOM,51.84,2.957,141.8,31.75,78.47,3,2,63,84.34,1147.48,NORMAL,0
U00498,ENERGIA,49.75,3.521,161.06,96.74,71.08,2,0,63,47.39,1005.24,CRITICO,1
U06305,ENERGIA,45.0,3.475,108.65,22.68,60.02,3,1,40,69.3,1311.83,NORMAL,0
U06125,TRANSITO,48.67,,77.58,65.12,54.07,1,0,139,37.68,1285.9,CRITICO,1
U03939,ENERGIA,44.21,2.752,102.41,42.79,72.3,1,0,22,62.01,1160.69,NORMAL,0
U03634,TELECOM,37.87,1.804,115.75,47.93,47.27,3,0,62,97.18,781.51,NORMAL,0
U06548,TRANSITO,,3.716,166.96,19.95,80.64,2,3,96,86.88,858.07,CRITICO,0
U09694,ENERGIA,49.98,3.597,88.75,60.4,43.67,4,0,14,56.69,886.84,NORMAL,0
U01763,TRANSITO,54.92,2.925,141.77,47.95,66.64,4,1,28,39.28,1046.87,NORMAL,0
U01798,AGUA,27.28,3.199,108.47,80.06,64.78,2,0,56,81.58,879.94,NORMAL,0
U07406,ENERGIA,58.63,4.097,180.69,29.55,86.15,1,2,140,68.23,1217.74,URGENTE,1
U00233,TRANSITO,34.09,,86.69,23.23,39.42,1,2,66,42.84,617.18,NORMAL,0
U04557,TRANSITO,42.34,2.455,126.95,8.05,48.23,2,2,109,82.5,368.51,NORMAL,0
U00463,TELECOM,55.62,3.958,198.71,101.84,93.11,4,1,84,34.63,1494.76,NORMAL,1
U08232,AGUA,45.92,1.903,131.87,48.51,65.24,4,0,136,70.35,1140.3,NORMAL,0
U01458,TRANSITO,,3.526,111.77,29.31,54.49,1,0,84,55.82,1062.12,NORMAL,0
U05736,ENERGIA,48.27,2.601,88.02,74.46,57.31,3,1,81,33.75,1223.08,NORMAL,0
U00831,TELECOM,55.59,2.739,79.5,79.94,56.6,2,0,22,37.51,892.31,NORMAL,0
U00729,AGUA,168.96,2.878,90.37,,63.76,1,0,62,55.53,710.12,NORMAL,0
U03421,ENERGIA,49.56,3.679,161.08,77.73,67.29,4,1,115,45.82,1375.92,NORMAL,0
U01297,SAUDE,31.95,2.079,93.32,106.42,52.09,3,1,52,100.0,868.7,NORMAL,0
U05122,TELECOM,37.4,2.354,85.87,156.69,61.41,2,3,51,40.99,1030.55,URGENTE,0
U03868,ENERGIA,39.88,2.138,94.22,47.08,54.54,5,1,23,89.75,1369.48,NORMAL,0
U04933,SAUDE,30.79,1.538,119.88,58.04,40.88,0,0,15,29.53,1181.22,NORMAL,0
U00705,ENERGIA,51.23,0.725,104.6,22.89,24.77,1,0,85,53.57,548.84,NORMAL,0
U06693,AGUA,30.52,2.644,139.31,57.78,66.91,1,1,70,61.43,805.06,NORMAL,0
U02995,ENERGIA,47.15,3.562,95.38,34.49,36.29,1,2,121,62.59,755.75,CRITICO,1
U08418,AGUA,152.94,4.548,83.87,71.65,65.65,2,1,5,64.43,1081.93,NORMAL,0
U04526,TELECOM,57.69,2.506,143.59,,94.2,3,1,47,61.38,1172.62,NORMAL,0
U08165,TELECOM,47.32,1.154,119.2,65.94,59.82,4,0,80,54.59,1001.61,NORMAL,0
U00933,SAUDE,38.14,2.045,159.04,119.68,54.38,1,0,92,55.7,986.36,NORMAL,0
U03087,AGUA,33.05,4.097,133.07,18.97,59.39,2,0,36,64.55,982.43,CRITICO,1
U06082,SAUDE,51.45,3.786,126.2,128.0,73.83,4,2,50,74.89,1318.61,NORMAL,0
U05448,AGUA,45.24,4.788,97.23,44.63,74.97,2,0,140,58.99,1279.1,NORMAL,0
U04191,AGUA,40.3,1.741,95.31,79.89,42.03,3,0,109,49.14,1096.78,NORMAL,0
U05165,SAUDE,43.98,2.817,183.5,,78.39,1,1,113,37.41,1016.37,URGENTE,1
U08775,TRANSITO,161.95,2.805,136.23,56.47,82.22,1,0,22,66.26,1472.34,NORMAL,0
U07833,AGUA,40.88,3.601,99.67,16.28,45.27,3,1,92,74.66,951.14,NORMAL,0
U01937,ENERGIA,52.78,3.145,108.29,42.04,56.51,2,1,94,24.72,1167.55,URGENTE,1
U08956,SAUDE,41.32,2.46,100.58,,48.68,3,1,105,82.62,1292.12,CRITICO,1
U05671,SAUDE,45.72,1.272,129.22,42.85,37.91,2,0,141,79.32,823.03,NORMAL,0
U09440,SAUDE,46.75,3.544,95.52,25.67,57.94,2,3,7,70.04,1112.86,NORMAL,0
U08191,AGUA,48.05,3.835,107.8,12.41,53.56,2,1,47,92.48,590.96,NORMAL,0
U09983,TELECOM,45.58,1.442,80.1,32.15,46.66,0,0,71,43.22,544.12,NORMAL,0
U05487,TELECOM,46.24,3.895,125.2,,68.54,3,0,70,41.96,1498.63,NORMAL,0
U08127,SAUDE,38.19,1.803,114.3,26.47,52.7,4,0,33,45.41,665.62,NORMAL,0
U06474,SAUDE,46.96,2.159,102.01,44.76,57.12,3,0,19,53.69,1155.04,NORMAL,0
U06682,AGUA,,4.082,162.86,23.56,78.38,4,1,39,61.77,1646.64,NORMAL,0
U09448,TRANSITO,36.03,,167.32,19.73,70.44,3,0,111,78.86,969.07,NORMAL,0
U03326,ENERGIA,52.85,3.437,121.61,39.96,72.03,6,0,67,49.8,1141.88,URGENTE,1
U08458,ENERGIA,46.13,2.873,127.23,45.08,72.38,2,0,25,78.27,835.59,NORMAL,0
U08475,SAUDE,38.71,1.826,103.15,33.99,50.71,2,1,13,74.05,1033.84,NORMAL,0
U04621,TRANSITO,59.09,2.457,148.72,33.66,85.27,8,1,25,90.11,962.03,CRITICO,1
U06152,SAUDE,46.77,1.679,66.53,6.7,28.93,1,3,93,87.95,664.38,NORMAL,0
U03864,SAUDE,32.53,1.601,94.46,48.22,35.49,2,0,140,60.59,459.17,NORMAL,0
U08941,ENERGIA,52.48,,123.15,4.92,73.05,3,1,31,58.05,879.83,NORMAL,0
U08074,AGUA,36.81,2.142,116.25,51.18,59.87,3,0,30,60.95,1043.4,NORMAL,0
U02160,TRANSITO,38.18,3.337,92.44,61.36,46.39,5,0,125,44.35,529.66,NORMAL,0
U07589,TELECOM,46.89,2.743,148.19,6.61,89.65,4,1,77,80.91,1837.68,NORMAL,0
U00161,AGUA,43.64,2.67,122.28,61.72,56.7,1,0,92,45.33,1215.43,URGENTE,1
U01748,AGUA,41.59,3.139,150.15,104.2,71.62,8,0,129,42.54,1256.95,NORMAL,0
U06658,SAUDE,49.35,3.567,175.95,16.91,93.73,2,1,102,77.36,1451.79,URGENTE,1
U01740,ENERGIA,53.73,3.148,98.49,116.13,46.95,3,0,71,74.16,749.92,NORMAL,0
U03455,TELECOM,,1.352,35.34,60.99,18.24,2,1,60,80.53,866.88,NORMAL,0
U05600,AGUA,34.59,2.519,103.64,26.18,57.9,0,0,46,47.37,1192.8,NORMAL,0
U08678,TRANSITO,46.37,3.578,54.91,48.5,39.01,3,0,73,46.88,1019.23,NORMAL,0
U08535,SAUDE,30.75,2.634,94.78,19.87,47.87,5,2,4,40.02,916.52,NORMAL,0
U02478,AGUA,33.53,2.233,116.38,80.87,34.72,4,0,117,60.74,562.33,NORMAL,0
U09163,AGUA,43.16,2.294,101.02,19.48,33.59,4,1,115,78.92,984.03,NORMAL,0
U06590,SAUDE,36.29,2.965,113.24,55.9,65.53,4,0,64,57.55,1007.46,NORMAL,0
U00310,SAUDE,31.94,2.53,134.83,40.09,59.39,4,0,29,49.23,1339.8,NORMAL,0
U04518,TRANSITO,55.08,2.733,146.66,109.72,52.99,5,3,122,86.94,770.9,NORMAL,0
U01008,SAUDE,34.47,2.094,99.02,11.01,36.74,0,3,17,50.19,1035.5,NORMAL,0
U00876,ENERGIA,47.82,,113.1,43.25,66.14,6,0,3,48.45,1073.23,NORMAL,0
U00351,SAUDE,47.56,4.094,135.79,,71.69,5,2,18,57.63,1211.72,NORMAL,0
U04385,TRANSITO,,2.803,98.4,39.19,64.31,3,0,18,68.04,1236.82,NORMAL,0
U07493,ENERGIA,46.51,10.619,159.36,48.29,84.38,5,0,130,64.12,1407.08,CRITICO,1
U00332,TELECOM,44.88,3.182,80.83,84.17,60.91,1,0,43,52.97,1163.18,CRITICO,1
U01532,TELECOM,,2.481,103.52,21.62,49.86,2,1,57,69.25,1022.59,NORMAL,0
U06254,AGUA,36.21,3.567,146.23,67.78,55.98,0,1,109,59.32,1361.42,NORMAL,0
U05461,SAUDE,49.54,6.931,150.52,,62.07,2,0,128,95.5,578.31,URGENTE,1
U09866,ENERGIA,44.45,3.454,80.74,113.37,42.96,0,0,92,63.25,527.69,NORMAL,0
U06109,AGUA,37.67,2.815,148.94,56.56,63.88,1,1,90,60.9,1105.13,NORMAL,0
U01112,TELECOM,43.21,1.492,149.89,35.16,75.8,7,0,120,90.18,1408.44,NORMAL,0
U02297,TRANSITO,46.34,3.216,89.06,28.42,55.67,4,0,17,58.04,900.11,NORMAL,0
U02605,TRANSITO,57.24,4.305,201.17,93.79,100.0,5,0,108,68.21,1428.01,URGENTE,1
U00700,TRANSITO,46.55,2.248,110.08,6.27,58.24,3,2,139,55.04,1022.66,NORMAL,0
U09464,TRANSITO,35.94,3.493,100.78,69.25,47.86,0,1,91,51.69,958.95,NORMAL,0
U09742,SAUDE,32.56,1.395,148.76,20.09,67.22,6,2,70,46.75,835.37,NORMAL,0
U00989,TELECOM,49.53,3.332,139.43,78.89,94.43,1,2,108,52.89,1080.23,NORMAL,0
U09310,TRANSITO,45.82,2.387,109.3,63.26,43.17,5,0,141,59.47,698.36,NORMAL,0
U07780,AGUA,,,149.56,4.63,88.46,3,0,94,56.04,1118.42,URGENTE,0
U01154,TELECOM,42.5,,122.86,65.13,82.6,5,0,23,46.83,1248.21,NORMAL,0
U06508,SAUDE,48.96,3.229,139.06,79.57,77.94,7,2,107,54.72,1455.82,URGENTE,0
U01551,ENERGIA,46.76,3.12,166.35,55.12,78.66,2,0,101,55.4,1470.33,NORMAL,0
U03369,TELECOM,,9.937,159.14,95.1,79.92,2,0,134,82.53,719.49,URGENTE,1
U04880,SAUDE,37.8,2.847,154.89,107.83,92.85,6,0,79,63.66,1752.71,CRITICO,1
U05421,ENERGIA,51.86,1.956,106.82,52.9,48.85,2,0,44,60.22,899.22,NORMAL,0
U05140,SAUDE,36.14,2.333,120.79,109.97,59.6,3,1,126,57.83,713.11,NORMAL,0
U08985,ENERGIA,47.84,4.023,110.8,22.11,66.51,1,0,92,77.78,1347.78,NORMAL,0
U04446,ENERGIA,49.3,3.201,133.77,10.73,61.15,2,0,115,55.53,1122.59,NORMAL,0
U07173,AGUA,39.41,2.437,149.57,31.38,64.41,3,1,87,70.11,1489.43,URGENTE,0
U06960,SAUDE,34.98,2.26,163.65,37.61,68.41,5,0,121,40.47,928.24,NORMAL,0
U04172,ENERGIA,45.66,1.314,114.49,63.46,53.34,2,0,102,64.84,514.44,NORMAL,0
U05919,SAUDE,,2.015,90.24,54.22,55.76,5,0,11,53.86,1190.13,NORMAL,0
U00229,AGUA,43.87,3.402,119.97,73.34,58.72,5,0,120,27.53,1278.82,CRITICO,1
U06075,TELECOM,46.28,2.116,104.94,29.62,44.39,2,0,129,84.09,858.79,NORMAL,0
U06267,AGUA,41.14,3.778,137.38,13.28,64.67,4,1,33,33.98,1161.55,NORMAL,0
U09261,ENERGIA,47.61,9.377,137.9,110.77,90.09,4,0,52,66.96,1473.92,CRITICO,1
U04337,SAUDE,37.97,0.59,89.04,68.11,50.79,3,1,31,62.8,1012.56,URGENTE,0
U01741,TELECOM,53.93,3.243,123.81,10.29,73.43,2,0,93,63.23,1223.86,URGENTE,0
U05552,TELECOM,48.94,1.466,120.27,10.9,40.65,1,0,112,55.59,837.24,NORMAL,0
U09170,SAUDE,36.19,3.943,102.03,31.9,73.17,2,0,91,49.38,1264.46,NORMAL,0
U04515,ENERGIA,57.91,3.468,138.6,57.95,81.58,3,0,82,56.93,946.27,CRITICO,1
U06777,AGUA,39.17,1.683,141.7,75.24,64.23,3,2,115,77.67,716.03,CRITICO,1
U03146,AGUA,38.25,1.961,70.15,48.64,50.63,1,1,47,63.17,1119.07,NORMAL,0
U06226,TELECOM,59.8,2.06,140.91,84.46,65.27,4,2,97,68.1,934.33,NORMAL,0
U07092,ENERGIA,32.58,2.308,128.54,46.01,37.57,1,0,16,58.03,721.73,NORMAL,0
U02366,TELECOM,50.6,1.716,104.55,,59.1,5,0,23,58.87,933.62,NORMAL,0
U01824,ENERGIA,51.74,2.111,122.74,31.69,67.27,1,1,73,66.26,1153.45,NORMAL,0
U08208,ENERGIA,39.49,2.868,113.84,,46.23,1,0,117,33.07,602.29,NORMAL,1
U09030,ENERGIA,49.45,1.925,71.56,50.39,34.37,2,0,125,60.47,667.6,NORMAL,0
U03399,ENERGIA,62.91,4.499,190.16,9.28,97.7,5,1,105,15.0,1466.48,NORMAL,0
U08335,TELECOM,50.62,2.91,163.23,26.25,57.89,3,0,125,57.05,888.45,NORMAL,0
U00358,ENERGIA,,2.498,99.21,33.64,68.47,2,0,3,50.78,633.43,NORMAL,0
U09617,TRANSITO,,2.587,145.59,78.55,71.3,4,1,56,40.16,1270.04,URGENTE,0
U00508,SAUDE,45.52,3.298,123.1,44.5,57.43,7,1,83,92.68,1043.94,NORMAL,0
U06435,TRANSITO,44.42,2.557,151.64,8.16,61.12,2,1,117,80.8,492.79,NORMAL,0
U09741,ENERGIA,44.91,3.794,118.61,23.07,58.56,2,1,42,55.41,503.73,NORMAL,0
U07271,AGUA,44.09,2.489,99.59,48.94,51.52,2,0,86,68.94,641.52,NORMAL,0
U03742,AGUA,45.06,2.93,113.93,34.37,48.18,1,3,91,62.3,1141.3,NORMAL,0
U03102,TELECOM,38.76,1.296,106.16,75.08,30.55,4,0,101,52.99,690.1,URGENTE,0
U05417,ENERGIA,44.17,3.113,133.57,21.5,69.37,2,1,10,44.69,1003.89,NORMAL,0
U08938,AGUA,39.54,1.516,86.18,45.26,25.96,2,1,47,61.67,983.71,NORMAL,0
U01819,ENERGIA,49.03,3.952,115.44,25.23,64.87,2,0,132,72.79,966.11,NORMAL,0
U08364,SAUDE,43.82,3.103,182.04,71.29,83.82,4,0,68,35.84,1138.25,NORMAL,0
U01012,ENERGIA,49.11,2.789,68.42,117.47,46.9,2,0,65,81.49,615.1,NORMAL,0
U01943,SAUDE,39.13,2.284,92.02,17.48,51.42,1,0,79,79.3,707.73,NORMAL,0
U06723,SAUDE,36.51,2.001,49.59,39.19,25.74,4,0,73,53.26,913.58,URGENTE,0
U09726,SAUDE,40.82,2.29,107.25,36.42,54.51,1,0,48,65.89,1115.03,NORMAL,0
U09889,ENERGIA,51.91,2.905,117.88,21.41,65.55,5,1,111,32.14,952.04,NORMAL,0
U06035,TRANSITO,42.57,2.898,146.73,66.88,54.5,4,1,108,43.88,1155.48,NORMAL,0
U08148,AGUA,44.7,2.526,148.48,114.06,60.45,2,0,143,73.28,1022.71,NORMAL,0
U06043,SAUDE,39.33,1.402,107.34,106.64,50.54,2,1,138,28.26,1348.17,NORMAL,0
U06104,ENERGIA,48.53,,171.26,68.08,91.0,2,1,43,61.31,1208.49,NORMAL,0
U05121,TRANSITO,,2.239,181.06,66.45,81.11,0,2,75,59.34,1363.72,CRITICO,1
U05109,ENERGIA,44.23,2.773,69.28,54.32,41.76,3,0,81,90.43,850.79,NORMAL,0
U04333,TELECOM,55.09,3.415,165.54,,95.97,4,2,73,49.53,1449.25,NORMAL,0
U05468,ENERGIA,50.0,,152.28,102.67,76.93,3,2,5,38.06,1354.63,NORMAL,0
U05607,SAUDE,42.69,1.822,126.16,24.29,63.11,3,1,94,60.81,1281.39,NORMAL,0
U04920,ENERGIA,46.65,2.77,98.82,23.87,75.39,4,3,16,53.57,1526.95,NORMAL,0
U06583,SAUDE,44.02,,127.7,24.64,55.55,0,0,5,67.36,1393.93,NORMAL,0
U01460,SAUDE,,2.19,102.16,95.69,71.67,7,1,59,55.97,1298.5,NORMAL,0
U05954,ENERGIA,49.26,3.133,106.37,49.5,42.93,0,3,91,60.94,911.92,NORMAL,0
U05506,ENERGIA,49.65,9.122,96.53,30.17,57.03,4,0,15,68.57,914.63,CRITICO,1
U01346,ENERGIA,60.75,2.704,140.12,75.82,64.21,3,0,32,43.46,1266.87,URGENTE,0
U00959,SAUDE,39.91,1.277,79.83,64.06,46.12,4,1,66,73.16,975.22,URGENTE,0
U08483,SAUDE,48.29,2.952,92.16,43.12,62.99,1,0,57,54.75,1054.3,NORMAL,0
U09677,TELECOM,45.39,2.131,94.86,6.8,49.37,2,0,143,76.49,695.66,NORMAL,0
U09100,SAUDE,32.21,3.659,71.91,48.75,29.0,1,2,61,70.07,432.29,NORMAL,0
U06420,AGUA,37.61,2.954,144.47,54.17,71.8,2,0,94,57.27,1429.27,NORMAL,0
U01481,ENERGIA,57.76,2.956,110.27,64.64,59.15,3,0,20,82.11,1077.87,NORMAL,0
U09211,AGUA,31.69,3.106,115.06,61.6,71.97,1,2,90,66.9,1272.65,NORMAL,0
U00097,AGUA,41.66,3.774,148.53,71.18,70.09,3,0,118,68.67,958.22,NORMAL,0
U09734,SAUDE,46.06,2.558,163.46,93.18,93.4,6,1,141,67.56,1129.05,NORMAL,0
U07055,SAUDE,40.0,2.465,84.92,8.14,50.05,2,0,29,54.12,744.46,NORMAL,0
U09510,ENERGIA,48.87,2.884,95.03,16.61,72.98,5,0,72,75.34,1330.17,NORMAL,0
U03175,ENERGIA,59.42,4.696,136.18,92.68,88.56,1,0,36,45.04,1458.51,CRITICO,1
U07317,SAUDE,38.91,3.178,153.29,4.66,61.68,4,0,128,61.22,1205.14,NORMAL,0
U07224,SAUDE,48.33,1.818,134.45,24.62,64.99,2,0,134,62.81,1015.34,NORMAL,0
U07599,ENERGIA,46.46,8.531,129.69,41.63,72.07,1,0,106,52.76,808.69,CRITICO,1
U02861,SAUDE,32.99,2.221,108.96,150.14,34.16,0,0,139,41.37,625.91,NORMAL,0
U01255,SAUDE,37.44,3.169,92.84,14.24,40.0,1,0,106,56.55,1227.66,NORMAL,0
U00965,TELECOM,217.65,2.348,147.44,71.21,66.35,2,0,123,73.18,1419.45,NORMAL,0
U02579,SAUDE,42.78,1.665,125.25,32.58,61.96,2,0,9,77.41,1306.02,NORMAL,0
U07565,SAUDE,38.4,2.91,149.09,25.34,66.42,1,0,111,80.23,948.33,NORMAL,0
U07769,TRANSITO,46.88,3.542,131.98,30.46,72.9,3,1,32,86.96,1189.84,URGENTE,0
U06625,ENERGIA,50.54,3.271,122.61,7.11,66.15,4,0,129,65.07,1212.21,NORMAL,0
U08571,TELECOM,42.41,3.257,94.91,8.14,71.88,3,1,32,89.63,929.02,NORMAL,0
U06718,SAUDE,44.28,2.267,140.53,98.3,83.74,6,0,106,86.11,1575.03,NORMAL,0
U07104,AGUA,44.52,3.893,159.08,,98.12,1,0,15,62.98,1542.13,NORMAL,0
U08220,AGUA,51.73,3.29,108.26,67.8,72.41,1,0,6,31.03,1214.41,NORMAL,0
U04178,SAUDE,49.23,2.805,162.47,98.55,86.03,4,0,122,58.71,1516.05,NORMAL,0
U09224,AGUA,43.46,3.714,148.5,143.62,66.61,6,0,82,58.37,999.85,NORMAL,0
U07331,ENERGIA,55.09,3.123,74.45,105.35,62.45,3,0,9,86.37,1362.81,NORMAL,0
U08789,TELECOM,56.38,3.62,91.9,16.52,73.5,5,1,8,62.08,1155.08,URGENTE,1
U05486,SAUDE,42.88,2.457,100.0,44.62,67.91,4,0,2,56.55,1250.98,NORMAL,0
U00504,ENERGIA,51.34,3.149,117.42,4.96,70.83,3,0,2,43.99,1075.8,CRITICO,0
U01842,ENERGIA,136.83,3.323,98.71,23.08,44.3,5,0,30,27.28,658.99,NORMAL,0
U06547,SAUDE,184.63,1.79,149.54,147.62,74.44,2,0,43,60.7,1053.17,NORMAL,0
U04567,TELECOM,49.41,1.975,94.04,,65.58,0,2,90,46.82,992.43,NORMAL,0
U04168,TRANSITO,34.8,4.323,60.29,21.82,28.32,3,0,128,66.93,526.47,NORMAL,0
U08109,SAUDE,41.89,1.616,102.13,28.56,52.81,3,0,56,81.31,801.82,NORMAL,0
U00034,AGUA,45.4,2.348,136.98,28.19,75.97,0,0,113,62.4,1387.08,NORMAL,0
U03147,ENERGIA,43.91,2.683,121.43,78.11,48.77,3,0,118,60.01,722.22,NORMAL,0
U06272,SAUDE,37.87,0.978,109.55,68.22,29.65,3,0,121,53.4,861.38,NORMAL,0
U00306,ENERGIA,54.85,3.184,159.18,71.06,70.54,5,0,97,47.34,1512.16,NORMAL,0
U08219,ENERGIA,45.6,3.251,85.02,8.95,33.89,1,0,98,53.67,1503.12,NORMAL,0
U06215,TELECOM,41.44,1.701,160.45,7.18,86.82,0,0,130,58.68,1537.87,NORMAL,0
U09613,AGUA,45.4,3.448,149.85,22.66,72.24,1,0,139,56.74,1113.88,NORMAL,0
U03925,SAUDE,148.02,2.789,101.52,41.19,49.68,0,0,4,68.91,1359.39,NORMAL,0
U09643,ENERGIA,38.03,1.237,72.09,47.1,24.51,1,1,123,100.0,723.56,NORMAL,0
U02875,SAUDE,40.93,3.676,147.4,52.94,58.43,3,1,125,62.71,877.64,NORMAL,0
U09214,ENERGIA,48.31,4.398,154.27,78.53,68.7,3,1,143,60.95,1221.04,NORMAL,0
U09010,SAUDE,34.6,2.522,136.83,189.64,73.19,2,0,4,73.33,1019.33,NORMAL,0
U09495,ENERGIA,56.14,2.883,136.4,43.96,78.03,4,1,90,53.9,1219.33,CRITICO,1
U07209,AGUA,49.96,,155.71,107.74,95.49,6,0,5,73.4,1733.19,NORMAL,0
U04341,AGUA,35.34,2.07,127.7,40.72,58.93,4,1,59,51.84,979.46,CRITICO,0
U06159,TELECOM,50.53,1.681,113.58,35.07,51.2,1,0,109,83.4,1123.35,NORMAL,0
U07417,SAUDE,34.36,3.462,79.01,22.35,55.42,2,1,41,52.61,1139.46,NORMAL,0
U03663,SAUDE,32.38,2.342,100.54,57.13,47.42,3,0,17,56.76,1294.96,CRITICO,1
U00861,AGUA,50.14,3.627,123.4,38.73,57.12,4,0,129,77.89,1249.09,URGENTE,0
U03020,ENERGIA,48.74,2.99,131.54,47.89,68.07,1,0,31,41.74,968.44,NORMAL,0
U00999,SAUDE,42.4,3.319,113.62,74.13,44.71,1,1,47,94.96,992.63,NORMAL,0
U06160,TRANSITO,43.24,2.269,50.29,18.6,53.89,3,0,17,56.11,862.75,NORMAL,0
U00398,TRANSITO,,2.687,118.98,32.84,56.56,1,1,13,67.54,733.14,NORMAL,0
U03979,TRANSITO,34.25,2.793,95.71,20.47,42.11,2,0,73,92.62,909.56,NORMAL,0
U06047,SAUDE,39.17,,77.49,,20.09,0,0,142,68.46,521.95,NORMAL,0
U08806,AGUA,,2.2,99.68,84.71,70.58,1,1,21,67.03,1030.44,NORMAL,0
U05710,SAUDE,40.61,3.283,108.96,46.97,53.75,9,0,28,53.08,765.12,NORMAL,0
U00397,ENERGIA,,4.194,133.77,80.13,70.93,3,1,85,71.59,1526.61,URGENTE,0
U09212,TRANSITO,46.42,2.533,97.76,130.18,68.67,1,0,17,83.12,902.69,NORMAL,0
U09333,ENERGIA,50.56,3.301,184.09,27.48,96.03,3,1,10,70.98,1148.07,NORMAL,0
U09690,SAUDE,39.39,2.169,119.14,111.08,57.62,3,1,143,81.3,1170.15,NORMAL,0
U00247,ENERGIA,39.7,3.477,62.92,19.36,23.82,2,0,96,85.53,879.8,NORMAL,0
U09975,SAUDE,44.72,2.157,115.44,35.8,65.86,5,1,76,85.87,1236.21,URGENTE,1
U05321,AGUA,133.59,2.84,120.53,61.44,51.68,4,0,127,31.41,1118.5,NORMAL,0
U02900,ENERGIA,51.51,,92.14,107.42,51.01,1,0,116,75.0,759.62,NORMAL,0
U06343,SAUDE,46.83,3.01,146.96,27.2,74.54,4,1,65,57.05,855.74,NORMAL,0
U08063,TELECOM,46.32,2.731,141.05,15.63,77.97,3,1,116,64.62,1380.14,NORMAL,0
U04833,SAUDE,38.25,1.362,95.49,43.1,47.88,1,2,9,69.59,1019.79,NORMAL,0
U02443,TRANSITO,,3.419,169.17,76.46,95.32,4,0,33,63.82,1433.0,NORMAL,1
U04820,ENERGIA,49.95,2.996,171.16,50.19,97.14,5,1,110,75.42,1220.26,CRITICO,1
U00753,TRANSITO,43.77,2.925,121.88,36.55,70.46,2,0,77,39.96,1141.93,CRITICO,0
U06250,TRANSITO,59.22,2.733,118.93,24.24,83.38,4,2,104,37.2,1097.89,NORMAL,0
U04620,AGUA,45.94,3.358,110.91,91.14,66.79,0,0,110,62.17,1386.93,CRITICO,1
U02470,AGUA,42.36,2.388,70.18,33.93,37.88,2,1,86,52.33,735.28,NORMAL,0
U08580,ENERGIA,51.7,3.089,105.55,37.05,62.03,1,1,40,72.46,928.91,NORMAL,0
U09496,AGUA,39.98,1.243,51.61,35.47,42.44,2,0,7,90.86,575.15,NORMAL,0
U00692,AGUA,30.78,2.601,95.82,,23.87,1,0,92,39.43,555.02,NORMAL,0
U01284,ENERGIA,54.47,,132.08,28.3,55.18,2,0,132,80.43,616.13,NORMAL,0
U07453,TELECOM,112.63,1.434,109.39,103.07,76.88,3,2,34,54.67,1101.19,NORMAL,0
U08440,ENERGIA,35.02,2.788,104.31,10.21,31.13,2,0,135,72.42,827.68,NORMAL,0
U03223,ENERGIA,49.43,3.01,132.69,24.93,60.9,2,0,110,71.21,1535.27,NORMAL,0
U06725,ENERGIA,38.2,,115.02,,46.0,1,1,125,74.09,805.35,NORMAL,0
U06476,ENERGIA,70.45,3.956,153.51,141.49,82.02,8,2,101,47.23,1130.36,CRITICO,1
U09745,ENERGIA,61.71,3.53,139.45,82.15,80.66,2,0,41,60.09,1507.07,NORMAL,0
U02339,ENERGIA,48.86,1.82,94.59,53.58,39.89,2,1,47,48.85,1212.64,NORMAL,0
U09727,ENERGIA,46.2,3.528,83.96,21.18,57.01,2,0,31,65.27,702.11,NORMAL,0
U09775,AGUA,48.43,3.867,112.19,35.83,64.57,4,0,2,57.82,982.96,NORMAL,0
U00304,ENERGIA,44.49,2.176,120.97,22.35,71.64,6,2,87,57.67,904.98,NORMAL,0
U00188,SAUDE,38.58,2.551,113.02,17.37,44.51,2,0,111,66.92,752.71,NORMAL,0
U01357,ENERGIA,38.87,3.607,153.84,36.02,68.15,3,0,142,50.69,1187.62,NORMAL,0
U07715,SAUDE,40.39,,115.24,,37.75,3,0,54,67.09,728.44,NORMAL,0
U06060,SAUDE,41.09,0.537,112.74,33.1,52.7,4,1,83,80.23,1143.64,NORMAL,0
U02150,ENERGIA,142.49,10.197,143.65,70.06,71.21,3,1,55,70.89,1219.4,URGENTE,1
U06762,SAUDE,38.38,3.041,122.16,105.8,73.71,1,3,18,91.39,1089.57,NORMAL,0
U00485,SAUDE,34.0,2.59,100.53,38.03,43.92,4,1,41,39.88,690.29,NORMAL,0
U09842,ENERGIA,52.15,1.67,62.79,131.05,40.98,3,1,73,73.83,819.81,NORMAL,0
U01114,AGUA,47.88,2.618,140.64,38.27,78.74,1,0,89,63.1,1172.33,NORMAL,0
U05622,TRANSITO,,2.394,148.75,59.67,73.54,3,1,31,68.8,1427.02,NORMAL,0
U05705,ENERGIA,47.47,2.824,137.79,75.98,64.26,8,0,41,68.01,1185.25,CRITICO,1
U05013,TELECOM,185.09,2.771,117.82,83.6,70.78,7,0,23,65.09,1400.88,NORMAL,0
U08797,TRANSITO,39.42,5.513,133.17,40.33,53.28,2,0,135,47.19,1237.0,URGENTE,1
U01252,SAUDE,47.41,1.749,96.87,14.28,33.28,4,1,89,56.29,481.48,NORMAL,0
U07414,ENERGIA,44.23,2.298,105.69,48.63,52.76,2,0,35,89.37,765.06,NORMAL,0
U04396,AGUA,38.05,2.426,99.28,34.95,57.1,4,3,16,53.66,449.15,NORMAL,0
U06687,AGUA,41.48,3.232,99.13,129.53,58.27,5,0,79,51.7,894.2,NORMAL,0
U05929,SAUDE,,2.658,129.96,29.08,61.12,2,0,17,39.7,1135.35,NORMAL,0
U06222,SAUDE,37.15,3.226,197.1,34.4,87.71,1,1,144,50.23,1464.66,CRITICO,1
U08648,TRANSITO,50.14,2.182,148.31,87.34,62.73,1,0,115,84.88,1082.59,URGENTE,0
U03355,TRANSITO,52.94,2.604,79.34,119.92,71.44,3,1,75,86.5,1197.69,NORMAL,0
U07097,SAUDE,38.23,1.658,56.8,42.07,33.8,3,0,14,44.44,1100.08,NORMAL,0
U05075,SAUDE,49.83,2.373,59.21,74.92,30.56,0,0,37,81.14,802.65,NORMAL,0
U04923,ENERGIA,42.61,1.901,111.96,12.2,56.14,4,1,84,75.88,1513.64,NORMAL,0
U07267,ENERGIA,35.2,10.83,120.86,116.81,44.89,3,1,116,49.15,1157.03,CRITICO,1
U08831,AGUA,32.92,2.704,190.05,18.72,79.78,2,0,65,64.92,1381.78,NORMAL,0
U06368,AGUA,48.27,3.489,144.91,25.65,97.46,5,1,104,53.04,1127.36,CRITICO,1
U09163,AGUA,43.16,2.294,101.02,19.48,33.59,4,1,115,78.92,984.03,NORMAL,0
U06586,TRANSITO,42.77,1.444,112.44,76.24,45.15,3,1,76,54.1,726.54,NORMAL,0
U09360,ENERGIA,58.35,3.351,174.2,29.28,81.59,5,1,62,79.54,1426.55,NORMAL,0
U02045,ENERGIA,49.53,4.079,133.57,57.94,87.6,2,1,58,84.05,1519.55,URGENTE,0
U01909,ENERGIA,45.95,2.482,82.89,68.46,53.61,3,0,99,50.42,816.03,NORMAL,0
U05183,TELECOM,53.36,2.645,158.1,50.25,76.76,4,0,91,51.39,1510.67,NORMAL,0
U03024,TELECOM,47.65,2.54,84.11,27.61,56.73,2,1,29,56.65,1058.86,NORMAL,0
U09840,TRANSITO,48.74,1.658,68.82,34.7,47.7,1,1,122,54.94,787.16,URGENTE,0
U06887,AGUA,44.9,3.664,123.57,16.34,60.04,2,0,88,56.68,929.03,NORMAL,0
U01490,ENERGIA,53.0,,84.07,33.91,54.63,4,0,86,52.81,1679.81,URGENTE,0
U03347,ENERGIA,42.75,2.56,28.29,79.74,18.98,0,0,28,35.81,728.41,NORMAL,0
U02015,ENERGIA,52.86,2.627,142.13,13.94,79.54,3,0,42,82.13,1063.81,NORMAL,0
U01635,SAUDE,46.25,1.445,64.15,34.06,36.14,4,0,60,23.32,494.89,NORMAL,0
U08355,TELECOM,47.9,2.9,101.94,,57.07,1,2,48,65.62,541.11,NORMAL,0
U02313,AGUA,38.36,1.94,131.77,89.48,66.05,4,0,96,58.91,813.54,NORMAL,0
U04751,TRANSITO,36.72,2.403,71.65,132.18,22.21,2,1,110,47.78,965.47,NORMAL,0
U02050,TRANSITO,44.04,4.461,55.42,22.43,50.57,3,0,52,49.73,833.05,NORMAL,0
U03227,ENERGIA,48.81,3.908,148.11,20.79,77.83,1,0,112,37.05,1396.0,NORMAL,0
U00329,TELECOM,52.0,2.34,136.23,13.56,74.76,5,0,103,62.37,1077.88,NORMAL,0
U05144,AGUA,37.07,2.887,122.98,7.8,46.65,1,0,139,80.79,858.59,NORMAL,0
U07585,AGUA,52.44,2.788,138.44,108.46,52.31,1,0,104,45.38,1155.69,URGENTE,0
U05063,ENERGIA,45.3,1.634,81.95,14.02,40.0,2,1,115,71.4,1128.87,NORMAL,0
U06890,AGUA,46.83,,59.63,3.73,65.14,4,1,39,31.68,1289.15,NORMAL,0
U04606,AGUA,35.49,2.849,93.71,34.46,53.61,1,1,55,51.87,731.38,URGENTE,0
U00176,SAUDE,45.58,3.967,116.22,23.91,43.49,5,2,108,64.83,917.48,NORMAL,0
U02419,AGUA,,3.344,75.44,34.22,32.8,1,1,82,70.82,478.37,NORMAL,0
U06438,SAUDE,49.06,3.357,127.11,12.6,73.18,2,0,8,62.82,1469.6,NORMAL,0
U09221,TELECOM,52.78,1.46,114.11,39.03,58.53,4,0,129,94.44,1264.91,NORMAL,0
U07154,TELECOM,58.26,10.319,113.85,12.06,87.74,8,1,4,78.27,1526.68,CRITICO,1
U05869,TELECOM,40.68,3.343,119.56,106.8,57.29,3,0,92,45.99,909.04,NORMAL,0
U05168,AGUA,41.47,2.793,104.55,36.73,55.94,3,2,112,43.3,958.89,NORMAL,0
U02233,SAUDE,46.37,1.782,135.46,93.87,65.16,2,0,92,63.51,1221.07,NORMAL,0
U03176,TELECOM,55.41,2.244,116.29,28.29,72.29,4,0,105,94.18,1382.82,NORMAL,0
U05634,SAUDE,40.57,1.468,79.25,119.66,37.57,5,1,69,86.51,938.36,NORMAL,0
U02839,ENERGIA,53.87,2.7,94.69,21.7,46.43,0,0,25,54.83,805.74,NORMAL,0
U05984,TRANSITO,44.75,2.475,72.82,46.46,45.46,2,1,33,60.57,916.78,NORMAL,0
U04497,ENERGIA,50.06,3.411,127.0,121.21,67.83,1,0,18,63.3,1495.61,NORMAL,0
U05385,AGUA,43.39,2.02,76.17,40.56,49.51,2,0,4,92.43,1402.65,URGENTE,0
U05971,ENERGIA,55.21,3.264,139.1,27.07,77.21,3,1,143,64.07,1349.88,NORMAL,0
U04412,TRANSITO,39.63,1.794,100.44,99.26,53.49,5,1,48,49.82,1270.67,NORMAL,0
U06589,TRANSITO,50.04,1.323,113.02,59.88,61.19,0,0,62,82.77,865.11,NORMAL,0
U05374,TRANSITO,48.65,2.112,159.75,144.83,86.51,2,1,64,47.34,1468.03,CRITICO,1
U06621,TELECOM,51.11,2.81,108.07,75.34,59.31,0,1,46,72.34,1220.48,NORMAL,1
U03908,ENERGIA,51.89,3.788,103.83,46.2,62.09,1,1,43,43.58,852.98,NORMAL,0
U06065,TRANSITO,38.65,2.507,48.5,64.66,44.02,1,0,14,82.29,952.87,NORMAL,0
U02679,AGUA,49.93,3.199,164.3,48.01,86.63,2,0,95,76.47,1602.62,NORMAL,0
U09155,AGUA,33.78,2.924,158.14,44.4,76.82,9,1,86,62.51,1465.61,NORMAL,0
U07861,SAUDE,45.71,,140.67,42.15,77.07,1,1,76,49.52,1096.2,NORMAL,0
U07829,TELECOM,39.49,2.083,64.09,94.07,37.53,3,0,34,64.29,673.86,NORMAL,0
U01332,TRANSITO,53.0,2.602,177.54,12.14,78.51,3,1,83,69.37,1049.05,NORMAL,0
U03950,TRANSITO,37.86,2.663,106.03,39.17,32.66,3,1,137,69.45,589.24,NORMAL,0
U01696,ENERGIA,49.73,0.978,126.83,71.32,68.05,4,0,108,62.04,638.57,NORMAL,0
U05298,AGUA,42.66,3.779,125.45,54.86,77.42,0,1,43,47.91,1326.85,NORMAL,0
U04307,SAUDE,40.87,2.468,90.09,48.18,51.7,2,0,58,72.4,894.45,URGENTE,1
U02664,SAUDE,47.8,2.064,98.59,19.84,58.44,1,0,26,59.59,1335.68,NORMAL,0
U03713,AGUA,40.8,3.464,174.18,95.88,85.72,6,2,138,63.75,1293.79,NORMAL,0
U08696,SAUDE,46.37,3.404,106.69,,57.75,2,0,74,65.9,1041.1,NORMAL,0
U06257,ENERGIA,48.82,4.02,143.99,121.45,81.69,3,0,65,67.2,1393.43,NORMAL,0
U08846,TRANSITO,44.11,2.717,116.43,16.89,63.58,3,0,90,90.89,914.5,NORMAL,0
U01530,TELECOM,46.24,2.45,124.14,40.39,64.43,0,2,62,48.08,570.67,NORMAL,0
U00953,ENERGIA,39.07,2.269,156.85,45.05,62.29,1,0,86,95.37,1426.02,NORMAL,0
U04851,TELECOM,50.98,3.108,120.46,,73.12,2,0,108,65.46,1085.04,NORMAL,0
U02375,TRANSITO,45.26,2.387,141.06,23.89,77.24,3,0,101,68.93,1296.16,NORMAL,0
U06892,AGUA,41.95,1.979,101.18,49.14,45.75,3,0,119,51.9,656.48,NORMAL,0
U04386,TELECOM,56.13,2.38,185.04,47.36,90.88,2,1,77,53.8,1349.59,NORMAL,0
U06455,TELECOM,42.24,2.239,100.72,65.79,41.17,3,0,78,74.31,783.89,NORMAL,0
U06994,TRANSITO,50.88,3.15,106.28,70.13,70.59,3,0,11,57.99,955.96,NORMAL,0
U02305,ENERGIA,43.71,2.182,136.07,26.48,81.79,3,1,78,60.13,1377.18,NORMAL,0
U06632,TRANSITO,44.84,2.207,107.85,63.11,68.84,4,0,29,72.44,1354.14,NORMAL,0
U08180,ENERGIA,61.62,3.327,166.6,12.93,100.0,3,0,135,31.86,1640.3,NORMAL,0
U06554,SAUDE,47.84,4.114,143.68,37.86,86.58,3,1,43,47.79,1510.86,NORMAL,0
U02603,ENERGIA,49.0,4.207,103.42,25.34,56.07,2,1,90,64.29,1391.74,NORMAL,0
U07120,TRANSITO,47.98,3.235,84.68,64.46,23.21,0,0,41,68.15,460.44,NORMAL,0
U03482,SAUDE,43.81,2.826,95.94,43.25,65.51,5,0,26,61.98,1426.38,NORMAL,0
U02816,ENERGIA,51.64,2.11,133.6,70.78,64.43,2,0,7,64.0,1055.25,NORMAL,0
U05096,TRANSITO,59.69,2.882,146.15,31.87,65.41,5,2,88,59.82,792.84,NORMAL,0
U01097,TRANSITO,39.94,1.823,108.58,140.11,51.13,2,0,75,47.91,691.82,NORMAL,0
U02835,AGUA,42.57,1.755,87.44,34.49,60.31,1,1,68,52.67,862.95,NORMAL,0
U07200,ENERGIA,44.95,3.54,92.9,23.55,48.15,3,0,87,63.67,746.12,NORMAL,0
U04459,ENERGIA,45.45,3.825,117.58,39.61,73.66,2,0,51,60.71,991.78,NORMAL,0
U03872,ENERGIA,51.0,3.113,147.67,109.84,80.64,4,0,97,43.19,1136.97,NORMAL,0
U06854,AGUA,38.11,3.02,116.3,95.8,71.73,6,0,47,20.03,1024.52,CRITICO,1
U09886,TELECOM,49.53,2.562,122.06,47.79,60.91,4,0,53,53.61,900.83,NORMAL,0
U05141,ENERGIA,51.88,3.163,156.1,,81.84,4,1,115,77.17,1165.02,CRITICO,1
U06715,TELECOM,39.32,2.677,116.31,,50.95,5,0,89,67.69,1242.54,NORMAL,0
U03607,ENERGIA,49.85,3.525,110.92,29.53,64.96,2,0,30,52.93,1005.69,NORMAL,0
U01397,SAUDE,41.33,,101.1,41.0,60.06,1,0,15,75.88,632.85,NORMAL,0
U07630,SAUDE,36.23,2.499,138.34,75.21,51.15,3,1,113,32.73,1143.4,NORMAL,0
U04864,SAUDE,37.18,1.444,108.06,69.43,51.55,1,0,80,54.12,1395.79,NORMAL,0
U00009,AGUA,37.58,3.674,112.62,31.37,69.79,5,0,36,80.11,793.09,NORMAL,0
U05852,ENERGIA,52.33,9.303,141.49,12.32,83.39,4,2,115,40.42,1327.31,URGENTE,1
U02665,AGUA,41.32,3.092,124.68,61.22,57.13,2,0,124,36.53,637.55,NORMAL,0
U07884,ENERGIA,52.49,3.8,110.23,10.17,79.73,2,0,22,72.68,1352.33,NORMAL,0
U07763,ENERGIA,49.71,3.118,138.94,26.96,79.56,5,0,4,61.28,820.21,NORMAL,0
U08591,AGUA,34.62,3.172,114.15,23.39,50.95,1,0,139,46.66,700.89,NORMAL,0
U01288,SAUDE,40.46,3.534,165.67,61.74,100.0,2,2,54,62.35,1420.32,NORMAL,0
U00240,ENERGIA,235.14,2.856,89.5,32.83,65.06,4,2,18,40.72,1093.4,NORMAL,0
U06886,SAUDE,48.05,,111.49,51.33,65.02,1,0,7,82.15,1109.56,NORMAL,0
U05456,TRANSITO,39.05,,101.04,28.82,41.07,3,0,50,77.35,762.21,NORMAL,0
U03526,TRANSITO,50.18,3.353,137.55,29.35,61.27,3,1,128,62.61,1214.96,NORMAL,0
U02120,TELECOM,47.72,2.936,117.9,29.16,58.29,1,0,73,87.6,1421.85,NORMAL,0
U09106,TRANSITO,54.01,2.166,125.09,60.39,65.56,1,0,100,62.55,1283.53,URGENTE,0
U02569,TRANSITO,48.1,4.144,120.8,8.88,64.21,1,0,34,71.45,1013.53,NORMAL,0
U03539,SAUDE,45.12,2.758,154.75,34.55,79.54,3,0,117,35.46,1045.01,NORMAL,0
U09128,TRANSITO,40.21,2.247,91.09,53.01,56.01,5,0,9,78.21,558.27,NORMAL,0
U07660,SAUDE,46.91,2.499,125.75,83.32,48.96,4,0,54,80.35,855.65,NORMAL,0
U08241,TELECOM,51.39,2.571,108.37,90.66,51.81,1,2,135,76.07,1173.13,NORMAL,0
U08552,ENERGIA,44.31,3.036,82.33,70.83,42.49,3,0,54,58.26,798.78,NORMAL,0
U06388,ENERGIA,54.99,3.736,111.53,45.5,57.38,0,0,5,55.49,1216.91,CRITICO,0
U00466,SAUDE,185.44,3.968,107.99,90.56,72.83,0,0,75,28.42,1329.16,URGENTE,1
U00114,SAUDE,34.02,2.153,49.92,41.75,38.83,4,0,22,57.7,517.33,NORMAL,0
U10000,SAUDE,39.06,1.189,124.79,28.91,52.97,4,0,127,84.25,942.03,URGENTE,0
U02279,TELECOM,51.39,1.968,104.77,41.21,42.47,3,0,105,52.67,1089.13,NORMAL,0
U05801,TRANSITO,43.79,1.626,107.57,87.98,42.29,4,2,25,97.99,518.84,NORMAL,0
U03701,AGUA,44.51,1.841,103.57,157.33,36.99,2,2,127,40.81,1308.28,NORMAL,0
U07913,SAUDE,53.16,,144.38,82.5,73.12,2,1,58,54.02,1349.37,NORMAL,0
U06864,TELECOM,48.58,3.069,133.36,47.84,82.67,3,1,14,73.29,1438.44,NORMAL,0
U00073,TRANSITO,42.25,2.448,106.69,,57.05,3,1,65,53.81,843.27,NORMAL,0
U01695,TRANSITO,48.31,1.987,99.94,21.94,58.37,0,2,89,49.72,810.66,URGENTE,0
U08405,AGUA,49.49,2.439,127.39,47.67,70.66,4,1,43,57.33,1254.76,NORMAL,0
U05059,ENERGIA,59.32,3.343,168.94,6.26,72.43,1,0,118,69.31,1480.88,CRITICO,1
U08252,SAUDE,34.81,3.368,146.81,55.99,70.63,1,1,102,90.26,992.39,NORMAL,0
U00091,TELECOM,43.83,2.333,63.52,26.75,35.44,4,2,67,66.98,1114.25,NORMAL,0
U07756,ENERGIA,53.6,2.991,149.04,43.4,62.06,3,1,109,100.0,1080.63,NORMAL,0
U00930,ENERGIA,45.97,7.674,115.26,,56.55,1,0,59,61.52,1331.63,CRITICO,1
U08432,AGUA,35.21,2.852,71.76,21.69,46.24,1,0,35,84.94,760.46,NORMAL,0
U01152,AGUA,39.93,4.366,111.21,18.27,89.77,6,0,8,57.22,989.81,NORMAL,0
U09395,TRANSITO,45.01,2.83,146.3,20.28,69.18,4,0,82,67.6,1101.68,NORMAL,0
U07781,SAUDE,50.17,2.234,127.05,51.17,60.47,4,0,76,69.95,1012.4,NORMAL,0
U05840,TELECOM,60.57,2.294,127.97,,59.61,1,1,114,33.15,806.14,NORMAL,0
U07598,SAUDE,47.39,2.643,166.99,46.14,85.36,3,0,22,52.94,1075.87,NORMAL,0
U02362,TRANSITO,49.39,,85.81,33.34,39.23,1,0,52,54.63,944.28,NORMAL,0
U07047,TELECOM,47.65,3.393,132.38,,71.32,0,0,82,34.41,1260.22,NORMAL,0
U06766,TRANSITO,53.31,3.574,128.74,46.88,63.06,3,0,116,74.94,1395.23,NORMAL,0
U03426,AGUA,40.62,3.244,89.91,36.98,39.13,3,0,100,70.44,855.63,NORMAL,0
U09553,SAUDE,40.38,2.962,139.25,13.52,66.76,2,1,129,61.83,1324.93,NORMAL,0
U06643,SAUDE,47.12,3.462,138.19,43.5,76.72,1,1,35,100.0,1398.57,NORMAL,0
U08590,ENERGIA,39.47,1.813,65.8,46.63,18.29,3,0,3,59.69,734.94,NORMAL,0
U09415,ENERGIA,,3.002,82.51,135.38,55.97,3,0,34,75.19,694.15,CRITICO,1
U02235,SAUDE,57.35,2.625,133.12,42.69,64.9,2,2,130,76.29,1111.59,NORMAL,0
U07222,TELECOM,51.35,2.67,168.96,58.35,97.16,6,2,118,36.32,1662.58,NORMAL,0
U02945,ENERGIA,,,82.37,23.58,51.49,5,3,6,60.06,1067.42,NORMAL,0
U08546,ENERGIA,40.11,4.367,100.94,47.61,66.08,0,1,3,43.65,907.91,NORMAL,0
U06798,ENERGIA,58.26,4.607,118.7,115.44,81.78,1,0,17,58.41,1193.14,NORMAL,0
U06075,TELECOM,46.28,2.116,104.94,29.62,44.39,2,0,129,84.09,858.79,NORMAL,0
U09227,ENERGIA,56.02,3.661,103.81,74.85,63.73,4,1,125,47.02,894.25,NORMAL,0
U06525,SAUDE,51.02,2.862,97.4,30.95,49.16,2,1,57,94.64,1227.83,NORMAL,0
U06975,SAUDE,43.62,2.226,77.18,16.28,47.2,0,2,52,67.05,1012.81,NORMAL,0
U01546,AGUA,35.77,3.796,152.49,83.47,60.89,5,0,92,53.76,1266.41,NORMAL,0
U06418,SAUDE,41.0,1.274,116.4,24.47,49.67,5,0,113,44.0,1229.39,NORMAL,0
U02565,ENERGIA,50.57,,126.41,75.78,69.65,3,0,42,81.48,1366.68,NORMAL,0
U05702,ENERGIA,54.51,,137.95,91.07,73.69,6,1,87,70.01,1270.24,NORMAL,0
U07658,SAUDE,42.39,2.352,124.51,34.09,49.94,2,1,106,29.06,996.95,NORMAL,0
U05544,SAUDE,40.18,1.025,138.83,21.06,63.44,5,0,105,41.79,1260.38,NORMAL,0
U03011,ENERGIA,163.61,3.699,150.13,41.61,61.6,2,0,101,62.31,546.26,NORMAL,0
U03082,AGUA,,0.829,71.52,88.69,28.6,5,1,68,73.63,814.18,NORMAL,0
U01746,TRANSITO,208.37,4.161,122.74,55.68,68.52,3,1,123,65.28,962.04,URGENTE,1
U00718,AGUA,39.45,2.797,119.73,19.53,61.12,2,1,130,51.71,815.82,NORMAL,0
U07928,AGUA,41.11,4.053,109.57,36.64,79.5,3,1,24,76.84,1037.61,NORMAL,0
U09290,AGUA,44.44,3.486,113.78,46.6,53.87,6,0,68,66.01,624.46,URGENTE,1
U08649,SAUDE,40.42,2.3,135.14,70.71,59.54,3,0,66,66.52,947.3,NORMAL,0
U00408,TRANSITO,50.56,2.668,159.54,70.44,65.77,4,0,105,56.98,1148.42,NORMAL,0
U04815,TRANSITO,42.66,1.718,104.97,32.02,29.77,3,0,60,35.97,656.68,CRITICO,1
U05735,ENERGIA,44.7,3.652,127.5,80.17,62.15,4,1,118,55.74,955.59,NORMAL,0
U06721,SAUDE,43.56,1.353,108.74,77.18,55.08,2,0,98,51.68,929.33,NORMAL,0
U04896,SAUDE,46.68,1.643,81.69,26.3,33.31,7,0,82,59.33,970.58,NORMAL,0
U03008,ENERGIA,43.04,3.585,93.26,,52.34,4,1,61,83.11,937.14,NORMAL,0
U08926,SAUDE,44.0,2.56,115.5,40.89,56.63,4,0,128,65.66,1120.78,NORMAL,0
U07196,TRANSITO,54.45,2.771,131.38,194.47,86.87,1,1,16,83.1,1454.86,NORMAL,0
U06787,TRANSITO,46.84,1.672,139.72,86.16,78.72,6,0,68,55.72,1591.12,NORMAL,0
U03788,ENERGIA,50.29,1.953,121.1,,74.38,6,2,53,80.63,1680.8,URGENTE,1
U07423,SAUDE,27.94,1.512,131.38,13.98,60.09,2,0,44,56.4,1526.81,NORMAL,0
U07885,ENERGIA,43.02,3.248,148.85,40.85,56.63,3,0,89,44.4,667.34,URGENTE,1
U09487,SAUDE,38.12,2.04,100.64,3.72,47.13,2,0,71,65.63,1339.91,URGENTE,0
U08124,ENERGIA,46.14,3.653,194.33,207.61,68.17,3,0,45,50.26,1325.72,CRITICO,1
U07692,SAUDE,42.13,2.067,119.9,39.15,63.4,8,0,51,64.73,1048.3,NORMAL,0
U04901,TELECOM,45.54,2.908,128.09,153.7,61.19,4,1,140,49.61,994.5,NORMAL,0
U01232,TELECOM,42.01,2.299,135.61,5.78,67.7,2,0,51,72.16,1131.38,URGENTE,1
U05090,ENERGIA,44.29,2.738,133.0,50.11,50.33,6,1,141,53.93,792.8,NORMAL,0
U03400,TRANSITO,189.58,4.677,171.1,86.88,66.05,5,0,114,44.63,941.02,NORMAL,0
U07452,SAUDE,40.5,0.897,124.24,50.44,58.37,7,1,100,47.69,953.83,NORMAL,0
U06392,TRANSITO,,1.553,180.29,65.21,78.76,2,0,96,77.22,1496.77,NORMAL,0
U05810,TELECOM,42.73,,111.27,33.35,58.32,2,1,31,34.94,907.14,NORMAL,0
U08664,ENERGIA,53.04,3.665,126.11,22.25,71.95,3,0,111,60.2,1382.94,NORMAL,0
U09936,TRANSITO,51.7,10.255,109.35,74.52,45.09,3,0,79,40.88,1143.88,NORMAL,1
U06233,TELECOM,45.96,1.654,136.2,21.3,75.29,4,0,27,51.85,1190.38,URGENTE,1
U03407,AGUA,39.33,,118.29,128.18,63.9,1,0,98,64.0,1076.51,NORMAL,0
U09134,SAUDE,29.08,1.824,60.39,43.96,52.29,2,2,51,74.31,1175.7,NORMAL,0
U08592,SAUDE,37.81,1.27,55.05,143.03,27.97,2,0,20,35.33,929.42,NORMAL,0
U09456,TRANSITO,39.24,2.349,53.31,67.14,43.22,3,0,41,79.57,572.4,CRITICO,0
U09074,AGUA,42.17,3.658,74.8,21.62,70.23,3,0,9,30.87,1040.05,NORMAL,0
U05233,TRANSITO,39.75,2.543,93.9,39.12,25.17,4,0,112,71.53,745.53,NORMAL,0
U08986,SAUDE,,,101.2,59.45,49.27,1,0,52,88.79,848.13,CRITICO,1
U01290,SAUDE,48.45,0.157,92.56,60.21,58.81,1,2,98,52.63,997.06,NORMAL,0
U04693,TRANSITO,,2.22,49.09,17.2,42.68,1,0,28,40.04,1433.49,URGENTE,0
U08885,SAUDE,49.21,2.271,109.89,,72.11,1,0,25,57.35,1089.85,NORMAL,0
U02264,TELECOM,50.19,1.387,124.64,152.81,52.0,3,1,50,64.03,1082.33,NORMAL,0
U06062,AGUA,34.76,1.796,87.15,26.06,55.08,5,1,58,21.92,760.74,URGENTE,0
U00269,TELECOM,44.02,1.897,104.76,91.14,56.65,2,0,99,65.54,861.33,NORMAL,0
U02630,ENERGIA,42.92,3.822,122.32,100.94,70.36,3,1,32,76.05,1031.91,URGENTE,0
U04944,ENERGIA,54.12,2.366,99.08,13.0,58.13,2,0,33,86.27,1243.36,NORMAL,0
U09376,SAUDE,39.39,,111.52,79.12,71.06,5,1,81,65.58,1049.88,NORMAL,0
U07617,AGUA,38.82,2.725,77.06,2.64,57.75,1,2,50,70.42,961.25,NORMAL,0
U01836,ENERGIA,51.7,2.911,84.86,53.45,57.98,2,1,90,68.12,1213.29,NORMAL,0
U09547,TELECOM,52.54,3.204,137.75,30.04,87.46,3,0,110,52.86,948.62,NORMAL,0
U09591,TELECOM,50.61,3.284,60.82,40.69,47.13,0,0,23,49.88,640.12,NORMAL,0
U05793,AGUA,28.12,,156.82,50.43,68.2,3,0,82,46.5,819.49,NORMAL,0
U09635,TRANSITO,,3.622,134.88,100.17,57.34,0,1,51,42.1,1154.26,URGENTE,0
U00848,ENERGIA,46.42,2.388,171.44,82.23,82.74,3,1,100,59.7,1677.12,NORMAL,0
U05688,TRANSITO,51.96,2.385,146.27,70.61,64.8,3,0,113,69.51,1166.15,NORMAL,0
U04128,SAUDE,45.8,2.08,120.28,10.06,69.7,2,1,109,60.15,1106.77,URGENTE,0
U02302,TELECOM,204.89,2.183,146.08,23.46,85.43,2,1,76,68.17,1062.24,NORMAL,0
U04956,SAUDE,46.65,2.968,135.14,,73.65,4,0,99,48.99,1337.66,NORMAL,0
U02418,ENERGIA,54.9,2.598,129.99,27.85,88.13,1,0,42,66.31,961.19,NORMAL,0
U04218,TRANSITO,,3.275,131.45,4.68,60.5,2,0,61,69.77,1080.45,NORMAL,0
U07621,ENERGIA,42.27,3.243,147.58,30.0,66.46,4,0,140,66.43,1391.71,CRITICO,0
U06452,ENERGIA,64.31,2.458,117.24,15.21,81.39,5,0,36,43.92,1475.84,NORMAL,0
U08993,ENERGIA,52.52,1.689,80.96,15.35,36.68,3,1,34,16.41,1177.24,NORMAL,0
U09529,AGUA,35.23,1.673,109.77,110.74,47.99,2,2,139,67.18,1004.15,NORMAL,0
U07355,TELECOM,42.69,2.022,128.92,48.05,60.22,3,2,71,53.09,800.63,NORMAL,0
U02014,ENERGIA,43.3,1.859,149.04,31.44,49.71,0,2,115,69.2,1161.6,NORMAL,0
U02699,ENERGIA,52.56,2.933,126.76,75.69,55.89,1,0,106,56.72,810.02,NORMAL,0
U05265,TRANSITO,45.74,,181.39,,62.98,1,2,111,62.56,658.88,NORMAL,0
U05280,ENERGIA,46.89,3.735,59.0,30.36,50.15,5,0,8,42.82,658.86,NORMAL,0
U01831,ENERGIA,44.38,3.887,115.33,68.47,51.28,3,0,88,39.83,1191.93,URGENTE,1
U04802,SAUDE,,2.513,115.68,72.13,43.43,2,2,131,53.86,662.03,URGENTE,0
U06396,SAUDE,38.7,2.438,97.14,62.75,45.41,1,0,82,86.21,966.45,NORMAL,0
U03926,SAUDE,34.78,2.922,124.94,,45.0,1,1,115,77.42,807.55,NORMAL,0
U08992,TELECOM,46.57,,95.58,64.12,53.31,1,1,7,45.18,1123.75,NORMAL,0
U09763,ENERGIA,51.83,3.363,108.42,12.75,52.79,0,1,111,56.62,711.78,NORMAL,0
U02129,SAUDE,38.56,1.631,66.44,117.3,47.36,3,0,14,51.24,1062.59,NORMAL,0
U07183,AGUA,45.93,3.119,144.0,53.25,70.5,3,1,41,74.4,1178.82,NORMAL,0
U07459,ENERGIA,41.78,3.541,106.75,12.62,64.25,4,1,51,58.58,1533.25,NORMAL,0
U00769,SAUDE,,3.034,125.77,7.86,56.14,3,1,81,35.53,1289.61,NORMAL,0
U06443,TELECOM,51.01,4.207,128.46,72.87,69.88,5,0,7,53.21,1105.16,NORMAL,0
U03683,TRANSITO,45.37,2.828,126.11,65.04,60.16,2,0,85,73.11,1153.3,CRITICO,1
U08470,SAUDE,43.17,1.604,122.23,38.84,44.56,2,1,47,68.95,1216.67,NORMAL,0
U01168,TELECOM,46.14,2.594,124.16,,77.54,5,0,46,71.39,1613.25,NORMAL,0
U04427,ENERGIA,56.64,3.685,122.14,55.28,62.93,2,0,103,84.53,1057.56,NORMAL,0
U05113,SAUDE,39.1,1.708,144.48,19.83,77.63,3,2,116,72.14,1243.24,NORMAL,0
U02086,AGUA,42.07,3.796,128.63,218.86,51.92,2,1,104,76.5,1103.33,NORMAL,0
U08137,ENERGIA,43.83,3.522,87.23,12.85,49.87,1,0,9,80.81,824.77,NORMAL,0
U02676,TELECOM,55.47,2.748,124.94,13.24,67.14,1,0,99,48.48,922.24,NORMAL,0
U02318,ENERGIA,51.15,2.355,86.61,18.54,43.96,2,1,44,68.86,681.56,NORMAL,0
U09498,SAUDE,50.13,4.622,137.86,10.3,83.78,4,0,36,78.0,1181.44,NORMAL,0
U00015,ENERGIA,,3.66,97.56,51.61,54.62,3,4,63,72.47,960.2,NORMAL,0
U00345,TRANSITO,,,183.75,60.21,100.0,1,2,120,58.73,1609.56,URGENTE,1
U00583,SAUDE,42.55,2.374,145.9,172.3,85.52,4,1,105,63.3,1425.25,NORMAL,0
U06342,SAUDE,,3.296,117.18,49.95,64.59,1,0,56,57.75,864.72,NORMAL,0
U00360,ENERGIA,96.12,2.348,153.22,135.39,71.3,4,1,91,70.96,1379.17,NORMAL,0
U02023,TRANSITO,43.53,3.114,148.4,10.52,68.59,1,1,106,61.09,1189.31,NORMAL,0
U05356,TRANSITO,47.38,2.711,89.55,27.41,56.2,2,0,7,92.83,805.29,NORMAL,0
U08476,ENERGIA,42.36,2.732,149.03,,70.33,2,0,51,61.61,1352.21,NORMAL,0
U04632,SAUDE,31.25,2.037,124.7,25.51,62.0,2,0,65,53.05,1124.63,NORMAL,0
U09050,SAUDE,,2.287,186.76,40.48,73.02,2,1,123,82.3,1324.15,URGENTE,1
U05246,AGUA,42.83,2.354,82.82,44.21,41.1,1,1,18,28.07,1040.9,NORMAL,0
U08627,ENERGIA,59.39,3.061,150.24,28.29,83.29,3,0,99,34.82,1774.3,CRITICO,1
U04697,TRANSITO,43.52,3.085,141.56,95.61,92.21,4,0,2,71.66,1599.35,NORMAL,0
U04884,SAUDE,35.25,2.008,122.42,15.38,53.65,4,0,67,56.65,1203.92,URGENTE,0
U08872,TRANSITO,38.8,2.583,135.12,83.48,59.72,4,0,105,64.44,1244.25,NORMAL,0
U03786,ENERGIA,48.5,3.725,156.45,98.91,59.19,1,1,123,59.4,892.88,NORMAL,0
U07153,AGUA,36.39,3.716,136.35,56.76,68.22,3,0,44,97.69,931.64,NORMAL,0
U03871,ENERGIA,140.24,3.644,92.12,46.57,42.43,2,0,84,77.31,767.26,NORMAL,0
U09153,SAUDE,49.42,3.106,157.85,64.67,70.43,1,1,98,44.75,832.89,CRITICO,1
U08584,AGUA,37.43,3.106,130.94,15.82,55.96,4,0,61,48.88,839.37,NORMAL,0
U06700,TRANSITO,31.8,2.249,117.3,118.35,47.84,5,0,135,45.36,1146.21,NORMAL,0
U01308,SAUDE,42.31,2.175,95.52,70.3,51.87,1,0,8,45.28,595.37,NORMAL,0
U04353,AGUA,51.77,3.31,119.73,118.67,92.88,2,0,55,59.12,1484.17,URGENTE,0
U07506,AGUA,40.42,2.738,90.69,27.52,44.01,0,0,141,59.49,330.04,URGENTE,0
U06869,ENERGIA,,3.701,163.01,68.34,78.65,3,0,84,76.18,1137.17,CRITICO,0
U07939,AGUA,41.18,9.218,190.1,210.56,92.33,3,0,136,64.46,860.07,CRITICO,1
U01376,TRANSITO,53.04,2.857,125.75,64.86,58.76,2,1,83,66.34,1134.48,NORMAL,0
U07373,ENERGIA,30.5,2.123,126.49,29.52,63.38,2,0,110,55.75,1188.72,NORMAL,0
U09193,ENERGIA,,3.747,155.98,44.38,76.23,0,0,64,62.41,1332.49,NORMAL,0
U02708,ENERGIA,53.22,3.969,126.44,6.46,79.53,1,0,68,47.56,1525.01,NORMAL,0
U07019,TELECOM,46.57,0.976,100.87,17.14,46.51,2,0,94,80.07,522.23,NORMAL,0
U06597,AGUA,51.19,2.713,102.91,60.38,65.89,1,1,48,55.69,806.7,NORMAL,0
U03724,SAUDE,33.79,1.711,92.28,45.77,53.43,3,0,7,77.57,1258.06,NORMAL,0
U03587,TRANSITO,43.95,0.689,112.11,7.86,51.78,5,1,11,50.97,721.73,NORMAL,0
U05517,SAUDE,39.24,3.818,128.16,2.46,77.25,7,1,40,43.65,1107.76,NORMAL,0
U09172,TRANSITO,49.58,3.723,68.75,33.24,59.22,2,2,16,90.04,1432.85,CRITICO,1
U01171,ENERGIA,38.21,1.976,54.93,25.16,37.97,3,0,9,56.95,413.55,NORMAL,0
U05261,ENERGIA,58.9,2.615,121.02,66.13,54.15,2,2,128,94.55,1068.91,NORMAL,0
U00308,ENERGIA,133.61,2.929,114.37,144.94,56.9,4,0,34,64.76,957.66,NORMAL,0
U06765,SAUDE,165.08,1.746,125.61,74.14,64.55,3,0,135,93.62,1132.33,URGENTE,0
U09940,SAUDE,54.76,2.194,188.88,35.99,72.36,3,0,17,63.52,998.26,NORMAL,0
U06191,SAUDE,34.71,2.639,135.1,82.65,68.47,4,0,123,70.22,1034.87,NORMAL,0
U01049,TELECOM,,1.789,108.79,73.99,69.72,1,0,87,39.31,1493.87,NORMAL,0
U06530,AGUA,47.24,3.502,103.25,123.53,60.81,2,1,28,88.41,1237.25,NORMAL,0
U05430,SAUDE,35.45,2.763,46.75,61.87,21.61,2,1,45,84.06,792.32,NORMAL,0
U09944,SAUDE,46.77,1.669,95.52,23.93,42.46,1,0,41,73.37,1547.04,NORMAL,0
U06859,AGUA,44.27,9.146,112.88,102.4,55.69,5,0,29,49.27,1080.09,URGENTE,1
U04330,TRANSITO,45.48,,102.89,137.18,43.74,2,0,94,82.45,951.66,NORMAL,0
U09803,SAUDE,31.3,1.776,127.06,74.64,52.83,3,1,44,65.78,857.51,URGENTE,0
U08692,SAUDE,47.86,3.597,155.26,22.43,68.61,0,0,90,100.0,926.57,URGENTE,0
U00163,SAUDE,46.68,2.629,129.86,69.94,63.5,5,0,58,70.85,1206.1,NORMAL,0
U04843,TELECOM,40.64,,130.95,59.65,63.43,4,0,81,56.5,1184.93,NORMAL,0
U00852,TELECOM,,6.754,151.87,,74.61,7,0,126,64.25,1303.5,CRITICO,1
U08895,TELECOM,50.46,2.432,118.72,29.79,68.94,3,0,89,57.96,926.86,NORMAL,0
U00435,SAUDE,59.14,1.91,153.81,14.76,68.66,2,1,50,74.26,1049.02,NORMAL,0
U04871,ENERGIA,45.56,2.546,195.74,27.61,92.36,4,1,111,58.82,1603.81,NORMAL,0
U00132,AGUA,40.4,3.301,96.63,15.84,46.7,2,1,42,64.69,258.0,NORMAL,0
U08928,AGUA,40.21,3.151,83.46,72.88,42.58,5,0,144,45.57,1051.41,NORMAL,0
U07296,AGUA,45.12,4.029,86.73,48.25,44.06,1,1,105,77.37,836.3,NORMAL,0
U00481,SAUDE,38.18,3.167,140.73,22.03,76.8,6,1,80,31.07,1140.35,NORMAL,0
U07093,TRANSITO,42.67,2.367,78.22,75.38,52.87,3,1,14,89.07,1104.44,NORMAL,0
U03398,TELECOM,60.64,2.687,169.65,34.99,76.04,5,0,43,58.62,1727.13,NORMAL,0
U09289,SAUDE,,2.575,118.9,51.91,67.15,4,0,83,85.03,979.31,NORMAL,0
U02505,AGUA,34.34,2.019,129.94,79.11,61.63,4,0,34,32.2,700.97,URGENTE,1
U02539,ENERGIA,40.78,,90.8,109.74,50.45,0,0,71,46.97,641.43,NORMAL,0
U08616,AGUA,40.18,,106.74,,51.79,2,0,44,71.83,654.41,NORMAL,0
U04603,ENERGIA,56.11,,162.71,11.09,86.96,5,0,105,91.4,1284.5,NORMAL,0
U05670,TELECOM,227.08,2.857,146.23,130.23,62.85,0,0,43,52.16,1039.08,NORMAL,0
U08510,TRANSITO,177.52,2.047,112.7,80.04,61.55,2,1,51,74.92,1365.49,NORMAL,0
U07607,ENERGIA,45.84,3.056,115.64,24.05,67.66,3,0,46,38.51,1248.44,URGENTE,0
U02183,SAUDE,43.37,7.405,121.96,55.83,85.32,8,0,78,40.42,915.77,CRITICO,1
U00881,ENERGIA,52.45,4.143,146.85,37.53,78.31,5,0,103,97.55,1529.79,NORMAL,0
U07856,SAUDE,43.58,1.719,110.88,6.75,70.72,2,1,59,72.02,1275.78,NORMAL,0
U09065,AGUA,92.24,3.741,120.81,101.52,42.15,2,0,89,58.38,987.8,NORMAL,0
U06744,SAUDE,43.64,3.945,138.5,58.49,53.98,0,0,134,44.37,1218.44,NORMAL,0
U04324,ENERGIA,53.76,3.724,164.85,44.57,100.0,4,1,19,51.96,1430.49,NORMAL,0
U08742,AGUA,44.73,4.832,96.59,,71.15,1,0,9,67.42,1063.0,NORMAL,0
U03656,TRANSITO,39.63,2.945,83.05,84.27,58.81,4,0,62,68.54,1131.21,URGENTE,0
U02757,ENERGIA,40.38,3.402,79.51,84.35,43.61,2,0,77,57.85,868.43,NORMAL,0
U05711,TELECOM,47.78,2.801,95.56,88.69,62.71,5,1,37,52.13,1025.51,URGENTE,1
U07983,SAUDE,101.36,2.512,81.76,3.65,47.68,0,1,142,68.19,982.59,URGENTE,1
U09379,SAUDE,31.04,1.388,96.76,72.73,50.94,2,0,15,54.15,703.43,NORMAL,0
U03608,SAUDE,39.49,1.98,60.79,51.41,22.68,1,2,2,76.19,1150.32,NORMAL,0
U04382,SAUDE,33.65,3.403,132.91,20.71,69.1,1,0,14,41.34,1447.77,NORMAL,0
U05353,TELECOM,44.88,,115.26,39.58,57.8,1,1,109,63.82,700.13,NORMAL,0
U08964,TELECOM,52.43,2.495,154.41,,59.73,2,1,93,47.35,1039.17,NORMAL,0
U04889,ENERGIA,50.1,4.208,140.85,48.09,68.3,2,0,134,36.46,1214.78,NORMAL,0
U06655,SAUDE,45.85,1.965,71.81,12.69,41.98,0,1,32,73.5,659.05,NORMAL,0
U09087,TRANSITO,95.82,3.465,105.93,101.35,52.93,1,0,11,69.9,829.26,CRITICO,0
U02402,TELECOM,,3.702,91.85,61.96,61.45,3,2,33,64.04,939.43,NORMAL,0
U04509,TELECOM,,3.064,136.09,23.07,75.56,2,1,22,71.61,1198.49,NORMAL,0
U00582,SAUDE,45.0,2.074,100.62,63.13,64.01,2,0,42,44.01,1308.17,NORMAL,0
U03322,TRANSITO,45.35,3.05,85.44,86.24,44.34,5,1,19,68.13,817.82,URGENTE,0
U09919,AGUA,40.67,2.823,200.1,6.98,90.85,4,1,107,76.21,1196.31,URGENTE,1
U07320,SAUDE,43.66,3.01,163.62,81.15,68.5,2,0,140,82.47,641.65,NORMAL,0
U06751,ENERGIA,40.52,2.337,133.97,32.18,41.66,7,0,126,76.41,774.99,NORMAL,0
U04546,SAUDE,38.5,1.539,16.76,19.07,18.37,2,1,49,50.53,549.8,NORMAL,0
U02259,SAUDE,38.85,3.084,124.74,36.52,76.11,5,0,99,55.69,1294.43,URGENTE,0
U03219,ENERGIA,40.64,1.413,164.66,106.42,71.19,5,0,122,74.46,954.9,NORMAL,0
U01611,TELECOM,40.34,4.658,86.1,49.83,66.91,4,0,17,77.81,1272.28,NORMAL,0
U01333,TELECOM,39.71,2.332,98.72,32.22,50.74,5,0,117,61.07,971.78,NORMAL,0
U01132,TELECOM,48.23,2.249,66.64,20.93,42.22,3,0,22,51.35,793.61,NORMAL,0
U00825,SAUDE,40.78,2.494,103.02,57.37,45.64,6,1,60,59.96,873.51,NORMAL,0
U07172,TELECOM,51.27,3.096,106.87,,51.01,1,2,111,61.13,1021.97,NORMAL,0
U07657,ENERGIA,33.51,,129.63,49.72,65.17,3,0,132,79.56,1301.03,NORMAL,0
U08176,SAUDE,47.96,2.495,124.39,164.08,79.34,4,1,37,44.99,1336.37,NORMAL,0
U08855,ENERGIA,57.33,,110.91,35.25,73.97,3,0,9,89.57,1217.9,NORMAL,0
U09637,ENERGIA,46.57,4.225,106.9,22.7,40.72,1,0,80,59.15,942.54,NORMAL,0
U06315,AGUA,47.13,3.897,87.83,31.5,60.88,1,0,4,81.83,1549.65,NORMAL,0
U01469,TELECOM,37.11,2.346,101.81,34.0,37.81,4,0,70,65.36,820.75,NORMAL,0
U01621,ENERGIA,44.01,3.219,46.59,16.19,37.72,0,0,103,61.46,1219.01,NORMAL,0
U09366,SAUDE,49.32,3.026,129.64,70.81,72.89,9,1,115,46.36,1000.88,NORMAL,0
U08929,ENERGIA,46.58,3.272,58.61,37.69,27.96,1,0,62,58.16,819.6,URGENTE,0
U09888,SAUDE,38.21,2.514,100.27,71.99,52.61,2,1,39,58.82,1045.66,URGENTE,0
U03301,ENERGIA,55.65,3.349,102.38,,75.91,5,0,8,74.93,1207.29,CRITICO,1
U03267,TELECOM,47.08,3.711,178.14,,79.24,3,1,77,34.36,1231.6,NORMAL,0
U07148,SAUDE,47.64,,130.73,26.51,73.07,4,0,90,68.22,1141.2,NORMAL,0
U01997,AGUA,40.56,3.377,112.65,31.95,60.4,1,1,2,60.5,1221.22,NORMAL,0
U06505,SAUDE,44.82,0.785,122.48,83.68,56.13,1,1,144,62.65,906.12,URGENTE,0
U06678,SAUDE,,2.209,164.62,20.9,85.39,2,0,141,41.05,1319.97,NORMAL,0
U06229,ENERGIA,43.88,2.58,70.54,64.12,43.28,1,0,85,86.62,596.4,NORMAL,0
U05230,ENERGIA,49.2,3.894,147.58,77.75,77.28,6,0,37,78.24,1166.94,NORMAL,0
U03470,SAUDE,32.52,1.422,45.47,,29.69,3,0,51,73.27,428.26,NORMAL,0
U04162,TRANSITO,52.85,4.159,103.24,86.06,69.49,3,1,100,41.85,949.8,NORMAL,0
U07420,SAUDE,55.53,2.895,106.24,19.46,68.02,3,0,47,76.28,509.65,NORMAL,0
U02166,TRANSITO,178.34,3.692,101.65,50.93,52.55,1,3,35,51.98,836.41,NORMAL,0
U06948,ENERGIA,58.16,3.363,195.52,28.97,92.57,7,1,91,66.65,1009.76,NORMAL,1
U03353,ENERGIA,43.65,4.005,121.36,57.88,68.23,5,1,120,75.24,719.38,URGENTE,1
U01343,ENERGIA,44.57,9.557,111.69,67.62,66.66,2,0,102,84.19,1288.39,NORMAL,1
U06656,ENERGIA,58.0,2.92,117.87,59.21,75.47,6,0,86,61.93,1053.58,NORMAL,0
U04179,ENERGIA,33.22,0.191,68.29,75.65,12.53,0,0,104,68.19,414.86,NORMAL,0
U01998,ENERGIA,52.56,3.403,126.53,50.68,62.06,6,1,118,46.8,904.38,URGENTE,1
U07346,SAUDE,29.43,2.85,76.09,47.15,33.79,3,0,23,45.04,1412.71,CRITICO,1
U05403,SAUDE,33.28,2.313,126.18,3.35,84.11,3,0,5,69.76,1503.8,NORMAL,0
U08818,AGUA,39.12,1.81,132.08,14.08,62.04,0,1,98,84.04,1042.77,NORMAL,0
U02647,SAUDE,47.49,2.535,122.7,55.33,60.04,1,1,126,70.59,857.34,CRITICO,0
U03721,AGUA,33.44,2.67,106.26,18.49,50.63,4,0,55,65.17,1220.27,NORMAL,0
U07246,TRANSITO,49.04,2.22,115.22,32.3,75.58,3,1,21,55.87,1209.77,NORMAL,0
U04914,AGUA,39.07,1.635,138.96,40.79,38.04,2,0,102,76.94,755.83,NORMAL,0
U07964,AGUA,35.58,1.799,128.58,34.12,66.87,5,0,117,45.71,1359.59,NORMAL,0
U06391,SAUDE,42.56,,168.86,24.72,92.54,1,0,56,30.5,1096.11,NORMAL,0
U02726,TRANSITO,56.6,3.335,183.14,37.39,78.02,3,0,66,31.96,1392.27,NORMAL,0
U08186,AGUA,30.18,3.168,97.77,47.1,61.47,1,0,35,47.53,1183.31,NORMAL,0
U05863,SAUDE,39.76,3.088,186.31,25.02,86.31,2,0,107,47.53,1257.76,NORMAL,0
U05288,AGUA,29.96,1.699,87.89,111.45,60.68,0,0,45,83.82,1411.63,NORMAL,0
U03919,ENERGIA,50.24,2.326,85.89,25.87,48.1,2,1,34,81.07,967.05,NORMAL,0
U01384,ENERGIA,47.56,,139.24,37.71,48.47,3,0,131,50.97,1234.25,NORMAL,0
U05874,SAUDE,39.63,4.071,113.75,24.21,55.89,4,0,98,55.66,950.93,NORMAL,0
U02764,SAUDE,44.61,2.824,154.83,32.45,88.94,1,0,81,96.15,1419.28,URGENTE,1
U08316,TRANSITO,45.97,2.596,188.26,66.02,81.72,4,1,134,88.75,1350.05,NORMAL,0
U08356,SAUDE,28.86,2.226,82.73,45.98,40.9,1,2,45,74.65,615.88,NORMAL,0
U06634,ENERGIA,42.43,3.546,104.92,33.2,40.17,0,0,132,47.95,434.71,NORMAL,0
U00285,TELECOM,45.03,1.327,58.64,17.5,44.02,3,3,2,65.7,926.74,URGENTE,0
U02473,ENERGIA,52.75,4.082,157.56,63.31,89.17,3,0,126,82.49,1494.93,CRITICO,1
U04701,TRANSITO,50.07,1.557,83.58,73.51,48.18,2,2,34,51.87,1081.07,NORMAL,0
U09461,TRANSITO,35.28,2.593,95.97,18.43,38.92,4,0,123,39.82,730.83,NORMAL,0
U07254,SAUDE,46.3,2.428,119.1,26.79,55.09,3,0,107,82.54,968.09,NORMAL,0
U04462,TRANSITO,42.99,2.832,59.58,13.42,30.05,3,0,68,83.4,1008.54,NORMAL,0
U09044,TRANSITO,44.21,1.399,69.37,63.24,36.43,2,1,92,72.17,616.75,NORMAL,0
U04196,TELECOM,,2.604,91.4,67.42,51.67,0,0,10,54.75,1088.92,NORMAL,0
U08981,TELECOM,46.99,2.213,86.97,64.66,44.79,3,1,22,57.64,946.0,NORMAL,0
U06809,ENERGIA,46.35,3.788,135.24,88.1,66.86,5,0,94,63.18,1327.81,NORMAL,0
U07065,TELECOM,35.78,2.368,91.54,79.4,39.55,1,2,52,76.38,742.97,NORMAL,0
U07685,TELECOM,60.1,3.679,124.15,62.96,64.44,3,1,36,60.67,1168.35,NORMAL,0
U08222,ENERGIA,48.14,3.046,107.8,54.88,66.8,2,1,70,76.94,1227.19,NORMAL,0
U05325,TELECOM,54.42,2.568,140.58,109.54,51.45,6,0,41,57.48,919.27,NORMAL,0
U05753,SAUDE,31.35,1.479,132.68,75.93,66.76,3,0,62,46.49,477.82,NORMAL,0
U04499,AGUA,48.03,1.334,121.11,20.59,57.31,2,0,26,84.83,1031.6,NORMAL,0
U08125,SAUDE,34.51,3.186,93.41,37.12,60.72,1,1,84,72.43,1780.43,NORMAL,0
U02890,ENERGIA,48.65,2.895,146.84,49.91,79.09,2,1,62,48.61,1141.42,URGENTE,1
U09327,AGUA,34.67,2.471,113.71,11.35,72.22,4,0,10,69.77,1769.15,NORMAL,0
U02535,AGUA,37.2,3.673,94.38,30.39,26.92,2,0,127,15.0,970.0,NORMAL,0
U08679,SAUDE,46.48,2.492,71.21,69.8,55.68,4,0,38,69.25,1213.58,NORMAL,0
U01589,ENERGIA,52.06,3.919,68.76,73.87,53.61,7,1,63,73.97,866.66,NORMAL,0
U06711,TELECOM,44.97,3.819,102.13,74.65,67.33,3,0,92,54.48,723.74,NORMAL,0
U04578,TRANSITO,45.69,5.811,162.64,59.84,100.0,4,0,57,70.61,1170.31,CRITICO,1
U04551,TELECOM,46.0,3.145,118.0,51.71,48.66,2,1,74,73.48,1071.35,NORMAL,0
U04816,AGUA,,1.705,141.05,46.61,70.74,2,1,42,80.16,1060.65,NORMAL,0
U05692,ENERGIA,48.3,,93.71,,63.73,3,1,67,68.97,1029.44,NORMAL,0
U02515,SAUDE,44.18,1.777,112.15,5.93,68.86,2,0,46,60.69,1007.58,NORMAL,0
U01236,SAUDE,49.43,2.736,129.59,24.77,67.38,4,1,30,67.99,1200.87,NORMAL,0
U04037,SAUDE,35.68,2.695,109.12,74.64,61.21,2,0,119,55.94,1406.2,NORMAL,0
U03732,TRANSITO,37.91,,85.4,62.77,45.64,1,0,38,63.13,975.18,NORMAL,0
U02373,SAUDE,54.21,7.963,205.16,32.4,100.0,5,0,34,71.07,1368.8,CRITICO,1
U08500,AGUA,40.36,2.98,121.56,7.65,59.73,1,1,124,65.53,1306.91,NORMAL,0
U01363,SAUDE,38.38,3.066,75.39,75.93,53.33,4,0,36,60.54,1144.1,NORMAL,0
U01752,TELECOM,43.7,2.075,72.42,50.73,48.91,4,2,92,62.55,478.67,NORMAL,0
U01090,TRANSITO,50.05,3.817,83.61,9.3,66.66,1,1,61,54.47,1102.88,NORMAL,0
U01207,SAUDE,52.71,2.231,115.78,,74.99,3,1,35,94.21,1561.77,NORMAL,0
U05114,SAUDE,48.5,2.128,101.2,15.26,41.57,3,0,131,74.61,755.06,NORMAL,0
U03211,AGUA,48.4,2.387,69.26,62.08,50.36,1,1,10,55.42,891.83,NORMAL,0
U08055,ENERGIA,43.22,3.786,174.2,35.22,74.88,1,0,139,93.49,895.7,NORMAL,0
U08072,AGUA,47.6,2.667,151.71,88.75,83.46,1,0,11,57.92,1107.07,NORMAL,0
U09882,ENERGIA,,3.08,148.88,,70.66,1,1,59,73.33,1426.57,NORMAL,0
U02597,ENERGIA,49.62,3.475,89.72,72.9,67.16,1,1,100,69.66,1215.56,CRITICO,1
U05942,AGUA,46.91,1.875,125.31,63.01,49.59,4,1,144,68.62,872.06,NORMAL,0
U08202,AGUA,34.83,3.464,75.56,,57.11,2,1,32,68.97,937.56,NORMAL,0
U02234,TELECOM,51.33,2.703,137.65,69.84,70.02,3,1,140,54.25,897.78,NORMAL,1
U09453,ENERGIA,49.28,,146.52,7.94,60.73,2,0,59,88.98,655.86,NORMAL,0
U09449,TELECOM,50.32,2.643,137.87,55.45,85.14,3,2,94,71.27,1385.03,NORMAL,0
U06879,AGUA,48.52,2.578,164.65,20.78,87.3,3,1,137,91.69,970.01,NORMAL,0
U04009,AGUA,34.14,,90.66,38.52,61.07,6,0,27,63.19,1270.66,NORMAL,0
U04076,SAUDE,41.44,2.973,126.35,157.18,65.23,1,2,81,52.91,1464.53,NORMAL,0
U07824,AGUA,46.18,4.194,81.78,33.23,51.03,1,1,77,100.0,1451.62,NORMAL,0
U00986,TRANSITO,46.68,2.857,94.6,27.16,62.87,4,0,38,37.83,1318.07,CRITICO,1
U09562,TELECOM,52.4,1.672,151.05,17.98,66.38,2,1,120,64.35,966.01,NORMAL,0
U02512,TELECOM,45.99,2.771,119.74,124.16,59.25,4,1,63,45.84,1176.69,URGENTE,0
U08410,AGUA,232.75,2.321,170.43,54.24,86.0,4,1,133,84.05,1176.69,NORMAL,0
U08525,AGUA,36.33,2.164,40.57,35.9,34.35,5,1,51,57.16,525.28,NORMAL,0
U02832,ENERGIA,45.0,3.758,129.89,56.56,74.99,8,0,134,50.61,1403.87,NORMAL,0
U03110,ENERGIA,40.91,2.742,107.47,61.65,52.07,0,1,103,34.72,1191.0,NORMAL,0
U01218,ENERGIA,48.65,3.795,102.05,65.05,68.33,2,1,24,58.67,998.22,NORMAL,0
U01867,TRANSITO,52.18,3.444,115.61,88.76,51.84,2,1,131,64.7,1129.25,NORMAL,0
U07490,ENERGIA,51.0,3.724,142.92,49.25,76.86,1,0,75,82.54,1307.2,CRITICO,0
U09399,ENERGIA,46.2,2.761,142.97,87.96,71.35,3,1,58,57.67,1026.9,URGENTE,0
U02505,AGUA,34.34,2.019,129.94,79.11,61.63,4,0,34,32.2,700.97,URGENTE,1
U02006,TELECOM,49.25,2.082,132.53,35.7,51.15,2,0,81,70.66,887.43,NORMAL,0
U06740,ENERGIA,53.46,3.4,142.41,32.79,77.41,1,1,111,50.24,1669.76,NORMAL,0
U06961,TELECOM,51.73,2.578,141.09,30.95,81.62,3,1,112,38.18,1213.7,NORMAL,0
U02090,AGUA,50.43,3.129,115.65,32.49,74.08,2,0,18,76.19,1007.54,NORMAL,0
U09655,ENERGIA,48.24,2.313,125.31,8.53,76.19,2,2,56,48.66,1464.78,URGENTE,0
U03952,SAUDE,41.02,3.571,108.36,57.21,62.75,4,0,142,64.23,1108.14,NORMAL,0
U07545,ENERGIA,49.36,,60.17,86.0,32.27,3,1,79,70.26,751.94,URGENTE,1
U07388,ENERGIA,42.76,,143.63,23.32,51.83,2,0,41,49.65,1201.92,NORMAL,0
U04851,TELECOM,50.98,3.108,120.46,,73.12,2,0,108,65.46,1085.04,NORMAL,0
U03511,ENERGIA,39.76,2.097,88.48,59.9,29.09,3,0,60,86.88,344.33,URGENTE,0
U03099,SAUDE,36.24,3.635,136.43,45.37,61.92,3,0,108,57.06,1062.65,URGENTE,1
U08810,SAUDE,47.72,1.018,133.9,45.65,74.28,2,0,55,45.85,973.94,NORMAL,0
U06724,SAUDE,,3.956,83.92,17.4,55.06,3,0,16,58.48,1137.34,URGENTE,0
U05579,AGUA,39.07,2.824,93.48,12.88,45.52,1,0,42,89.1,1157.18,CRITICO,0
U00518,AGUA,44.04,,152.19,32.98,95.93,2,0,135,46.95,1278.61,NORMAL,0
U05680,TELECOM,45.27,2.237,107.51,15.04,52.15,2,1,103,74.89,1062.6,NORMAL,0
U09113,ENERGIA,49.55,3.753,117.38,49.06,66.45,6,0,84,77.2,1399.78,URGENTE,0
U07044,TRANSITO,47.0,2.391,110.03,11.57,49.22,2,0,23,80.43,1072.09,NORMAL,0
U03453,SAUDE,41.22,1.314,64.18,60.16,48.89,1,3,2,75.74,807.93,NORMAL,0
U00055,ENERGIA,53.85,4.115,125.96,50.21,54.15,0,0,74,64.2,646.21,NORMAL,0
U03586,ENERGIA,49.15,2.013,102.77,53.53,54.03,5,1,80,69.41,473.32,CRITICO,0
U00658,TELECOM,52.44,7.684,95.8,51.32,47.05,2,1,66,94.49,941.57,URGENTE,1
U04547,TRANSITO,41.79,3.56,153.58,10.86,83.91,4,1,12,86.4,1203.68,NORMAL,0
U04597,ENERGIA,48.05,9.118,159.4,27.3,77.93,3,1,59,51.64,1327.51,CRITICO,1
U00733,AGUA,40.35,2.738,117.81,43.38,52.29,2,0,113,57.33,804.62,NORMAL,0
U08178,TRANSITO,,3.036,104.97,28.19,63.31,1,0,86,85.91,1144.27,NORMAL,0
U01700,TRANSITO,52.59,0.705,105.03,,46.63,4,0,138,77.75,1209.38,URGENTE,0
U03092,AGUA,47.28,2.666,113.18,109.9,58.33,3,0,38,68.8,1364.43,NORMAL,0
U02185,ENERGIA,55.7,4.363,132.22,23.88,64.74,3,2,59,48.54,1265.29,NORMAL,0
U09136,SAUDE,50.23,2.386,78.91,42.51,40.64,3,1,42,92.33,738.26,NORMAL,0
U02545,AGUA,42.54,2.78,90.04,22.82,49.31,4,0,64,75.81,991.7,NORMAL,0
U06128,ENERGIA,52.05,1.595,118.87,21.53,58.92,1,0,93,55.65,1040.53,NORMAL,0
U07940,TRANSITO,46.4,2.371,142.91,13.44,70.99,3,0,94,51.83,1283.46,NORMAL,0
U06440,SAUDE,39.98,2.467,164.67,30.57,78.72,3,0,141,49.21,974.25,NORMAL,0
U03307,ENERGIA,48.67,2.716,122.93,99.54,80.76,3,0,11,45.45,1189.65,NORMAL,0
U09556,ENERGIA,46.36,3.427,116.42,34.04,60.79,3,0,144,68.11,780.1,NORMAL,0
U03037,TELECOM,54.73,1.612,126.39,35.24,50.77,2,0,104,61.07,747.11,NORMAL,0
U00801,TRANSITO,40.78,2.591,82.95,33.21,46.69,0,0,125,79.08,1058.84,URGENTE,0
U04620,AGUA,45.94,3.358,110.91,91.14,66.79,0,0,110,62.17,1386.93,CRITICO,1
U01605,SAUDE,43.42,2.886,171.01,116.8,88.24,5,0,124,64.53,1277.73,NORMAL,0
U05004,TRANSITO,,1.629,72.35,56.72,36.3,2,0,6,34.17,746.99,NORMAL,0
U05644,SAUDE,46.07,,141.47,40.44,61.66,2,1,137,59.81,1159.9,NORMAL,0
U08957,AGUA,34.15,3.99,113.29,10.77,50.4,1,0,45,89.61,799.2,NORMAL,0
U00111,AGUA,36.54,3.001,62.34,116.96,29.88,8,1,37,89.99,637.88,CRITICO,0
U07510,AGUA,37.7,3.298,99.81,135.08,46.37,1,0,89,56.98,894.04,NORMAL,0
U00395,AGUA,51.23,2.716,151.7,33.51,71.73,2,0,118,63.94,879.92,NORMAL,0
U01025,SAUDE,48.82,2.834,115.2,23.69,59.64,4,1,31,47.72,1164.98,NORMAL,0
U08044,TELECOM,43.06,2.267,118.85,82.05,74.48,2,0,32,98.56,1221.95,NORMAL,0
U01133,AGUA,32.59,3.306,116.5,71.76,66.54,5,0,72,100.0,1048.77,NORMAL,0
U09548,TELECOM,43.99,0.781,98.3,76.28,58.28,2,2,33,37.58,1264.7,NORMAL,0
U08662,TELECOM,50.2,1.637,53.53,53.97,30.03,1,1,14,73.14,554.91,URGENTE,0
U08143,SAUDE,45.14,3.095,148.53,67.18,71.86,4,0,28,47.78,1693.71,CRITICO,1
U06230,ENERGIA,42.95,3.5,86.67,52.09,50.05,4,0,60,51.7,1501.22,NORMAL,0
U08486,SAUDE,42.91,1.382,104.97,3.54,56.05,4,1,26,68.79,1287.92,NORMAL,0
U08534,SAUDE,44.48,1.689,142.74,80.51,53.89,2,0,90,56.33,782.71,NORMAL,0
U01475,AGUA,43.41,2.385,144.71,42.94,67.58,3,0,50,90.61,1030.24,NORMAL,0
U00487,SAUDE,51.98,7.31,156.56,70.54,68.78,5,0,142,67.05,842.56,URGENTE,1
U00213,ENERGIA,,2.539,138.41,58.96,53.73,5,2,123,68.02,1227.97,NORMAL,0
U06093,AGUA,44.47,2.899,132.25,11.03,84.3,6,2,23,58.98,1282.34,URGENTE,0
U04758,AGUA,28.15,3.143,57.75,51.84,39.66,7,0,2,51.06,744.46,NORMAL,0
U03297,TELECOM,45.14,2.311,130.7,103.88,45.41,4,0,138,60.68,798.66,NORMAL,0
U07532,SAUDE,40.88,2.48,107.22,68.29,72.94,1,0,25,63.14,1464.8,NORMAL,0
U08828,ENERGIA,43.97,3.049,131.74,13.14,50.58,2,1,124,90.88,790.12,NORMAL,0
U03250,AGUA,43.83,3.994,108.56,25.96,62.09,3,1,73,46.24,1183.78,URGENTE,1
U00063,ENERGIA,47.56,4.862,144.4,40.21,71.86,3,1,48,59.05,1234.99,NORMAL,0
U03614,TELECOM,47.14,2.285,93.17,43.3,64.17,1,0,23,60.73,1637.66,NORMAL,0
U01187,TELECOM,41.15,1.69,119.38,32.16,57.68,3,1,131,97.14,876.12,NORMAL,0
U03393,ENERGIA,182.29,2.43,50.37,138.17,46.7,1,0,3,82.0,775.42,NORMAL,0
U06653,TELECOM,40.25,1.919,108.27,4.95,47.15,0,2,69,62.15,1270.56,NORMAL,0
U04523,TELECOM,53.56,3.114,137.67,81.91,82.77,4,0,76,54.88,1647.59,NORMAL,0
U00643,SAUDE,38.92,3.697,84.24,106.03,53.38,2,0,87,93.7,1157.24,URGENTE,0
U06730,AGUA,38.85,4.049,120.53,105.69,67.55,2,0,45,66.99,1262.72,NORMAL,0
U01356,TRANSITO,,3.649,153.93,78.4,78.53,3,0,50,57.46,1308.75,NORMAL,0
U07404,SAUDE,117.82,3.141,146.29,88.09,59.16,3,0,123,71.33,1262.36,NORMAL,0
U04319,TELECOM,43.14,3.624,139.42,31.67,63.05,5,0,74,48.7,856.09,URGENTE,1
U08593,ENERGIA,54.72,3.506,136.18,22.13,73.85,2,0,82,76.04,1245.37,NORMAL,0
U00088,AGUA,36.08,4.858,118.72,35.37,85.09,5,0,18,54.79,1645.74,NORMAL,0
U05294,TELECOM,46.68,1.583,173.21,64.86,75.44,5,0,142,50.33,1334.57,NORMAL,0
U09076,AGUA,34.69,1.936,134.73,44.43,74.38,6,0,33,67.12,953.23,NORMAL,0
U01791,AGUA,37.61,2.023,143.03,83.36,60.63,2,0,80,70.59,842.81,NORMAL,0
U07949,ENERGIA,55.99,2.36,108.07,17.82,46.01,5,1,80,71.43,1235.54,NORMAL,0
U08812,AGUA,35.43,3.255,145.08,9.62,74.23,2,0,29,52.69,1406.43,CRITICO,1
U07811,TRANSITO,45.64,2.253,120.52,64.49,55.21,4,0,84,96.89,1132.18,NORMAL,0
U07580,AGUA,40.77,2.941,116.19,53.5,69.94,4,0,14,78.09,1037.15,NORMAL,0
U09397,SAUDE,36.95,2.068,102.72,6.49,54.9,3,0,108,61.02,409.01,NORMAL,0
U02492,SAUDE,45.69,2.163,139.42,26.76,43.88,2,0,135,56.58,873.58,NORMAL,0
U07738,ENERGIA,60.49,4.647,156.63,53.09,71.48,5,0,127,74.85,955.45,NORMAL,1
U02576,SAUDE,42.37,,100.54,24.5,73.49,4,2,75,66.61,1127.33,URGENTE,0
U07914,SAUDE,45.93,3.183,126.56,63.08,65.65,2,0,56,31.73,1301.16,NORMAL,0
U06492,SAUDE,41.97,3.852,122.73,44.27,56.63,4,1,39,62.53,1228.41,NORMAL,0
U02507,AGUA,43.97,3.401,119.95,45.03,65.22,3,0,7,63.71,789.46,NORMAL,0
U02883,SAUDE,49.55,1.562,91.74,53.73,67.68,1,2,35,49.93,1165.43,NORMAL,0
U01130,ENERGIA,53.73,3.4,143.02,55.08,92.6,4,0,128,50.24,1681.35,CRITICO,1
U08949,TRANSITO,50.44,,133.42,80.41,51.09,3,0,29,67.92,980.95,NORMAL,0
U03138,SAUDE,51.82,,110.94,47.16,64.42,6,1,141,29.44,758.84,URGENTE,0
U09575,TELECOM,47.93,2.594,76.57,52.19,47.59,2,1,29,42.86,1048.65,URGENTE,1
U08262,TRANSITO,51.01,3.121,96.84,60.73,63.56,2,0,8,62.62,826.9,NORMAL,0
U05138,SAUDE,44.36,0.781,121.27,65.34,42.35,3,0,23,53.31,1094.82,NORMAL,0
U04971,SAUDE,47.36,,66.4,39.21,39.82,2,0,47,73.81,1171.2,NORMAL,0
U01418,ENERGIA,59.49,3.819,135.03,47.86,80.82,6,1,34,40.95,1030.41,CRITICO,1
U01760,ENERGIA,50.24,,92.3,159.97,71.16,7,0,51,63.4,1067.75,NORMAL,0
U07136,TRANSITO,41.4,2.743,40.55,78.49,21.89,0,0,44,75.46,363.11,NORMAL,0
U04436,TRANSITO,45.52,3.273,95.4,35.99,36.24,2,0,41,65.01,1225.55,NORMAL,0
U07426,TELECOM,44.96,1.715,163.68,84.39,72.74,4,1,114,43.97,1080.58,NORMAL,0
U00819,SAUDE,37.27,2.714,106.54,96.64,57.4,3,1,89,38.31,1211.26,URGENTE,0
U03353,ENERGIA,43.65,4.005,121.36,57.88,68.23,5,1,120,75.24,719.38,URGENTE,1
U08979,TRANSITO,44.6,4.037,113.57,62.01,87.28,3,2,17,91.9,1497.33,NORMAL,0
U01442,SAUDE,36.14,1.478,126.78,38.63,64.58,4,1,122,62.22,933.45,URGENTE,0
U03064,SAUDE,37.3,3.562,110.31,53.58,60.76,3,0,43,79.2,1065.6,NORMAL,0
U09069,ENERGIA,48.54,3.062,139.9,82.87,66.92,4,0,92,55.52,988.64,NORMAL,0
U05035,SAUDE,43.2,2.093,103.61,134.33,46.92,2,0,8,44.73,807.65,NORMAL,0
U00297,SAUDE,42.09,3.629,110.79,18.25,56.44,2,0,84,64.57,1243.85,NORMAL,0
U06048,TRANSITO,50.81,3.919,136.97,,67.33,1,0,143,60.11,1281.62,NORMAL,0
U00823,SAUDE,46.68,2.614,114.22,94.66,54.39,1,0,54,73.45,1383.12,NORMAL,0
U04084,AGUA,41.68,3.006,97.56,21.96,58.98,4,0,75,58.49,592.08,NORMAL,0
U06000,TELECOM,47.11,0.807,114.4,21.36,51.58,3,0,114,54.18,300.78,URGENTE,0
U05153,ENERGIA,183.57,2.538,131.16,24.46,55.32,1,0,142,50.38,1163.24,NORMAL,0
U09195,ENERGIA,43.31,3.117,98.17,81.84,37.67,1,1,97,87.13,652.34,NORMAL,0
U06148,TELECOM,50.37,1.809,135.19,120.53,73.22,5,1,31,51.9,977.19,NORMAL,0
U09594,AGUA,43.22,4.045,113.69,31.36,70.66,4,1,50,49.96,1155.69,NORMAL,0
U03031,TRANSITO,43.03,0.98,87.78,23.82,38.04,1,0,131,71.21,706.04,NORMAL,0
U00708,AGUA,34.25,1.925,55.97,83.33,31.85,2,0,52,50.47,705.44,NORMAL,0
U03458,SAUDE,55.86,2.94,136.4,81.91,76.08,4,0,53,36.97,1287.71,NORMAL,0
U04020,AGUA,35.77,2.103,118.54,130.07,53.78,2,1,105,42.04,940.22,NORMAL,0
U06788,SAUDE,43.44,2.855,139.76,32.21,61.42,5,1,104,20.02,1000.9,CRITICO,1
U08419,TRANSITO,46.04,2.526,143.45,90.18,64.49,5,0,125,80.45,930.23,NORMAL,0
U08091,TRANSITO,44.35,3.122,148.09,21.63,62.17,1,3,135,64.73,1285.35,NORMAL,0
U06818,SAUDE,38.46,2.523,111.65,26.69,57.67,3,1,144,45.1,1351.84,NORMAL,0
U06919,SAUDE,46.19,3.176,145.81,23.36,80.93,1,1,91,52.62,1560.85,NORMAL,0
U00527,TELECOM,48.75,2.615,98.95,5.35,70.41,4,0,61,75.68,1121.7,NORMAL,0
U02237,SAUDE,45.72,1.977,94.84,18.17,65.09,2,1,8,71.09,1394.6,NORMAL,0
U08238,SAUDE,46.59,3.25,176.4,54.15,100.0,4,0,114,74.88,1169.42,CRITICO,1
U05578,SAUDE,40.51,,138.83,63.78,72.85,8,1,31,76.56,1320.2,NORMAL,0
U04377,SAUDE,46.12,2.684,130.23,34.75,73.91,4,1,67,78.82,968.7,NORMAL,0
U00267,ENERGIA,49.96,3.815,141.52,91.2,91.31,1,1,10,75.36,1063.56,NORMAL,0
U02923,TRANSITO,47.5,1.944,134.42,30.93,78.93,5,0,35,58.04,1483.37,URGENTE,0
U02885,AGUA,36.75,3.038,118.48,27.78,59.41,5,0,117,39.24,1057.73,NORMAL,1
U02094,ENERGIA,41.87,3.809,104.52,2.0,70.75,1,1,32,89.56,1045.05,NORMAL,0
U04357,SAUDE,30.67,2.116,132.46,89.9,70.64,1,0,45,38.29,844.57,NORMAL,0
U02361,SAUDE,43.51,2.294,123.38,19.71,65.4,1,1,4,66.56,1191.43,NORMAL,0
U01214,SAUDE,42.41,1.883,106.03,50.94,71.91,0,1,57,73.85,1519.7,NORMAL,0
U03965,AGUA,44.61,2.895,202.3,61.77,94.39,3,0,104,82.99,1514.78,NORMAL,0
U08468,ENERGIA,56.06,3.586,113.24,33.2,58.79,3,0,43,77.35,618.47,CRITICO,1
U02343,SAUDE,45.22,2.407,102.4,100.09,67.75,1,1,23,48.52,1021.64,NORMAL,0
U01208,TRANSITO,125.8,3.184,129.18,55.51,58.68,7,4,95,52.75,957.58,NORMAL,0
U08067,TELECOM,47.66,1.624,189.71,30.48,100.0,7,1,79,25.88,1010.16,CRITICO,1
U03907,ENERGIA,44.55,1.758,55.21,33.01,21.52,0,1,45,57.68,1003.71,NORMAL,0
U07789,SAUDE,46.83,2.777,70.85,95.53,47.95,2,0,72,45.25,1193.48,NORMAL,0
U07906,ENERGIA,51.94,3.979,118.6,68.64,67.57,2,0,52,84.41,1041.66,NORMAL,0
U09305,AGUA,35.57,3.424,88.77,,43.6,6,1,98,94.06,816.69,NORMAL,0
U06848,ENERGIA,54.99,2.173,135.18,14.66,80.34,1,0,92,86.99,944.66,NORMAL,0
U07353,SAUDE,112.48,3.309,137.13,16.02,70.88,3,0,104,45.66,1131.06,NORMAL,0
U01954,AGUA,46.63,3.32,160.66,47.49,66.58,3,1,87,57.48,1289.29,NORMAL,0
U04404,SAUDE,41.21,3.319,97.47,46.78,58.06,3,0,90,35.61,1252.4,NORMAL,0
U02379,ENERGIA,47.15,3.129,94.08,83.27,42.75,3,1,102,57.98,773.94,URGENTE,0
U00083,ENERGIA,57.18,3.888,123.38,138.49,45.32,3,1,135,33.78,468.37,URGENTE,0
U07434,TRANSITO,46.23,3.453,145.0,20.82,65.9,1,0,102,84.8,1262.87,NORMAL,0
U04422,TELECOM,51.47,2.117,106.95,24.97,61.19,2,1,103,66.26,1002.94,NORMAL,0
U02773,SAUDE,43.41,2.493,99.99,13.17,54.32,0,1,110,71.01,1230.69,NORMAL,0
U08016,ENERGIA,56.57,4.634,130.07,31.31,72.44,3,0,89,70.85,1471.93,URGENTE,1
U00858,TRANSITO,49.05,8.498,121.59,49.95,68.46,4,1,42,74.13,992.1,URGENTE,1
U00023,AGUA,39.74,2.252,112.15,56.81,55.32,3,0,51,38.02,331.95,NORMAL,0
U00027,SAUDE,40.88,1.438,68.26,34.54,48.63,2,0,92,73.3,736.21,NORMAL,0
U09006,SAUDE,45.94,2.07,149.72,14.72,70.83,2,0,64,72.57,1313.99,NORMAL,0
U04470,TRANSITO,,3.349,151.46,22.5,83.79,2,0,74,42.26,987.74,NORMAL,1
U02385,SAUDE,52.95,2.295,154.55,,78.88,3,0,19,53.61,1331.73,NORMAL,0
U06450,ENERGIA,51.58,4.536,163.66,14.73,88.23,4,0,144,82.86,1085.81,CRITICO,1
U06273,SAUDE,41.24,2.881,134.96,76.5,59.74,4,0,57,56.4,1197.76,NORMAL,0
U07469,TELECOM,45.87,1.683,74.3,162.26,41.04,2,0,54,57.15,741.32,NORMAL,0
U01108,SAUDE,37.61,3.451,102.9,93.15,78.69,3,1,6,69.2,1424.3,NORMAL,0
U02811,SAUDE,44.79,2.377,117.07,27.43,64.77,5,0,142,34.99,1275.47,NORMAL,0
U00688,ENERGIA,45.79,3.51,77.5,20.78,59.73,3,0,27,58.26,778.81,NORMAL,0
U01239,ENERGIA,53.47,3.528,93.23,5.03,55.63,3,2,3,68.11,1183.65,NORMAL,0
U01026,SAUDE,39.81,2.455,123.09,10.77,52.11,4,0,73,59.36,839.94,NORMAL,0
U03935,SAUDE,37.62,2.582,83.63,21.84,62.51,1,1,20,31.27,1005.02,NORMAL,0
U02360,AGUA,39.46,2.847,66.38,14.87,33.23,3,0,50,72.84,948.55,NORMAL,0
U03649,TELECOM,49.56,1.95,115.48,123.6,59.71,1,0,80,67.58,1141.25,NORMAL,0
U00942,TELECOM,53.13,2.104,109.15,80.58,51.4,3,0,89,72.9,867.47,NORMAL,0
U09874,TELECOM,40.66,,116.5,35.41,66.41,0,1,90,85.45,672.1,NORMAL,0
U02029,TRANSITO,39.55,3.061,80.74,57.65,41.63,1,0,83,65.72,598.33,NORMAL,0
U02007,ENERGIA,53.46,,85.39,144.95,48.12,2,0,90,60.17,1047.93,NORMAL,0
U08875,SAUDE,43.86,2.248,181.14,56.52,72.92,7,1,138,79.09,1317.86,NORMAL,0
U01271,AGUA,39.14,4.435,52.96,105.4,47.4,2,0,50,51.99,449.2,NORMAL,0
U07809,SAUDE,44.08,3.139,84.29,60.88,51.15,1,1,6,52.93,1061.75,NORMAL,0
U09154,ENERGIA,54.61,3.778,136.19,36.9,61.09,6,1,60,69.17,1046.94,NORMAL,0
U08362,SAUDE,41.4,,121.06,88.56,50.51,4,0,122,73.81,1117.75,NORMAL,0
U03813,SAUDE,145.65,2.457,95.69,113.34,44.81,2,0,113,51.47,808.68,NORMAL,0
U00158,ENERGIA,52.74,1.67,94.01,36.03,48.49,1,0,30,87.58,784.3,NORMAL,0
U01003,TRANSITO,52.02,1.801,141.1,68.5,53.76,3,0,9,77.9,976.08,NORMAL,0
U07846,ENERGIA,50.65,3.652,120.56,32.93,67.57,6,0,14,68.97,895.05,NORMAL,0
U07230,SAUDE,38.1,2.225,115.32,6.16,80.59,5,1,10,87.97,1267.58,NORMAL,0
U07705,TELECOM,50.0,3.606,134.31,24.23,67.72,4,0,115,68.42,1231.27,NORMAL,0
U01429,TRANSITO,,1.508,125.14,97.95,83.69,2,1,13,15.0,1272.79,CRITICO,1
U09501,TRANSITO,44.44,1.161,100.52,40.16,49.48,3,0,100,81.64,863.39,NORMAL,0
U01880,TRANSITO,38.25,3.533,137.0,82.01,70.42,0,0,11,55.58,1091.04,URGENTE,0
U05762,ENERGIA,50.68,2.731,144.44,17.08,58.74,2,0,105,36.0,913.4,NORMAL,0
U05111,ENERGIA,53.52,4.473,116.22,,69.19,3,0,57,85.95,833.54,URGENTE,1
U05471,AGUA,32.59,2.119,86.86,56.56,35.42,1,2,71,26.88,837.21,NORMAL,0
U02052,AGUA,40.7,4.148,149.03,54.11,52.16,1,1,101,71.45,556.77,NORMAL,0
U09868,TELECOM,62.67,2.986,150.54,33.61,74.37,1,1,62,70.2,1331.72,CRITICO,1
U01438,SAUDE,38.14,2.319,82.79,22.55,29.61,4,1,77,44.34,672.18,NORMAL,0
U05616,ENERGIA,49.16,3.823,114.96,30.91,58.75,2,0,85,89.82,1385.6,NORMAL,0
U07267,ENERGIA,35.2,10.83,120.86,116.81,44.89,3,1,116,49.15,1157.03,CRITICO,1
U01385,ENERGIA,44.08,3.346,125.46,51.97,62.05,0,0,87,65.3,948.56,NORMAL,0
U06108,AGUA,34.35,4.53,111.88,2.0,74.49,3,2,3,56.22,1244.93,NORMAL,0
U03377,SAUDE,49.21,1.814,121.76,70.83,75.3,3,0,88,68.67,1234.09,NORMAL,0
U08676,SAUDE,46.51,3.491,113.55,37.71,70.15,4,0,8,62.5,1265.86,NORMAL,0
U07889,ENERGIA,41.06,11.266,129.82,39.4,49.39,6,1,44,38.77,842.6,CRITICO,1
U00843,SAUDE,39.7,2.855,120.91,45.43,63.73,5,1,113,66.47,1174.26,NORMAL,0
U07389,ENERGIA,40.2,3.767,66.05,102.48,38.28,1,0,2,79.86,923.48,NORMAL,0
U05330,ENERGIA,45.32,1.462,68.07,3.79,51.49,3,0,71,79.51,665.64,URGENTE,0
U05148,AGUA,50.01,3.577,173.67,108.6,92.08,4,0,93,54.71,1386.68,URGENTE,1
U01399,AGUA,38.84,2.032,111.69,43.37,52.4,2,0,24,48.74,914.37,NORMAL,0
U09857,TELECOM,55.92,1.733,136.88,71.2,71.27,6,0,103,64.46,1285.78,CRITICO,1
U05901,TRANSITO,,2.873,124.31,161.19,74.97,7,0,109,47.0,1126.08,NORMAL,0
U01265,SAUDE,51.85,,125.19,110.24,72.42,3,2,82,63.94,853.37,NORMAL,0
U04801,ENERGIA,41.9,1.684,72.52,28.79,35.88,3,0,39,49.6,527.4,NORMAL,0
U00707,ENERGIA,49.38,3.783,145.78,47.59,100.0,1,1,51,42.93,1455.11,CRITICO,1
U00958,TELECOM,46.06,0.945,90.81,122.77,60.16,5,0,6,59.67,1075.7,CRITICO,1
U03985,ENERGIA,45.67,2.385,102.72,27.56,46.8,5,0,115,61.67,865.42,NORMAL,0
U02155,ENERGIA,52.53,4.223,186.55,,91.05,2,0,85,50.52,1307.46,NORMAL,0
U03465,SAUDE,50.44,2.827,158.99,26.91,90.68,3,1,71,66.96,1230.76,URGENTE,0
U04185,TELECOM,42.76,2.46,144.8,,50.82,4,1,60,71.61,1300.28,NORMAL,0
U06882,AGUA,,2.854,116.12,12.37,49.87,8,0,108,79.7,918.29,NORMAL,0
U01775,AGUA,42.67,2.911,134.2,49.76,59.39,4,0,122,64.32,1042.64,NORMAL,0
U00834,SAUDE,42.52,1.052,96.18,36.33,56.55,3,0,19,79.57,925.65,NORMAL,0
U03762,TRANSITO,47.24,2.694,129.59,27.25,65.29,2,1,144,68.4,1162.88,CRITICO,0
U01991,AGUA,32.87,4.366,117.42,36.63,49.24,2,0,119,72.4,1385.02,NORMAL,0
U07902,TELECOM,57.27,2.47,123.84,15.83,53.96,7,1,64,32.9,937.05,NORMAL,0
U00637,TRANSITO,51.39,1.649,135.16,56.53,64.92,3,1,124,67.81,1213.92,NORMAL,0
U03101,AGUA,40.1,2.635,115.48,57.52,54.65,5,1,86,66.53,1496.31,URGENTE,0
U00134,TELECOM,,2.101,127.06,8.25,46.2,1,0,37,62.61,700.19,NORMAL,0
U01063,AGUA,42.66,3.785,151.01,21.88,76.19,3,1,105,88.75,1029.87,NORMAL,0
U05737,TELECOM,48.48,1.167,76.56,20.97,24.44,4,1,67,35.4,1012.35,NORMAL,0
U01238,SAUDE,39.68,1.985,114.91,,58.56,2,0,121,41.06,854.04,URGENTE,0
U09109,TRANSITO,,3.404,131.12,29.56,71.03,1,0,43,54.56,1382.39,NORMAL,0
U01832,TRANSITO,52.32,1.682,107.3,78.99,64.99,2,1,38,56.39,1299.87,NORMAL,0
U01862,ENERGIA,58.78,3.236,101.59,32.21,49.11,4,0,71,38.66,963.93,NORMAL,0
U01289,TRANSITO,41.38,2.329,150.84,83.93,78.52,4,1,64,72.84,996.06,NORMAL,0
U01626,AGUA,160.32,2.73,149.57,27.91,76.54,3,0,133,74.57,1304.21,NORMAL,0
U05419,AGUA,31.41,2.607,60.09,111.44,25.69,4,1,99,60.41,898.15,NORMAL,0
U08757,SAUDE,43.6,1.507,94.36,47.2,50.52,1,1,11,61.92,1388.58,NORMAL,0
U03527,ENERGIA,54.63,4.205,157.66,64.5,82.05,0,0,86,79.72,1230.69,CRITICO,1
U06513,AGUA,43.19,2.887,152.45,108.46,63.19,1,0,103,53.12,832.45,NORMAL,0
U04616,ENERGIA,50.39,,82.66,103.0,60.29,1,1,5,100.0,1202.6,NORMAL,0
U03509,SAUDE,44.53,1.446,98.38,56.23,52.52,3,0,31,64.49,827.51,NORMAL,0
U05514,AGUA,46.5,3.673,108.75,36.02,54.38,3,0,15,53.91,642.96,NORMAL,0
U01136,SAUDE,39.51,2.424,102.66,4.26,32.84,3,1,64,30.41,946.28,NORMAL,0
U06378,TELECOM,42.42,1.41,121.13,64.56,25.8,2,0,136,54.65,713.78,NORMAL,0
U04174,TELECOM,40.83,1.302,153.12,,66.89,3,0,86,44.47,1195.55,NORMAL,0
U04039,ENERGIA,50.5,,126.47,42.68,71.31,5,2,73,52.71,863.89,URGENTE,1
U04358,TRANSITO,53.84,2.596,146.56,37.66,84.32,1,3,138,55.96,814.81,NORMAL,0
U03702,ENERGIA,,3.012,168.26,42.25,80.2,3,0,39,74.85,1177.5,NORMAL,0
U05712,ENERGIA,44.12,2.784,108.2,31.82,63.05,5,1,25,65.2,1337.62,URGENTE,0
U04001,TRANSITO,44.4,2.437,122.83,45.41,63.49,3,1,103,88.09,717.58,CRITICO,1
U01508,SAUDE,49.14,0.766,94.03,57.01,51.87,6,0,92,66.71,1378.81,NORMAL,0
U03954,TELECOM,47.47,2.985,87.44,30.99,65.11,3,1,28,47.75,961.12,NORMAL,0
U05849,TELECOM,45.97,3.807,114.3,86.09,52.61,1,0,81,74.35,1063.37,NORMAL,0
U00089,AGUA,,4.159,117.84,46.83,63.1,5,0,4,48.03,983.38,NORMAL,0
U07290,AGUA,37.75,2.894,80.93,18.21,42.04,2,0,119,50.11,1019.16,NORMAL,0
U00716,ENERGIA,159.91,3.47,120.08,50.84,68.51,3,0,121,96.03,1478.87,NORMAL,0
U02534,ENERGIA,41.83,2.775,123.63,49.25,51.13,1,0,37,55.78,991.14,NORMAL,0
U00702,SAUDE,39.97,2.505,141.49,40.99,62.54,1,1,112,38.32,753.63,NORMAL,0
U02935,SAUDE,209.75,2.367,117.97,13.46,58.91,2,1,96,38.99,761.22,NORMAL,0
U08690,ENERGIA,51.67,3.24,88.24,83.98,49.67,0,0,101,89.24,859.68,NORMAL,0
U00904,ENERGIA,49.84,3.115,91.92,25.37,48.09,3,0,83,64.03,469.34,NORMAL,0
U04507,AGUA,44.55,2.769,116.28,34.42,56.86,3,0,142,75.16,1117.94,NORMAL,0
U03650,TELECOM,45.08,2.373,131.5,19.28,52.76,2,0,141,41.36,1081.62,NORMAL,0
U05565,AGUA,57.49,3.679,93.85,98.87,75.36,2,0,105,53.07,922.83,NORMAL,0
U02559,TRANSITO,,2.095,83.43,18.91,53.87,1,1,26,39.42,922.51,NORMAL,0
U06606,ENERGIA,47.76,4.355,145.59,44.57,66.31,2,1,55,58.76,1243.71,NORMAL,0
U04029,SAUDE,30.65,4.155,130.26,39.17,79.61,2,0,95,54.29,1155.0,NORMAL,0
U06038,TELECOM,53.88,2.163,142.69,259.93,63.92,2,2,118,85.77,1212.18,NORMAL,0
U05547,TRANSITO,44.87,3.272,126.38,72.54,76.95,2,0,60,84.87,1070.8,NORMAL,0
U05748,AGUA,41.5,2.491,104.86,81.19,53.1,4,1,108,60.81,898.49,NORMAL,0
U08550,ENERGIA,55.37,4.735,148.13,20.52,73.95,6,1,136,76.42,1036.94,URGENTE,1
U02407,ENERGIA,51.79,3.811,168.62,12.51,100.0,5,1,119,81.59,1614.61,URGENTE,1
U09088,AGUA,35.29,1.644,129.31,56.72,67.65,2,0,107,66.97,1553.54,NORMAL,0
U09459,ENERGIA,47.31,3.499,54.22,36.72,36.95,1,1,7,60.75,985.58,NORMAL,0
U00760,TRANSITO,45.05,3.358,121.38,39.55,70.3,4,0,87,66.24,1580.74,NORMAL,0
U00915,ENERGIA,49.95,4.632,114.06,20.46,71.91,1,0,93,79.42,1595.53,NORMAL,0
U00122,TELECOM,44.97,1.857,118.92,19.31,71.35,4,0,85,63.36,1295.5,NORMAL,0
U07108,AGUA,32.3,1.866,90.68,120.11,34.53,2,0,77,60.41,739.65,NORMAL,0
U08799,ENERGIA,,1.971,102.74,100.45,36.11,1,2,108,59.94,299.31,NORMAL,0
U01587,AGUA,,2.261,134.15,43.72,65.97,4,1,140,67.22,939.26,NORMAL,0
U00374,ENERGIA,57.1,3.412,111.53,28.03,47.22,0,0,72,99.84,894.38,NORMAL,0
U07686,TRANSITO,51.22,1.665,118.02,56.52,67.94,5,1,72,57.33,1031.09,NORMAL,0
U00741,TRANSITO,51.78,,140.23,13.37,85.93,6,0,44,15.0,1466.68,URGENTE,1
U03682,ENERGIA,46.46,4.358,107.97,76.95,70.69,1,1,18,61.22,997.86,NORMAL,0
U00954,AGUA,45.77,1.594,98.63,76.81,62.66,4,0,24,74.94,1002.41,NORMAL,0
U05610,ENERGIA,57.26,3.415,167.69,17.78,90.46,6,0,86,34.27,1423.29,NORMAL,0
U04040,ENERGIA,53.08,3.827,150.06,9.16,69.04,4,0,90,81.47,1428.12,CRITICO,1
U09917,AGUA,,2.754,119.55,48.0,58.23,4,0,68,59.03,990.78,NORMAL,0
U01116,ENERGIA,43.75,3.331,115.98,39.08,53.66,0,1,106,90.03,894.48,NORMAL,0
U02364,TELECOM,,,118.13,68.42,64.19,3,1,52,100.0,739.53,NORMAL,0
U08216,TRANSITO,51.16,1.935,85.23,101.63,59.49,2,0,7,62.72,1544.23,NORMAL,0
U06980,ENERGIA,54.62,2.077,159.42,43.92,59.1,3,0,135,69.09,978.89,NORMAL,0
U00239,ENERGIA,49.8,2.578,133.17,82.81,59.35,6,0,75,85.65,1054.75,NORMAL,0
U02592,SAUDE,50.24,3.046,93.84,26.35,61.25,4,1,53,62.38,1262.07,NORMAL,0
U02466,ENERGIA,47.83,4.336,153.0,30.12,83.4,7,0,122,44.6,1486.87,CRITICO,1
U01210,AGUA,,3.819,149.01,56.1,81.06,1,1,64,53.42,1500.38,NORMAL,0
U02611,ENERGIA,176.25,3.282,97.7,13.08,70.88,5,2,37,44.3,1197.11,NORMAL,0
U04595,TRANSITO,46.56,,88.75,94.62,27.29,2,0,104,63.45,231.8,NORMAL,0
U00776,AGUA,38.46,4.263,121.32,25.58,79.71,2,1,95,70.27,1384.71,URGENTE,0
U07298,SAUDE,48.33,2.916,125.9,52.02,62.52,4,0,80,89.51,832.65,NORMAL,0
U01209,ENERGIA,44.74,3.21,82.0,18.32,48.02,1,0,61,56.33,752.55,NORMAL,0
U03363,TRANSITO,49.31,3.837,116.05,55.33,68.04,1,0,131,36.05,1137.73,NORMAL,0
U09242,TELECOM,41.38,1.595,111.18,,43.97,0,1,21,61.3,1037.83,NORMAL,0
U01749,TELECOM,,3.212,105.36,31.99,61.16,2,0,62,45.05,796.41,NORMAL,0
U06310,SAUDE,37.17,2.594,165.46,105.91,77.55,3,1,39,25.19,1196.42,NORMAL,0
U08287,SAUDE,128.67,2.793,118.78,35.53,71.1,1,0,40,67.14,1059.52,NORMAL,0
U06413,AGUA,48.34,3.607,121.14,28.86,74.88,3,1,49,56.63,1344.55,NORMAL,0
U02871,ENERGIA,47.52,3.751,132.95,39.7,57.47,3,0,127,66.31,1029.14,NORMAL,0
U01107,ENERGIA,51.66,,127.03,67.39,89.81,7,1,53,77.45,1681.17,NORMAL,0
U06433,ENERGIA,45.77,3.529,113.38,10.79,55.26,2,0,60,54.6,1132.0,NORMAL,0
U01845,TRANSITO,37.4,2.493,103.46,26.53,46.45,1,1,93,48.08,1027.13,NORMAL,0
U07053,ENERGIA,49.42,3.127,119.23,65.06,75.03,5,1,99,50.17,1321.71,NORMAL,0
U09663,TELECOM,48.25,2.126,153.75,36.46,55.13,4,0,30,46.41,900.9,NORMAL,0
U03839,SAUDE,42.85,1.969,96.65,30.39,33.07,4,1,91,85.5,454.29,NORMAL,0
U09506,TELECOM,49.48,2.154,98.05,76.75,52.76,1,0,74,78.58,1406.11,NORMAL,0
U02567,ENERGIA,49.04,4.585,134.27,81.11,74.23,3,1,87,54.73,1025.63,NORMAL,0
U00323,ENERGIA,46.74,3.725,152.71,72.92,54.03,3,2,60,53.53,1173.46,NORMAL,0
U00385,ENERGIA,53.67,4.699,154.27,51.26,74.61,6,1,88,27.52,1400.41,CRITICO,1
U00443,TRANSITO,56.77,1.884,159.29,40.4,57.56,0,0,138,60.59,1077.07,NORMAL,0
U02827,ENERGIA,56.07,,119.75,110.99,70.09,4,1,17,29.05,938.52,NORMAL,0
U03148,AGUA,52.7,4.184,178.53,71.56,94.14,1,0,89,32.54,1605.22,NORMAL,0
U00512,ENERGIA,53.98,3.799,134.12,44.73,68.18,3,0,73,62.99,1069.68,NORMAL,0
U03068,ENERGIA,53.12,1.699,117.58,,64.14,2,0,8,53.64,765.41,NORMAL,0
U02523,SAUDE,41.18,0.549,133.34,84.17,54.05,3,0,53,82.75,1001.53,NORMAL,0
U06475,ENERGIA,55.23,1.221,87.3,4.62,39.98,1,1,81,74.61,813.25,NORMAL,0
U01388,AGUA,41.22,1.25,85.98,30.03,19.73,3,1,45,63.47,545.09,NORMAL,0
U03756,SAUDE,45.3,4.019,137.65,11.82,80.81,3,0,69,65.98,776.27,NORMAL,0
U00022,ENERGIA,53.85,3.242,140.65,43.77,59.08,3,1,64,69.57,1248.79,URGENTE,0
U06915,SAUDE,47.09,1.83,87.97,27.38,29.26,2,0,79,48.29,849.79,NORMAL,0
U03449,ENERGIA,44.9,2.507,54.23,64.94,39.81,2,1,22,46.65,883.33,NORMAL,0
U01610,TRANSITO,54.32,10.419,169.15,136.0,94.21,3,0,22,34.36,1648.74,URGENTE,1
U04682,ENERGIA,53.43,2.068,105.78,93.38,58.61,0,1,44,69.25,1145.71,NORMAL,0
U01747,TRANSITO,48.47,2.789,125.89,35.6,72.75,4,2,92,86.99,1008.78,NORMAL,0
U06068,TELECOM,39.1,3.201,162.24,24.59,74.8,3,1,124,49.49,917.19,NORMAL,0
U02599,SAUDE,107.55,3.344,91.94,109.62,44.33,2,0,81,80.46,741.72,NORMAL,0
U08865,AGUA,40.53,2.343,131.79,42.11,59.05,1,0,30,65.42,1060.51,NORMAL,0
U04354,ENERGIA,47.82,3.326,103.91,49.98,53.18,0,1,50,72.81,1104.95,NORMAL,0
U04057,ENERGIA,50.53,4.622,134.2,,66.51,6,0,54,48.34,1159.55,URGENTE,1
U09632,ENERGIA,,3.233,102.83,83.83,73.95,1,1,21,79.72,1429.13,NORMAL,0
U03058,TRANSITO,,2.487,144.56,47.68,83.39,3,0,130,62.92,1108.78,NORMAL,1
U08991,ENERGIA,58.26,2.918,134.43,90.52,71.99,4,1,114,66.87,1147.16,CRITICO,1
U08760,ENERGIA,47.77,,154.97,81.96,74.12,5,0,59,71.7,1231.65,CRITICO,1
U03152,SAUDE,42.49,2.014,127.31,118.6,34.87,4,0,127,53.64,1279.62,NORMAL,0
U08647,SAUDE,45.53,2.114,146.18,4.27,73.71,1,0,69,53.36,1319.05,NORMAL,0
U08326,AGUA,49.53,3.946,160.34,70.63,100.0,0,1,66,34.59,1382.86,NORMAL,0
U04035,SAUDE,41.71,2.561,144.31,65.25,72.7,3,1,124,44.51,1024.82,NORMAL,0
U02476,TRANSITO,45.16,2.22,166.13,7.75,72.53,2,1,130,62.89,1006.33,NORMAL,0
U05018,SAUDE,40.7,1.653,132.89,44.88,70.03,2,0,139,67.43,1072.57,NORMAL,0
U09993,TRANSITO,55.42,3.251,177.07,15.15,85.36,6,1,73,81.28,1527.66,NORMAL,0
U06599,TELECOM,52.02,2.393,93.14,,46.26,2,0,27,68.76,713.46,NORMAL,0
U03015,ENERGIA,40.88,2.604,42.16,44.01,42.47,3,0,3,47.09,965.67,NORMAL,0
U09024,ENERGIA,54.61,3.516,96.88,53.75,41.07,1,1,131,70.76,606.67,NORMAL,0
U01968,ENERGIA,40.0,4.338,105.24,30.64,55.65,1,1,28,52.05,1098.81,NORMAL,0
U02880,SAUDE,49.51,1.795,87.68,15.7,57.66,2,0,79,62.71,1236.01,NORMAL,0
U01967,SAUDE,,8.723,143.23,47.52,71.71,4,0,130,90.31,968.17,URGENTE,1
U00327,ENERGIA,,2.841,134.96,44.93,44.21,3,2,124,43.24,920.57,NORMAL,0
U00791,SAUDE,44.96,2.941,151.42,49.87,59.22,2,1,123,74.74,982.51,NORMAL,0
U09016,TRANSITO,46.23,1.91,98.17,10.94,23.95,5,0,141,51.2,529.31,NORMAL,0
U00980,AGUA,35.75,2.442,108.67,50.22,76.24,5,1,2,70.31,1536.79,NORMAL,0
U04675,ENERGIA,51.33,3.721,128.93,60.66,61.62,2,1,69,49.87,1285.19,NORMAL,0
U03679,ENERGIA,60.01,4.027,147.76,156.35,81.81,4,0,105,38.12,1434.39,NORMAL,0
U06524,ENERGIA,52.92,3.91,126.59,5.39,76.87,1,0,118,58.23,1422.55,NORMAL,0
U00405,SAUDE,40.71,2.9,136.28,11.91,74.63,2,0,48,60.77,1082.0,NORMAL,0
U00011,TELECOM,47.82,4.547,96.94,31.87,51.41,6,1,94,76.58,852.07,CRITICO,1
U03220,TRANSITO,45.47,2.896,144.9,30.53,69.63,3,0,126,46.27,1400.14,NORMAL,0
U08275,AGUA,47.3,4.564,153.66,111.91,100.0,5,0,130,53.03,1759.54,NORMAL,0
U01428,TELECOM,55.8,0.665,125.33,13.76,45.1,4,2,88,31.61,793.73,NORMAL,0
U04115,AGUA,28.72,1.713,105.07,25.28,69.43,2,1,9,69.0,1192.88,NORMAL,0
U00771,TELECOM,48.01,0.736,144.86,50.97,53.54,2,0,143,92.87,765.53,NORMAL,0
U04157,AGUA,114.36,2.904,126.01,16.72,57.36,3,0,133,68.87,834.99,NORMAL,0
U03281,TELECOM,48.47,1.733,90.08,49.61,44.41,3,0,54,85.72,1075.29,NORMAL,0
U06652,AGUA,46.11,3.592,121.03,11.3,48.25,1,0,91,71.73,900.82,NORMAL,0
U07387,ENERGIA,51.84,,169.59,26.55,83.83,5,1,131,67.3,1148.01,URGENTE,1
U01734,TRANSITO,40.39,,142.17,12.83,70.1,3,0,55,70.5,984.11,NORMAL,0
U04778,TELECOM,50.57,3.052,144.88,45.85,70.4,3,0,28,75.92,1137.44,NORMAL,0
U09683,AGUA,45.66,2.502,154.01,98.4,80.4,2,0,102,83.32,1465.41,NORMAL,0
U09958,TELECOM,50.3,1.647,66.53,62.53,48.46,3,1,31,71.85,704.21,NORMAL,0
U09273,AGUA,38.97,,154.81,14.81,57.4,1,0,99,57.83,946.45,NORMAL,0
U06945,SAUDE,45.28,3.056,137.9,86.7,73.58,3,2,121,57.12,948.01,NORMAL,0
U08766,TRANSITO,,3.072,142.74,121.26,63.1,3,1,23,53.87,1225.08,NORMAL,0
U08511,SAUDE,41.36,2.887,182.64,121.61,90.58,5,0,138,52.53,960.75,NORMAL,0
U08114,TRANSITO,35.85,1.19,81.38,20.59,27.17,4,0,141,72.0,622.83,NORMAL,0
U06981,ENERGIA,55.57,3.594,179.73,126.69,88.2,3,2,130,59.71,1309.48,NORMAL,0
U03624,TELECOM,38.04,2.742,120.49,26.48,56.19,2,0,94,32.02,1111.23,NORMAL,0
U09838,SAUDE,43.81,2.475,143.0,51.52,49.17,1,0,128,59.76,962.68,NORMAL,0
U03730,ENERGIA,44.34,3.346,139.14,36.31,63.62,3,0,138,99.08,1235.58,NORMAL,0
U08900,TELECOM,56.94,3.746,153.51,37.25,81.74,5,0,101,68.39,1118.56,NORMAL,0
U09354,AGUA,43.49,4.018,107.67,18.35,67.35,2,1,2,66.87,992.6,NORMAL,0
U09198,SAUDE,45.61,2.224,147.53,74.9,79.41,3,0,29,72.7,1507.18,NORMAL,0
U04073,AGUA,42.81,3.256,82.45,60.43,60.03,5,1,76,82.27,746.59,NORMAL,0
U09779,SAUDE,44.1,3.849,166.78,37.91,78.19,5,0,110,73.14,1439.95,NORMAL,0
U03738,TELECOM,44.13,2.019,155.34,47.43,82.56,4,0,30,68.91,1515.03,NORMAL,0
U00021,ENERGIA,,,57.35,52.97,23.89,2,0,24,76.37,606.19,NORMAL,0
U09827,ENERGIA,56.31,3.389,141.22,88.99,75.98,5,0,139,43.01,1082.64,URGENTE,1
U06690,TRANSITO,51.26,2.204,104.5,37.12,72.23,2,1,116,22.35,1607.32,NORMAL,0
U08156,SAUDE,51.35,1.799,127.11,89.56,50.6,2,0,139,70.61,792.38,NORMAL,0
U09912,TELECOM,223.48,3.763,165.66,114.74,71.85,6,0,131,58.73,1124.33,NORMAL,0
U08246,SAUDE,45.82,0.97,155.12,124.44,59.24,0,0,120,62.37,1115.36,NORMAL,0
U05570,SAUDE,45.04,3.833,126.11,95.38,79.07,4,0,77,37.47,830.97,NORMAL,0
U06063,SAUDE,44.52,1.407,69.91,,30.92,3,2,130,90.0,681.34,NORMAL,0
U06178,AGUA,45.18,2.82,117.48,26.76,63.5,3,0,82,70.93,1085.92,URGENTE,0
U08667,TELECOM,53.7,0.753,82.77,41.87,43.24,1,0,117,54.75,682.31,NORMAL,0
U06897,TRANSITO,55.91,3.357,59.45,14.83,66.76,4,1,9,74.52,1205.2,NORMAL,0
U03588,ENERGIA,53.59,3.772,119.85,22.98,52.41,2,0,93,48.47,831.86,NORMAL,0
U09325,ENERGIA,223.95,1.941,110.85,34.43,72.46,4,0,27,54.1,835.77,NORMAL,0
U00788,TELECOM,47.32,2.571,129.05,6.69,62.33,1,1,7,53.52,1058.82,NORMAL,0
U03763,TELECOM,54.56,2.978,104.75,86.66,62.84,2,0,82,72.27,937.67,NORMAL,0
U01098,SAUDE,45.13,2.447,145.9,18.69,90.74,3,0,27,78.85,1700.35,NORMAL,0
U09885,ENERGIA,47.94,2.713,85.74,95.19,40.75,5,1,72,76.07,724.71,NORMAL,0
U09638,TELECOM,44.8,2.505,125.0,59.04,73.69,5,0,7,58.05,885.36,URGENTE,1
U04986,TRANSITO,46.14,1.484,85.74,26.24,41.35,2,0,58,15.6,689.45,NORMAL,0
U06775,TELECOM,45.01,2.961,107.81,10.63,62.04,3,0,22,72.88,904.29,URGENTE,1
U00775,ENERGIA,48.31,3.628,152.46,17.05,66.38,6,0,36,34.6,768.72,CRITICO,1
U08524,TELECOM,46.67,2.322,106.28,59.82,50.59,0,0,105,56.54,887.84,NORMAL,0
U05242,TRANSITO,37.64,1.015,99.28,13.67,54.06,3,1,54,53.29,931.64,NORMAL,0
U02096,TELECOM,55.02,2.517,97.67,51.82,76.38,8,1,46,79.71,1755.51,NORMAL,0
U08732,ENERGIA,44.02,2.619,67.37,69.89,49.58,0,0,36,84.38,1094.17,CRITICO,0
U08400,SAUDE,45.17,2.108,123.58,35.61,90.48,2,0,3,61.92,1267.99,NORMAL,0
U01928,SAUDE,40.89,2.333,108.73,56.16,49.96,1,0,38,62.79,1281.67,NORMAL,0
U00140,AGUA,40.01,2.473,160.65,58.99,81.31,4,1,36,50.2,1562.05,NORMAL,0
U00266,SAUDE,47.24,2.335,120.37,125.1,69.69,1,2,138,42.28,891.03,NORMAL,0
U01184,ENERGIA,49.38,3.112,108.31,83.57,66.89,4,2,11,84.6,551.18,NORMAL,0
U08910,TRANSITO,50.44,2.295,99.81,33.92,61.68,5,1,64,60.84,1258.4,NORMAL,0
U02677,ENERGIA,47.35,3.174,87.77,39.5,50.97,4,1,123,63.43,771.06,NORMAL,0
U03256,AGUA,155.38,3.168,119.06,61.89,52.3,7,0,66,55.68,841.96,NORMAL,0
U09614,SAUDE,44.19,2.5,129.03,29.74,56.92,2,1,116,97.56,898.59,NORMAL,0
U01790,SAUDE,43.66,3.338,150.95,38.85,81.14,5,0,131,93.75,1355.4,NORMAL,0
U05443,AGUA,44.63,3.008,157.37,61.79,55.45,4,0,134,35.08,1457.28,NORMAL,0
U09472,TRANSITO,50.25,3.869,116.1,75.07,55.85,2,0,119,65.23,646.64,NORMAL,0
U09890,ENERGIA,48.58,3.368,69.71,46.13,40.57,1,0,73,48.28,903.79,NORMAL,0
U06546,AGUA,43.13,3.647,121.66,22.3,56.11,4,0,40,32.42,757.2,NORMAL,0
U01588,ENERGIA,46.64,2.584,79.99,27.75,43.74,2,0,52,100.0,1042.33,NORMAL,0
U07226,AGUA,37.01,2.96,108.03,13.18,72.85,1,0,18,69.15,1055.11,NORMAL,0
U02822,ENERGIA,43.0,2.955,153.83,57.47,88.14,4,0,101,72.29,1029.79,URGENTE,1
U09369,TRANSITO,43.2,1.447,70.63,69.32,48.78,2,1,8,47.55,1127.76,URGENTE,0
U00614,AGUA,46.9,,137.95,66.75,93.04,3,1,104,60.11,1467.1,NORMAL,0
U06312,AGUA,44.79,2.785,167.49,58.32,91.04,4,1,102,79.56,1523.24,NORMAL,0
U01459,ENERGIA,47.75,2.934,129.78,35.86,51.64,1,2,96,57.79,939.66,NORMAL,0
U02344,AGUA,39.88,,134.88,9.29,80.89,2,1,66,64.44,1174.2,URGENTE,1
U08411,ENERGIA,47.5,3.28,88.7,39.51,57.6,4,3,83,93.83,806.45,NORMAL,0
U04481,TRANSITO,47.54,1.878,104.45,11.3,38.46,6,0,11,56.58,551.69,NORMAL,0
U04807,ENERGIA,45.76,3.749,99.65,20.08,66.42,0,0,46,47.76,488.03,NORMAL,0
U00795,TELECOM,48.14,2.792,126.31,37.52,58.22,3,0,97,68.31,966.93,NORMAL,0
U07256,AGUA,36.46,1.794,85.56,22.69,51.24,0,0,48,26.06,1126.11,NORMAL,0
U00613,TRANSITO,47.2,3.079,72.9,46.1,33.67,1,0,57,76.58,806.22,NORMAL,0
U07875,TRANSITO,45.3,2.953,90.26,45.95,44.92,1,2,72,74.11,883.97,NORMAL,0
U05876,TELECOM,51.38,1.815,73.02,8.57,57.02,4,1,31,62.75,895.64,NORMAL,0
U01040,ENERGIA,44.61,2.297,88.21,27.27,38.22,2,0,125,54.99,741.9,NORMAL,0
U05731,ENERGIA,50.38,2.606,143.47,39.43,79.49,5,1,56,52.44,1184.05,NORMAL,0
U06030,SAUDE,43.84,1.551,89.51,28.73,44.2,2,0,70,67.84,975.11,NORMAL,0
U03057,SAUDE,41.44,2.59,144.44,2.36,83.43,1,0,6,52.38,1779.91,NORMAL,0
U07802,TRANSITO,,3.517,155.34,24.36,81.43,3,2,45,35.46,1781.64,CRITICO,1
U06907,SAUDE,40.56,0.452,92.6,8.49,59.73,3,0,50,55.22,1028.44,NORMAL,0
U03213,ENERGIA,46.23,2.268,128.41,5.8,58.72,1,0,55,37.28,1074.13,NORMAL,0
U06515,ENERGIA,194.09,2.228,102.46,74.42,52.5,4,0,113,57.74,807.2,URGENTE,0
U05189,AGUA,39.38,2.099,76.61,67.17,33.93,1,0,40,67.1,930.91,NORMAL,0
U09323,ENERGIA,48.89,3.647,81.35,10.37,41.93,2,0,47,71.14,649.45,NORMAL,0
U00589,SAUDE,,,131.42,32.16,68.53,2,0,106,60.65,1141.65,NORMAL,0
U06385,SAUDE,47.02,2.855,159.62,78.12,79.46,7,0,46,63.64,1609.38,NORMAL,0
U02080,ENERGIA,48.11,3.23,127.89,43.99,80.7,2,1,64,58.89,1175.84,URGENTE,0
U05414,ENERGIA,41.02,2.158,133.73,53.94,52.59,4,0,99,35.11,1195.47,NORMAL,0
U06070,TRANSITO,44.26,2.084,89.53,16.2,52.53,2,1,38,53.45,1119.87,NORMAL,0
U09105,SAUDE,46.01,2.651,107.76,6.57,45.82,2,1,93,72.83,956.07,NORMAL,0
U06670,AGUA,39.47,2.574,71.14,31.23,39.12,1,0,58,63.38,565.08,NORMAL,0
U05520,TELECOM,45.87,4.031,155.25,54.12,68.36,3,0,53,67.01,1177.71,NORMAL,0
U05747,AGUA,46.07,3.896,179.49,9.86,81.85,2,0,113,70.68,1298.94,NORMAL,0
U09392,TRANSITO,48.46,3.988,152.44,75.1,86.18,3,2,87,57.54,1438.61,NORMAL,0
U00762,TELECOM,55.05,3.218,180.02,37.09,100.0,2,1,134,80.6,1333.26,URGENTE,1
U02734,SAUDE,49.41,2.628,132.14,16.9,62.53,5,1,79,67.74,836.0,NORMAL,0
U08377,ENERGIA,37.45,3.017,69.78,46.8,44.06,2,0,47,81.83,1027.51,NORMAL,0
U06006,AGUA,40.5,3.045,119.78,76.03,56.55,1,0,109,52.3,631.14,NORMAL,0
U08015,ENERGIA,53.55,11.393,109.55,59.7,57.13,1,0,134,55.48,966.23,URGENTE,1
U00941,AGUA,39.52,3.285,155.55,23.83,72.22,2,0,140,67.46,1194.96,URGENTE,1
U00829,TELECOM,58.95,2.15,141.11,28.7,91.29,7,1,49,60.48,1440.71,CRITICO,1
U05343,SAUDE,48.68,1.589,110.25,41.88,39.54,1,0,117,47.21,738.35,NORMAL,0
U09560,TELECOM,38.68,2.319,129.76,52.32,59.64,2,0,66,61.73,995.09,NORMAL,0
U01303,TELECOM,,2.073,126.41,25.9,77.36,3,1,108,41.02,1114.76,NORMAL,0
U02329,SAUDE,43.11,1.427,112.11,66.64,60.07,5,0,35,37.71,1356.11,CRITICO,1
U03007,TELECOM,45.09,1.488,80.23,27.89,51.2,4,1,5,72.9,567.53,NORMAL,0
U08077,AGUA,,3.285,117.13,22.37,79.65,4,1,15,58.14,1304.69,NORMAL,0
U09355,SAUDE,37.24,2.054,126.63,96.73,72.68,6,1,138,60.47,1187.81,URGENTE,0
U02566,ENERGIA,55.63,4.184,184.84,61.36,81.78,4,0,99,68.67,1321.6,URGENTE,1
U04773,TELECOM,48.39,3.524,135.23,,66.87,6,0,57,62.58,997.96,URGENTE,0
U02348,SAUDE,45.13,2.247,145.74,32.35,84.32,2,0,96,68.54,568.89,CRITICO,1
U07579,TRANSITO,39.55,,53.19,,37.7,1,0,21,65.29,965.76,NORMAL,0
U05791,TELECOM,49.99,3.675,94.24,,47.84,1,0,110,49.97,895.21,NORMAL,0
U07720,TRANSITO,44.31,3.2,105.87,48.8,59.27,3,0,43,58.31,1281.14,NORMAL,0
U03312,ENERGIA,46.71,3.154,109.64,74.99,51.2,4,1,75,99.33,1134.14,NORMAL,0
U08820,TRANSITO,46.92,2.69,178.15,83.91,93.04,2,1,103,61.22,1552.3,NORMAL,0
U02562,ENERGIA,41.55,3.117,105.69,79.74,54.71,3,2,12,81.75,1046.76,NORMAL,0
U07812,ENERGIA,56.06,3.169,82.27,13.86,39.79,0,1,12,59.7,1275.3,NORMAL,0
U04760,ENERGIA,50.53,3.507,75.33,49.33,31.55,1,0,44,48.34,1139.39,NORMAL,0
U08491,SAUDE,34.83,0.024,112.47,2.74,38.2,3,0,137,61.58,750.3,NORMAL,0
U00411,SAUDE,51.13,1.373,159.4,120.01,91.14,4,1,56,90.26,1477.41,NORMAL,0
U03777,TRANSITO,49.63,2.785,114.56,32.02,60.68,3,0,59,54.8,1106.49,NORMAL,0
U09007,ENERGIA,42.48,3.653,120.51,33.78,58.89,2,0,112,25.38,1279.29,NORMAL,0
U05809,ENERGIA,42.23,1.469,111.63,8.63,61.09,3,0,111,72.66,1115.72,NORMAL,0
U02220,SAUDE,47.26,,125.05,58.79,61.79,3,1,12,75.99,826.44,URGENTE,0
U04126,TRANSITO,50.81,1.702,105.22,35.85,49.24,0,0,117,54.59,967.68,NORMAL,0
U05524,SAUDE,35.73,2.07,127.26,38.61,65.83,0,0,89,54.69,766.3,NORMAL,0
U01702,ENERGIA,53.38,2.482,83.38,30.98,50.94,2,0,24,69.4,948.96,NORMAL,0
U03567,TRANSITO,41.13,2.996,126.61,39.91,30.92,1,0,125,60.27,669.07,NORMAL,0
U02633,ENERGIA,43.04,3.218,59.08,42.14,33.06,1,1,60,65.98,426.44,NORMAL,0
U08817,SAUDE,38.82,2.977,57.9,28.84,38.16,2,0,80,40.15,692.81,NORMAL,0
U08587,AGUA,50.44,2.422,100.61,85.58,55.88,1,0,105,76.24,1376.88,NORMAL,0
U08569,ENERGIA,44.38,2.841,110.1,33.2,49.66,1,0,80,67.62,790.9,NORMAL,0
U01542,ENERGIA,49.97,,145.33,23.46,74.88,2,0,143,35.43,1224.79,NORMAL,0
U03677,TRANSITO,44.12,2.83,137.57,65.17,66.56,2,0,73,66.38,1293.31,NORMAL,0
U06384,TRANSITO,48.28,3.493,144.19,75.01,61.25,4,1,142,41.17,1136.58,NORMAL,0
U08147,AGUA,39.76,3.56,65.7,15.85,48.47,0,0,10,47.6,775.61,NORMAL,0
U02238,SAUDE,30.34,2.667,79.74,,39.58,2,0,50,64.64,957.74,NORMAL,0
U05082,ENERGIA,42.74,2.988,118.64,93.3,63.62,4,1,94,38.71,1561.72,NORMAL,0
U03498,AGUA,44.59,1.765,104.72,45.5,30.49,0,1,132,52.06,551.93,NORMAL,0
U02277,ENERGIA,52.54,3.844,117.55,6.01,82.01,4,1,65,67.82,1476.9,NORMAL,0
U03481,ENERGIA,57.06,3.174,120.48,91.28,60.35,0,0,4,100.0,825.88,NORMAL,0
U06956,AGUA,29.91,2.033,58.04,76.38,29.88,4,1,43,57.05,715.27,NORMAL,0
U09932,ENERGIA,48.68,3.343,97.05,29.26,71.81,7,1,59,54.93,1136.3,NORMAL,0
U03881,ENERGIA,54.14,3.522,135.65,37.59,76.52,0,2,15,72.45,1161.09,NORMAL,0
U07716,ENERGIA,52.95,2.982,82.89,7.51,56.33,1,0,80,66.66,1355.18,NORMAL,0
U04771,ENERGIA,48.95,2.772,90.64,12.82,46.18,2,0,20,53.39,934.08,NORMAL,0
U02546,TRANSITO,42.7,2.703,65.07,17.12,32.49,2,1,15,58.8,1162.98,NORMAL,0
U06939,TELECOM,35.11,1.824,48.51,,22.38,1,2,24,73.87,612.88,NORMAL,0
U05749,SAUDE,38.27,3.667,116.42,112.56,70.98,1,0,32,75.83,1677.81,NORMAL,0
U03734,TRANSITO,50.49,1.886,96.11,27.34,35.8,4,0,128,59.02,965.84,URGENTE,0
U01944,TRANSITO,,2.659,133.06,31.12,85.49,4,0,114,58.09,1226.74,CRITICO,1
U08207,ENERGIA,52.98,4.151,120.35,65.18,70.8,1,0,114,79.47,1283.43,URGENTE,1
U05500,TRANSITO,48.8,2.987,71.19,57.26,54.24,4,1,51,94.09,1106.04,CRITICO,1
U06502,ENERGIA,52.44,3.779,91.53,16.47,32.93,1,1,41,64.84,635.48,NORMAL,0
U06491,TELECOM,113.55,3.178,91.17,18.74,45.27,3,1,91,66.54,1125.81,URGENTE,0
U01494,TRANSITO,41.74,3.374,59.34,31.22,37.59,3,0,12,46.18,896.22,NORMAL,0
U02482,SAUDE,42.6,2.505,79.0,20.37,42.22,0,1,26,54.5,408.14,NORMAL,0
U06936,SAUDE,21.5,1.9,91.63,89.57,42.68,2,0,96,63.87,761.28,NORMAL,0
U06285,SAUDE,49.93,,112.69,94.59,66.55,5,0,61,27.69,807.64,NORMAL,0
U01735,ENERGIA,38.86,3.426,93.28,73.23,38.21,2,1,23,79.93,788.18,NORMAL,0
U07582,AGUA,39.22,3.956,144.21,47.53,80.57,2,0,23,71.51,1255.99,NORMAL,0
U06011,TELECOM,47.97,1.927,105.99,103.54,70.15,5,1,48,84.58,1117.2,NORMAL,0
U03611,AGUA,39.47,3.127,100.62,40.41,38.86,1,0,26,84.73,817.83,NORMAL,0
U06350,ENERGIA,53.75,2.913,106.03,60.65,61.25,1,0,36,72.94,1438.78,NORMAL,0
U09542,TRANSITO,57.22,3.774,109.34,7.75,80.64,3,0,85,94.09,1334.13,NORMAL,0
U04255,TRANSITO,46.67,2.052,162.43,20.29,77.64,2,0,112,73.31,1143.2,NORMAL,0
U02445,ENERGIA,51.98,3.395,139.66,5.16,54.6,2,1,99,59.92,1081.96,NORMAL,0
U05036,SAUDE,44.54,2.118,181.37,171.95,84.06,5,0,65,40.52,1506.01,NORMAL,0
U05575,ENERGIA,49.08,2.492,140.06,47.05,70.74,2,0,119,53.43,1333.09,NORMAL,0
U05350,AGUA,,3.478,104.79,75.67,65.34,4,0,43,48.94,1136.99,NORMAL,0
U05531,TRANSITO,55.51,3.914,121.86,9.01,90.45,0,0,73,63.5,1612.68,NORMAL,0
U09352,ENERGIA,44.18,3.024,123.38,,61.15,5,0,70,74.39,947.25,NORMAL,0
U03552,AGUA,49.21,3.045,85.15,19.27,48.25,1,0,16,69.21,1184.42,NORMAL,0
U08877,TRANSITO,37.06,3.232,130.62,5.33,58.66,0,0,79,57.1,1452.87,NORMAL,0
U06379,ENERGIA,41.14,2.614,80.75,34.65,22.91,1,1,142,48.05,601.62,NORMAL,0
U02332,AGUA,43.81,3.384,129.55,58.28,75.4,2,0,2,53.08,1095.02,NORMAL,0
U09215,SAUDE,45.2,1.824,137.48,29.37,80.22,4,2,121,31.24,1515.09,NORMAL,0
U03117,AGUA,38.65,4.124,113.07,11.7,60.72,3,0,56,44.98,1201.49,NORMAL,0
U01304,TELECOM,43.52,3.344,116.92,50.17,45.05,2,0,83,65.86,234.96,NORMAL,0
U04618,SAUDE,35.51,2.427,123.51,14.03,72.54,3,0,111,52.89,1142.21,NORMAL,0
U02454,ENERGIA,55.47,3.2,157.42,61.44,74.72,1,0,51,92.65,1556.78,NORMAL,0
U06522,TELECOM,42.95,2.615,123.6,44.08,46.28,2,0,105,66.94,280.83,NORMAL,0
U05481,ENERGIA,46.27,3.521,143.61,64.61,99.75,3,0,38,40.02,1168.89,NORMAL,0
U02224,ENERGIA,44.04,1.685,94.89,4.86,24.57,3,0,3,45.75,598.7,CRITICO,1
U09381,TRANSITO,150.84,2.616,98.93,35.1,42.62,0,1,111,38.43,1004.97,NORMAL,0
U08024,SAUDE,37.31,,87.83,72.52,45.85,0,0,56,62.36,851.1,NORMAL,0
U09185,ENERGIA,200.91,,114.48,28.97,76.2,1,0,52,71.55,992.95,NORMAL,0
U05404,ENERGIA,48.06,3.74,112.99,28.86,84.35,0,0,2,42.47,1076.18,NORMAL,0
U05602,ENERGIA,54.5,3.168,97.71,81.3,59.54,2,1,85,89.27,924.03,NORMAL,0
U04888,TELECOM,,2.33,76.13,17.68,45.53,1,0,94,47.95,906.05,NORMAL,0
U01400,TRANSITO,55.33,2.616,176.8,,87.8,1,1,5,48.87,1186.89,NORMAL,0
U06565,ENERGIA,47.99,2.478,98.22,32.05,41.77,4,0,106,81.13,1144.67,NORMAL,0
U09237,TRANSITO,47.29,2.919,123.1,112.56,55.75,2,0,121,80.46,969.47,NORMAL,0
U04862,AGUA,34.22,1.122,73.34,5.65,40.02,3,0,50,54.37,830.49,NORMAL,0
U00724,TELECOM,47.75,1.897,145.4,53.43,61.33,0,0,140,74.23,805.71,NORMAL,0
U03602,SAUDE,,4.102,135.41,49.29,82.22,5,0,12,38.26,1021.38,NORMAL,0
U04941,ENERGIA,50.74,2.827,140.84,59.7,70.97,6,2,55,63.1,882.21,NORMAL,0
U00447,TRANSITO,43.05,2.682,128.09,25.98,66.75,2,0,92,90.29,1009.7,NORMAL,0
U03779,ENERGIA,56.0,3.692,157.18,45.27,54.76,4,0,137,77.36,471.13,NORMAL,0
U00981,TELECOM,48.24,3.546,107.87,15.1,69.57,2,0,34,52.4,1510.43,NORMAL,0
U03478,ENERGIA,57.73,4.697,114.24,103.07,59.89,4,1,105,55.67,1231.65,NORMAL,1
U00652,TELECOM,44.74,3.474,132.05,28.38,82.46,2,0,74,48.18,1154.4,NORMAL,0
U07356,AGUA,34.39,4.142,128.4,30.48,45.0,5,0,137,68.08,735.06,NORMAL,0
U07109,ENERGIA,42.64,2.651,131.28,26.42,67.62,0,0,114,48.74,1083.46,NORMAL,0
U09287,SAUDE,54.43,3.759,181.21,12.34,86.62,7,1,121,58.66,946.47,NORMAL,0
U07867,SAUDE,41.8,4.684,75.34,5.44,40.72,1,0,54,42.19,811.67,NORMAL,0
U07570,ENERGIA,54.4,3.645,136.04,47.28,61.35,2,0,50,49.72,1195.54,NORMAL,0
U05112,SAUDE,37.08,0.444,87.07,84.61,51.34,3,2,3,41.12,771.28,NORMAL,0
U02553,SAUDE,44.81,3.623,153.13,66.91,86.01,3,0,85,62.0,860.94,NORMAL,0
U06089,ENERGIA,61.56,4.383,148.4,14.94,81.28,4,1,84,30.56,1465.91,NORMAL,0
U07484,TRANSITO,34.69,2.906,137.17,59.14,63.24,5,1,48,59.78,1124.08,CRITICO,1
U02177,TRANSITO,49.31,,144.75,30.95,68.53,3,0,71,61.63,477.31,NORMAL,0
U06464,ENERGIA,53.31,2.669,135.77,,65.61,5,0,63,54.07,1310.68,URGENTE,0
U08211,TRANSITO,42.73,2.418,142.33,33.25,74.29,1,1,29,46.59,1150.52,NORMAL,0
U08606,ENERGIA,54.03,4.577,144.05,74.33,80.4,4,2,71,61.78,1265.24,NORMAL,0
U02299,TRANSITO,44.67,3.635,109.95,29.78,66.38,5,1,15,56.54,1063.85,NORMAL,0
U07992,AGUA,34.91,3.949,108.38,28.7,61.53,1,0,44,49.31,1110.85,NORMAL,0
U07161,ENERGIA,54.05,2.92,182.23,54.65,85.18,6,0,85,53.58,1342.92,NORMAL,0
U07341,AGUA,,1.839,96.87,42.94,35.31,4,0,109,71.19,835.84,NORMAL,0
U05798,ENERGIA,52.78,4.154,131.15,86.15,70.3,6,0,28,59.1,1275.12,NORMAL,0
U05924,ENERGIA,43.04,3.003,111.43,18.62,62.67,1,0,5,56.58,1099.52,NORMAL,0
U03765,ENERGIA,50.66,3.449,128.16,56.7,55.41,4,0,131,89.11,1044.9,NORMAL,0
U01128,TELECOM,,2.643,111.08,48.59,50.97,3,0,18,61.05,847.7,NORMAL,0
U07800,TELECOM,56.74,2.934,147.38,84.15,83.4,4,0,125,63.71,1137.76,URGENTE,1
U07402,AGUA,,0.304,111.55,53.78,40.72,4,0,114,53.45,334.0,NORMAL,0
U04201,TRANSITO,37.84,2.653,90.62,110.44,41.37,3,1,58,55.84,1010.55,NORMAL,0
U08750,TELECOM,47.84,1.653,103.82,33.25,61.32,1,0,12,72.89,809.65,NORMAL,0
U02351,SAUDE,45.57,1.857,126.51,,49.71,1,3,106,43.62,1343.49,NORMAL,0
U04769,TRANSITO,51.21,1.644,94.15,15.64,50.12,1,0,139,65.32,1297.66,NORMAL,0
U05347,TRANSITO,49.92,1.484,94.84,91.32,51.96,0,0,31,50.25,808.98,URGENTE,0
U05964,SAUDE,51.3,2.083,81.06,38.91,68.95,3,1,23,34.36,967.66,NORMAL,0
U06136,TRANSITO,45.02,2.595,169.94,29.18,70.14,3,0,129,53.32,965.07,NORMAL,0
U00667,SAUDE,48.63,1.959,89.14,50.09,55.87,4,0,83,71.85,929.58,NORMAL,0
U00406,AGUA,39.16,3.729,91.3,75.78,52.25,2,0,72,55.88,1395.5,NORMAL,0
U07600,SAUDE,42.41,3.562,121.81,73.92,70.09,1,0,49,49.0,919.2,NORMAL,0
U01495,SAUDE,56.74,1.486,103.78,10.25,70.93,2,2,14,77.51,1291.44,NORMAL,0
U08038,TELECOM,47.53,2.582,152.18,51.36,77.72,1,0,66,73.44,1259.27,NORMAL,0
U04995,ENERGIA,53.73,4.2,130.86,53.17,93.45,1,0,67,48.86,1468.81,NORMAL,0
U09045,SAUDE,37.38,1.281,118.97,21.0,53.41,1,0,142,57.44,1340.46,NORMAL,0
U04808,TELECOM,42.68,2.972,159.14,33.74,82.83,5,0,46,79.4,1051.35,NORMAL,0
U04738,ENERGIA,154.64,3.699,156.22,55.41,66.33,2,1,131,59.24,1364.73,NORMAL,0
U05864,AGUA,38.03,3.048,94.36,25.9,46.72,1,0,10,84.13,920.28,URGENTE,0
U04312,SAUDE,46.86,8.733,144.99,130.1,78.23,7,1,39,38.09,1079.96,URGENTE,1
U09708,ENERGIA,45.0,2.521,110.54,56.92,60.9,4,1,6,75.69,1180.45,NORMAL,0
U08478,AGUA,40.47,,101.43,54.94,36.6,1,0,93,72.34,755.05,NORMAL,0
U01355,SAUDE,36.01,2.876,101.29,92.96,53.24,2,0,6,73.09,1194.09,NORMAL,0
U02352,SAUDE,55.95,2.743,174.13,16.15,84.49,2,0,90,41.81,1248.49,NORMAL,0
U04964,AGUA,46.6,3.383,177.81,83.79,94.91,1,0,51,57.97,1777.76,CRITICO,1
U04554,TRANSITO,46.63,2.997,128.96,99.2,63.18,0,1,88,61.12,1180.64,NORMAL,0
U06520,AGUA,34.53,3.908,119.12,11.67,23.71,2,0,134,71.64,563.05,NORMAL,0
U01446,AGUA,55.47,,149.71,24.25,100.0,0,0,4,48.16,1310.59,NORMAL,0
U03612,TELECOM,45.03,0.012,135.18,63.08,46.51,3,0,100,90.64,882.22,NORMAL,0
U09503,AGUA,36.78,3.088,152.05,29.98,83.68,3,0,105,37.88,869.08,NORMAL,0
U07187,SAUDE,50.28,2.016,111.67,20.96,50.01,0,0,84,73.96,1144.7,NORMAL,0
U08543,ENERGIA,54.67,3.025,111.22,24.52,74.69,3,0,50,74.24,1523.24,NORMAL,0
U09937,TRANSITO,45.47,2.822,155.84,78.37,80.15,6,3,48,65.16,1098.86,NORMAL,0
U02984,ENERGIA,52.19,2.996,109.7,180.09,47.91,4,0,116,64.82,1080.92,CRITICO,1
U05474,SAUDE,46.95,1.987,149.51,86.86,72.97,0,1,43,52.83,1069.03,NORMAL,0
U00289,ENERGIA,,4.433,109.25,33.37,50.32,0,0,117,59.04,1039.73,NORMAL,0
U04705,TRANSITO,48.09,3.0,115.15,26.37,60.47,1,1,131,37.86,970.68,NORMAL,0
U03666,ENERGIA,50.16,3.699,110.73,54.48,63.62,6,1,41,75.76,1280.29,URGENTE,0
U03787,SAUDE,48.29,2.923,140.49,75.92,82.48,1,0,26,68.91,1398.31,NORMAL,0
U04187,SAUDE,37.89,0.834,118.31,30.6,53.49,3,1,6,53.62,704.6,NORMAL,0
U01396,TRANSITO,46.23,3.048,145.92,25.7,78.76,2,1,119,77.67,1129.34,NORMAL,0
U05497,AGUA,44.94,2.366,167.91,25.95,77.1,3,2,114,53.04,1573.45,NORMAL,0
U01158,AGUA,48.56,2.592,88.97,13.22,53.05,2,0,5,62.55,1336.37,NORMAL,0
U06059,TELECOM,51.97,3.113,202.69,31.32,78.08,5,0,140,57.57,962.72,CRITICO,1
U02034,TRANSITO,47.19,,135.26,22.03,68.19,4,0,25,67.88,911.78,NORMAL,0
U02728,ENERGIA,50.9,3.145,129.85,36.31,75.64,6,2,11,82.73,1383.61,CRITICO,0
U05734,AGUA,43.91,3.704,120.79,74.45,58.24,2,0,129,71.4,888.45,NORMAL,0
U04874,ENERGIA,49.16,1.846,109.21,21.39,58.6,1,0,57,87.27,785.56,NORMAL,0
U08547,ENERGIA,,3.599,106.16,26.1,65.66,4,0,66,46.02,1164.49,NORMAL,0
U02626,ENERGIA,44.55,3.947,117.62,107.87,65.91,5,1,41,80.1,1575.94,URGENTE,0
U05235,TELECOM,44.46,1.691,123.81,91.62,73.48,6,1,75,66.65,1085.43,URGENTE,1
U03641,SAUDE,40.03,3.741,62.31,72.07,32.97,0,0,82,70.48,724.42,NORMAL,0
U01982,SAUDE,36.5,0.71,111.81,24.65,40.76,1,1,107,61.87,1058.91,NORMAL,0
U02323,SAUDE,43.11,0.756,128.08,19.91,65.21,2,1,110,65.04,897.87,NORMAL,0
U00264,TRANSITO,41.18,3.584,98.46,50.09,30.33,2,0,63,78.2,897.9,NORMAL,0
U05405,TELECOM,41.92,2.5,116.43,53.36,54.34,4,0,112,39.18,948.07,NORMAL,0
U06196,TRANSITO,53.37,,97.25,64.73,58.41,1,1,104,55.25,858.77,NORMAL,0
U07454,SAUDE,40.09,,137.53,32.69,77.42,2,1,62,48.42,1442.14,NORMAL,0
U05323,TRANSITO,39.53,2.453,137.25,23.79,70.24,3,0,83,48.39,1019.7,NORMAL,0
U01230,SAUDE,42.35,2.899,136.73,45.46,72.48,5,0,131,59.82,896.13,NORMAL,0
U06978,ENERGIA,59.33,3.002,107.31,79.06,65.51,1,1,91,73.38,1393.19,CRITICO,1
U03240,AGUA,49.42,2.377,104.28,108.95,77.5,3,2,13,76.57,1250.98,NORMAL,0
U07678,TRANSITO,,2.22,120.12,,75.13,0,0,21,50.09,1039.49,NORMAL,0
U03030,AGUA,39.47,3.378,149.85,19.04,66.07,3,1,133,26.06,1651.38,NORMAL,0
U03748,TELECOM,39.04,,67.74,,34.71,1,1,44,34.93,1140.51,NORMAL,0
U02739,ENERGIA,51.98,3.524,163.78,20.47,67.28,0,1,102,53.8,982.09,NORMAL,0
U09389,SAUDE,46.91,3.863,123.04,43.85,69.23,2,0,74,37.94,920.4,NORMAL,0
U03644,SAUDE,39.16,4.099,107.96,90.56,50.52,2,0,50,76.54,1129.12,NORMAL,0
U06188,AGUA,36.23,2.108,127.41,2.26,63.3,3,0,78,73.35,990.55,NORMAL,0
U08724,ENERGIA,53.49,1.917,121.87,45.33,75.33,2,1,28,76.02,1522.03,NORMAL,0
U06792,SAUDE,42.46,2.148,132.8,50.15,64.93,3,0,101,100.0,1451.98,NORMAL,0
U00341,TELECOM,,2.69,128.1,42.45,68.78,5,0,98,70.9,1163.32,NORMAL,1
U06135,TELECOM,54.12,2.759,138.33,24.08,65.32,3,1,26,58.63,1202.47,NORMAL,0
U09688,SAUDE,35.06,0.855,56.38,86.25,29.12,4,1,39,58.49,607.95,NORMAL,0
U08004,ENERGIA,48.45,4.279,152.67,22.85,72.26,1,0,137,67.33,1317.95,NORMAL,1
U09628,SAUDE,40.32,1.785,105.38,19.49,57.43,2,2,34,56.2,865.47,NORMAL,0
U02132,TELECOM,46.46,2.439,121.78,15.82,58.62,4,2,108,80.68,1065.68,NORMAL,0
U08843,TRANSITO,53.84,3.128,137.37,74.36,65.03,5,0,143,57.69,764.73,NORMAL,0
U08879,SAUDE,40.34,1.276,87.97,45.67,40.27,3,0,38,59.12,1167.63,NORMAL,0
U09322,ENERGIA,47.15,2.941,113.72,149.01,55.74,3,0,139,41.86,1078.94,URGENTE,1
U08658,SAUDE,33.34,3.201,107.4,102.97,44.64,2,1,73,50.12,952.33,NORMAL,0
U02681,SAUDE,43.97,1.378,103.63,40.38,37.89,4,0,38,68.35,447.64,NORMAL,0
U00307,AGUA,45.53,3.106,124.74,38.38,61.33,1,1,9,73.43,579.19,NORMAL,0
U01850,AGUA,39.75,1.736,96.53,22.87,55.41,5,0,64,76.51,926.88,CRITICO,1
U03027,ENERGIA,48.72,3.231,116.13,15.02,42.65,3,1,113,62.49,1145.26,NORMAL,0
U04123,ENERGIA,50.21,3.38,141.86,99.2,73.15,1,0,61,76.12,1063.72,NORMAL,0
U08886,AGUA,43.11,3.352,123.63,39.42,74.69,2,0,33,54.11,1114.73,NORMAL,0
U08339,ENERGIA,52.91,3.731,184.49,24.54,89.43,5,0,89,94.58,1528.18,NORMAL,1
U01852,SAUDE,40.07,1.976,115.88,131.64,58.69,4,1,133,52.89,1018.93,NORMAL,0
U07383,TRANSITO,,2.707,123.84,,80.8,4,0,140,65.24,1617.01,URGENTE,0
U00842,ENERGIA,,1.998,75.33,85.51,42.33,2,0,26,77.09,782.46,CRITICO,1
U07724,ENERGIA,47.92,3.134,131.96,29.41,83.23,3,0,27,47.27,1396.3,NORMAL,0
U05794,AGUA,38.95,3.711,114.9,93.57,76.84,2,1,29,57.32,1277.54,NORMAL,0
U02613,TELECOM,51.4,2.729,120.21,143.15,82.93,3,1,36,73.67,751.36,NORMAL,0
U01629,TELECOM,52.18,2.625,103.51,50.64,51.7,1,0,130,90.59,1038.16,URGENTE,1
U05289,AGUA,32.48,1.718,158.79,37.91,64.95,3,2,111,64.75,629.17,NORMAL,0
U04512,ENERGIA,60.99,3.785,160.94,21.54,87.34,4,1,67,39.91,1250.23,NORMAL,0
U00125,ENERGIA,35.8,2.674,95.25,40.31,29.62,1,0,104,79.37,928.42,NORMAL,0
U05205,TELECOM,46.75,1.182,110.15,26.18,47.91,1,0,110,37.94,1256.04,NORMAL,0
U08463,AGUA,35.06,,69.16,25.77,51.45,2,0,130,57.89,995.68,NORMAL,0
U08554,ENERGIA,41.15,3.13,81.75,105.63,53.09,2,0,94,46.93,605.82,NORMAL,0
U01014,TELECOM,49.51,3.254,169.0,19.67,81.55,1,0,126,49.12,1227.06,NORMAL,0
U08856,AGUA,39.47,2.185,159.73,17.2,76.46,4,0,74,32.12,931.01,NORMAL,0
U03906,TELECOM,53.54,2.979,162.94,89.65,90.85,2,0,134,76.52,1827.6,NORMAL,0
U01537,SAUDE,48.38,3.409,127.08,53.6,79.15,3,0,79,82.74,739.16,NORMAL,0
U00503,TELECOM,47.49,3.337,115.53,41.09,49.36,6,0,7,54.91,1319.57,NORMAL,0
U09157,ENERGIA,48.82,3.262,103.73,5.85,64.98,4,1,35,50.48,1182.82,NORMAL,0
U03182,SAUDE,42.66,2.605,109.43,29.6,36.44,3,0,143,78.88,288.01,NORMAL,0
U02030,ENERGIA,40.79,2.754,87.82,108.76,52.18,5,2,18,68.45,647.27,NORMAL,0
U04147,AGUA,45.8,2.638,108.88,46.46,54.04,4,0,103,41.95,1170.92,URGENTE,1
U07898,AGUA,43.0,3.63,176.26,8.86,96.28,7,0,107,84.3,1700.75,URGENTE,0
U00387,SAUDE,128.08,1.415,131.8,46.12,66.14,5,1,6,49.07,1370.97,NORMAL,0
U06404,AGUA,31.73,,133.49,17.25,67.3,3,3,8,65.93,1372.21,NORMAL,0
U02103,SAUDE,45.41,1.754,51.01,200.02,28.18,2,0,30,93.26,376.91,NORMAL,0
U08002,SAUDE,55.54,1.742,137.24,35.82,61.95,4,0,34,58.75,1331.39,NORMAL,0
U00797,ENERGIA,49.82,4.254,159.04,68.48,94.36,2,0,75,53.15,1206.67,URGENTE,0
U06553,TRANSITO,49.78,3.579,174.55,71.52,92.88,5,0,89,67.64,1827.99,NORMAL,0
U04812,AGUA,45.91,3.028,104.07,17.96,62.53,3,2,28,76.39,1316.85,NORMAL,0
U07614,TRANSITO,,2.514,147.49,50.39,67.97,2,0,67,69.22,1057.45,NORMAL,0
U09665,TELECOM,48.79,2.796,136.04,35.2,65.76,2,0,120,57.43,1087.7,NORMAL,0
U01516,SAUDE,35.32,1.564,131.6,41.01,51.06,1,0,139,61.74,776.84,NORMAL,0
U03258,ENERGIA,49.91,2.588,156.01,3.82,71.04,2,0,85,32.25,1253.13,NORMAL,0
U04972,SAUDE,34.76,3.044,82.14,25.28,41.72,2,1,2,83.15,901.38,NORMAL,0
U07879,ENERGIA,55.75,4.057,102.44,44.7,75.29,1,2,78,84.96,1356.1,CRITICO,1
U01595,TRANSITO,,2.5,50.9,13.6,41.0,3,0,69,52.63,608.82,NORMAL,0
U04010,SAUDE,42.01,2.792,103.96,36.11,45.55,2,0,16,67.33,619.36,NORMAL,0
U04937,ENERGIA,45.56,2.815,80.29,25.18,58.25,4,0,18,70.63,1241.93,NORMAL,0
U07592,TELECOM,57.58,1.015,99.59,24.24,66.93,4,0,22,65.01,676.09,NORMAL,0
U03997,SAUDE,47.23,1.282,69.02,72.07,44.47,1,1,7,60.25,726.5,NORMAL,0
U03893,AGUA,57.45,4.058,127.13,44.9,81.69,3,4,33,60.09,1365.21,CRITICO,1
U00433,SAUDE,30.35,1.275,127.33,,67.19,2,2,103,51.13,1415.46,NORMAL,0
U06754,ENERGIA,44.88,4.032,103.79,50.92,52.5,0,1,48,57.55,937.1,NORMAL,0
U05525,AGUA,33.96,1.734,46.63,14.37,28.49,1,1,40,77.13,565.07,NORMAL,0
U08223,AGUA,45.69,4.215,159.98,34.57,66.22,3,0,142,63.46,974.92,NORMAL,0
U03900,AGUA,36.79,2.132,134.75,146.35,68.52,0,0,137,70.77,1423.28,NORMAL,0
U04525,TRANSITO,,,156.07,28.63,74.16,5,1,116,70.6,1268.02,NORMAL,0
U02113,TRANSITO,37.82,2.452,158.68,32.66,73.2,5,0,126,41.09,943.61,NORMAL,0
U03517,TRANSITO,43.24,2.252,132.82,39.75,52.41,1,0,43,66.14,897.3,NORMAL,0
U05816,TRANSITO,46.06,2.873,112.02,51.73,54.56,1,0,18,54.34,1073.93,NORMAL,0
U07855,ENERGIA,47.16,2.883,121.56,23.33,51.25,3,0,129,75.38,1074.27,NORMAL,0
U06237,TRANSITO,41.08,1.613,124.16,43.92,49.54,5,2,124,71.7,1038.75,NORMAL,0
U05912,ENERGIA,47.02,4.287,141.76,61.4,80.39,3,0,121,52.51,1333.91,NORMAL,0
U07375,AGUA,113.04,3.041,128.06,45.83,66.7,3,0,35,57.91,1252.47,NORMAL,0
U04571,AGUA,37.83,2.994,113.49,95.96,58.6,4,0,30,76.82,1054.72,NORMAL,0
U03908,ENERGIA,51.89,3.788,103.83,46.2,62.09,1,1,43,43.58,852.98,NORMAL,0
U08599,SAUDE,41.73,1.952,96.13,39.01,48.08,4,1,119,40.94,484.5,NORMAL,0
U09342,AGUA,41.36,2.815,173.88,51.07,83.19,5,0,111,75.79,1583.52,NORMAL,0
U01503,ENERGIA,52.49,3.034,107.62,50.68,48.84,4,0,46,86.69,863.4,NORMAL,0
U00560,ENERGIA,183.92,2.15,78.19,87.01,45.49,3,1,79,62.42,1202.0,NORMAL,0
U09952,TELECOM,43.75,2.892,86.8,57.93,38.93,2,0,82,62.5,892.63,NORMAL,0
U04268,TELECOM,43.84,1.206,72.58,30.19,35.57,3,0,13,52.2,1207.49,NORMAL,0
U00200,ENERGIA,47.37,2.254,123.7,24.76,65.64,6,0,42,79.29,1202.03,URGENTE,1
U08515,SAUDE,46.79,2.743,92.95,53.73,56.13,3,1,97,38.61,805.75,NORMAL,0
U00996,AGUA,36.59,1.307,103.96,6.15,54.36,3,1,69,82.97,1062.71,CRITICO,0
U01162,SAUDE,45.89,3.948,171.02,27.5,100.0,1,0,45,86.01,1369.16,CRITICO,1
U06335,ENERGIA,55.49,1.659,117.71,27.88,47.55,3,1,4,86.31,724.17,NORMAL,0
U02543,ENERGIA,51.51,2.992,71.55,66.98,52.78,3,1,62,65.59,1199.28,NORMAL,0
U00975,AGUA,,3.229,96.52,34.11,47.21,7,1,94,32.55,1026.53,NORMAL,0
U05609,ENERGIA,53.76,2.038,134.21,34.1,75.34,3,1,24,77.17,1218.78,NORMAL,0
U01166,TELECOM,51.13,2.426,128.69,86.04,73.05,3,0,28,53.97,887.92,NORMAL,0
U07159,ENERGIA,44.49,2.909,140.38,46.01,77.77,4,0,69,71.59,1285.57,NORMAL,0
U01656,ENERGIA,62.05,2.78,158.88,88.46,83.09,3,0,7,53.01,1230.23,NORMAL,0
U03806,SAUDE,49.06,0.758,95.99,4.79,48.51,1,1,67,61.32,1160.72,NORMAL,0
U02519,ENERGIA,56.61,4.072,111.71,9.45,60.9,0,1,68,65.36,1153.01,NORMAL,0
U06151,AGUA,43.67,4.196,117.2,53.32,50.49,3,0,5,67.51,1124.81,NORMAL,0
U05892,TELECOM,52.77,2.399,98.61,10.31,63.32,1,0,86,83.31,755.41,NORMAL,0
U08642,TRANSITO,45.18,1.995,103.57,84.2,43.55,2,1,99,73.23,930.47,NORMAL,0
U04344,ENERGIA,49.64,3.77,143.31,75.18,67.46,1,2,144,45.76,1143.76,URGENTE,0
U03648,SAUDE,53.09,2.249,74.29,26.0,49.74,1,0,50,82.28,1314.81,URGENTE,0
U08871,ENERGIA,49.71,2.682,121.07,,48.09,2,0,128,55.11,1093.03,NORMAL,0
U06685,ENERGIA,50.37,4.764,131.99,45.77,67.09,4,0,12,74.48,1329.01,NORMAL,0
U00008,SAUDE,43.21,3.408,112.04,32.53,55.04,2,0,102,61.87,844.03,NORMAL,0
U00945,SAUDE,38.67,1.704,106.51,27.34,57.23,2,1,50,77.21,838.04,NORMAL,0
U01192,ENERGIA,66.0,3.074,136.07,65.95,55.1,0,0,141,79.11,874.9,NORMAL,0
U07043,SAUDE,50.46,3.65,135.9,74.06,64.76,3,0,65,23.1,1234.94,NORMAL,0
U05855,SAUDE,37.11,1.934,95.9,81.74,41.1,2,0,5,59.32,968.52,NORMAL,0
U06380,SAUDE,35.68,2.217,92.81,73.42,47.28,2,0,131,40.51,1030.16,URGENTE,0
U06593,ENERGIA,50.93,2.551,71.24,52.9,52.81,5,1,98,50.85,1276.86,NORMAL,0
U09340,AGUA,,2.624,88.25,85.48,48.49,2,0,22,87.61,1359.07,NORMAL,0
U04400,TELECOM,,1.563,112.25,,37.18,2,0,133,73.6,766.13,NORMAL,0
U07062,SAUDE,40.71,1.805,94.25,123.83,56.19,3,1,130,100.0,906.5,NORMAL,0
U07650,AGUA,35.86,2.809,127.02,72.16,63.06,3,1,74,43.02,647.36,NORMAL,0
U01300,TELECOM,48.9,2.359,106.52,11.18,41.21,4,1,65,61.45,545.13,NORMAL,0
U08039,TRANSITO,53.2,3.098,121.5,74.06,62.63,4,0,3,75.75,1416.6,NORMAL,0
U03547,AGUA,48.14,3.58,149.68,97.82,70.82,3,0,109,52.59,947.78,NORMAL,0
U05253,TELECOM,44.67,2.695,109.71,47.76,66.16,2,0,124,55.31,1321.29,NORMAL,0
U05727,ENERGIA,57.21,2.974,134.7,38.58,87.14,5,2,72,42.77,1451.07,CRITICO,1
U02077,ENERGIA,49.66,1.164,78.77,45.81,44.64,6,0,26,66.95,820.64,NORMAL,0
U06275,SAUDE,43.2,2.406,170.97,96.99,78.4,5,0,87,54.34,1499.43,NORMAL,0
U07162,TRANSITO,45.24,,131.03,111.89,81.03,3,0,68,98.93,1180.87,URGENTE,1
U07874,AGUA,40.03,2.024,130.27,11.41,82.16,3,0,71,29.54,1297.09,NORMAL,0
U02845,TRANSITO,45.69,2.302,134.74,8.22,79.84,6,1,71,59.29,1418.16,NORMAL,0
U04301,AGUA,45.33,2.767,155.71,24.23,65.29,3,0,136,35.58,1336.09,NORMAL,0
U02963,SAUDE,159.13,3.255,125.18,90.78,68.95,5,0,114,71.51,1068.14,NORMAL,0
U01698,ENERGIA,43.55,4.65,171.92,40.21,83.05,3,3,62,58.52,1344.49,URGENTE,1
U09028,ENERGIA,52.47,2.844,68.33,77.28,40.41,1,0,14,66.42,652.23,NORMAL,0
U09391,ENERGIA,39.26,3.169,148.67,52.97,64.83,6,0,84,25.15,1341.52,NORMAL,0
U07155,SAUDE,53.2,1.866,98.1,23.97,75.27,1,0,117,71.64,1538.46,NORMAL,0
U03877,TRANSITO,,3.725,137.0,12.19,61.09,2,0,138,61.95,678.25,NORMAL,0
U07820,SAUDE,41.9,1.949,139.11,123.2,68.2,1,0,117,84.81,1119.58,NORMAL,0
U07185,TELECOM,51.51,1.73,118.33,23.42,60.64,6,2,45,59.23,1439.66,NORMAL,0
U01808,ENERGIA,55.83,4.164,122.66,25.56,76.62,3,0,73,34.88,1178.3,NORMAL,0
U09380,SAUDE,53.56,3.054,160.84,15.61,100.0,3,0,47,71.32,1305.36,NORMAL,0
U03594,SAUDE,40.81,2.815,175.98,44.56,79.74,2,0,118,61.37,1614.77,NORMAL,0
U09611,ENERGIA,52.97,2.171,120.35,30.47,52.56,4,3,69,80.72,959.82,NORMAL,0
U00561,TELECOM,47.54,,157.0,43.96,70.01,0,0,54,53.76,1389.37,NORMAL,0
U07768,SAUDE,47.18,3.105,68.16,42.09,42.67,0,0,59,77.56,1037.83,NORMAL,0
U08338,SAUDE,,1.709,89.0,46.07,40.54,2,0,62,66.28,809.21,NORMAL,0
U00218,TELECOM,49.5,3.383,123.36,44.33,80.97,3,0,51,59.13,1505.95,NORMAL,0
U05908,SAUDE,136.85,1.926,135.34,84.81,67.36,2,0,31,48.31,1301.15,NORMAL,0
U09348,SAUDE,36.82,,160.65,25.12,70.38,1,1,142,36.71,1418.8,NORMAL,0
U00651,TRANSITO,50.21,1.296,92.78,31.4,39.88,1,1,6,78.24,828.99,NORMAL,0
U03334,SAUDE,33.95,3.759,127.92,118.41,89.62,5,2,71,82.23,1632.74,NORMAL,0
U08396,ENERGIA,51.9,2.495,130.33,101.72,73.64,2,0,140,40.38,1213.16,NORMAL,0
U05988,ENERGIA,51.33,4.518,88.89,22.9,58.85,2,1,59,79.92,1145.89,NORMAL,0
U08902,TELECOM,43.16,2.365,65.61,21.03,38.46,2,1,67,27.1,846.74,NORMAL,0
U05834,AGUA,49.1,4.382,148.62,34.81,62.98,3,2,54,84.92,821.07,NORMAL,0
U02159,ENERGIA,47.48,4.105,130.27,100.49,84.77,4,0,9,52.14,1188.31,NORMAL,0
U02526,ENERGIA,49.36,2.478,82.75,129.55,56.39,5,1,57,48.76,973.25,NORMAL,0
U00319,SAUDE,37.96,1.178,84.8,16.25,44.5,2,0,100,47.76,1006.36,NORMAL,0
U03957,TRANSITO,45.85,3.053,99.57,41.76,54.64,4,1,22,54.23,1209.6,NORMAL,0
U03568,ENERGIA,43.98,3.862,137.6,29.01,61.28,6,0,109,59.26,1312.43,URGENTE,0
U03916,TRANSITO,60.09,4.691,167.96,84.69,100.0,6,0,100,93.1,1268.01,NORMAL,0
U01273,SAUDE,46.97,2.642,104.46,61.89,54.82,2,0,101,81.87,898.73,NORMAL,0
U06005,AGUA,39.41,2.466,116.85,40.29,66.31,4,2,26,77.08,1121.61,NORMAL,0
U06814,SAUDE,44.6,2.716,110.32,35.82,51.87,0,0,77,67.41,1002.52,NORMAL,0
U08298,TELECOM,42.78,2.75,133.34,38.74,42.9,1,0,120,72.65,1115.81,NORMAL,0
U06829,ENERGIA,42.04,3.512,106.96,101.06,44.82,2,0,80,66.97,828.36,NORMAL,0
U08292,AGUA,51.67,3.711,107.83,34.75,60.63,4,1,105,61.11,918.32,NORMAL,0
U00018,ENERGIA,48.62,3.594,155.97,49.1,76.18,2,1,70,59.72,1092.99,URGENTE,1
U07684,SAUDE,40.36,1.733,109.25,65.51,60.69,2,1,107,64.19,1177.67,NORMAL,0
U03851,AGUA,34.69,3.08,116.86,44.69,62.49,5,0,61,80.41,1221.16,NORMAL,0
U02017,ENERGIA,50.72,2.053,148.13,64.82,72.15,3,1,85,74.6,1196.23,NORMAL,0
U05028,TRANSITO,49.19,1.723,112.58,8.32,53.13,3,0,104,84.75,908.25,NORMAL,0
U06018,AGUA,50.22,2.552,112.93,85.61,64.67,3,0,24,63.91,1040.27,NORMAL,0
U08619,TELECOM,154.49,0.762,42.34,54.4,33.13,3,0,108,54.16,1007.02,NORMAL,0
U05158,AGUA,46.53,3.621,123.22,43.97,45.44,3,1,107,41.45,848.62,NORMAL,0
U02463,AGUA,47.46,2.205,96.81,19.92,47.25,2,0,110,58.99,633.07,NORMAL,0
U08924,SAUDE,45.08,4.177,120.28,133.71,70.27,3,0,6,61.53,1197.86,NORMAL,0
U06157,SAUDE,35.39,2.591,86.85,24.81,47.13,2,1,17,97.97,958.16,NORMAL,0
U01331,TELECOM,52.17,3.765,172.63,10.61,96.4,3,2,60,89.58,1538.61,NORMAL,0
U05054,SAUDE,36.96,0.722,107.6,66.06,47.8,3,0,133,58.0,1676.29,URGENTE,1
U09808,SAUDE,36.18,2.079,137.34,41.33,74.44,1,0,71,77.86,1589.12,NORMAL,0
U02426,TRANSITO,45.05,2.822,149.1,83.44,78.33,2,0,93,93.35,1283.02,NORMAL,0
U01608,TELECOM,46.06,3.12,148.16,124.48,81.67,8,1,135,48.6,1486.35,CRITICO,1
U09865,ENERGIA,43.22,3.009,85.52,88.45,50.33,3,1,79,74.97,1002.0,URGENTE,0
U00574,AGUA,43.35,3.905,111.23,97.36,63.07,3,1,39,77.23,1109.75,NORMAL,0
U00017,ENERGIA,41.97,2.64,78.61,50.04,34.27,2,0,83,67.18,396.26,NORMAL,0
U01037,SAUDE,44.02,2.78,113.99,100.82,52.04,2,0,107,86.64,1254.0,NORMAL,0
U07312,ENERGIA,51.03,1.445,100.36,62.24,45.68,1,0,125,80.4,875.26,NORMAL,0
U05107,TRANSITO,,3.345,124.05,76.59,65.71,0,0,43,33.1,1241.09,NORMAL,0
U09945,SAUDE,32.79,2.295,91.36,55.88,63.03,4,0,51,34.87,961.89,NORMAL,0
U00821,SAUDE,48.03,3.522,134.9,34.61,76.44,2,1,129,29.54,1455.46,NORMAL,0
U02594,SAUDE,38.86,3.309,138.71,75.31,66.08,1,0,19,39.19,801.3,NORMAL,0
U08558,ENERGIA,51.64,2.672,125.57,48.28,63.26,2,0,124,76.55,1169.45,URGENTE,0
U00743,TRANSITO,58.98,1.948,138.97,53.96,87.57,1,2,2,71.33,1630.68,NORMAL,0
U02485,ENERGIA,53.82,3.728,106.37,55.02,81.02,5,1,29,81.48,1065.09,URGENTE,1
U05214,SAUDE,41.44,1.152,87.08,4.91,59.23,2,2,16,68.43,1106.85,NORMAL,0
U00333,ENERGIA,51.06,2.991,143.28,6.11,64.22,4,1,62,71.87,1177.84,NORMAL,0
U04058,ENERGIA,50.09,2.004,137.03,65.14,54.91,1,1,129,49.99,1008.75,NORMAL,0
U04069,TRANSITO,,4.849,176.2,46.46,87.96,7,0,21,58.65,998.43,URGENTE,1
U07399,ENERGIA,49.81,1.22,103.54,62.12,64.1,3,0,75,53.97,1405.75,NORMAL,0
U07631,ENERGIA,,3.082,122.22,48.28,87.46,0,1,14,48.29,1499.56,URGENTE,0
U04504,TRANSITO,43.34,3.511,125.59,16.37,48.03,3,0,114,80.46,717.47,NORMAL,0
U01729,ENERGIA,49.7,1.496,94.07,39.86,46.93,2,0,100,71.49,935.12,NORMAL,0
U07934,ENERGIA,50.32,4.662,82.88,37.04,71.86,5,1,37,60.81,1226.18,NORMAL,0
U01600,ENERGIA,53.72,1.589,108.9,40.26,37.02,0,0,94,93.42,961.92,NORMAL,0
U03255,ENERGIA,42.74,,172.31,107.49,100.0,2,0,52,66.81,1975.98,NORMAL,0
U06940,TRANSITO,31.48,2.724,49.83,39.12,19.21,1,0,65,78.96,679.35,NORMAL,0
U03556,TRANSITO,55.3,2.491,144.5,6.82,75.97,3,1,119,63.18,1025.2,NORMAL,0
U01083,AGUA,43.82,3.361,108.96,76.02,52.83,2,2,74,77.83,1196.94,NORMAL,0
U05805,ENERGIA,52.43,,103.33,39.37,61.93,3,0,28,68.91,1427.25,NORMAL,0
U08164,AGUA,45.34,2.04,82.96,28.6,55.99,3,1,75,50.7,869.77,NORMAL,0
U07779,TRANSITO,49.34,2.93,122.65,,79.0,0,0,61,92.63,1732.18,NORMAL,0
U07278,AGUA,42.76,1.812,136.28,48.67,69.24,4,1,41,65.55,1254.13,URGENTE,0
U04822,ENERGIA,44.2,1.821,144.52,6.87,54.47,1,1,126,57.16,1093.76,NORMAL,0
U09419,TRANSITO,47.04,1.835,121.6,122.63,68.82,0,3,17,73.21,1302.01,NORMAL,0
U03439,TRANSITO,47.26,2.553,87.39,37.67,35.66,3,1,69,47.65,954.31,NORMAL,0
U08574,SAUDE,46.62,2.117,103.18,49.38,37.87,3,1,142,53.83,695.38,NORMAL,0
U07659,ENERGIA,39.89,3.213,113.45,39.61,69.33,3,1,30,58.72,1214.21,NORMAL,0
U09813,TELECOM,,1.598,125.5,13.81,75.78,2,0,91,95.58,1318.73,NORMAL,0
U09722,ENERGIA,45.02,2.777,79.16,12.7,24.54,0,0,109,77.27,579.65,NORMAL,0
U08469,TRANSITO,43.74,7.097,157.91,8.84,73.21,4,1,141,37.31,1225.3,URGENTE,1
U05012,ENERGIA,58.86,2.561,156.05,61.11,74.04,1,0,119,84.72,977.05,NORMAL,0
U09598,TELECOM,49.55,1.478,88.39,28.35,42.13,2,0,79,75.39,539.96,NORMAL,0
U06352,ENERGIA,44.75,3.039,143.26,17.35,64.07,4,1,113,31.9,1136.42,CRITICO,1
U04006,TELECOM,41.15,0.949,136.05,44.68,58.5,1,0,95,61.6,966.67,URGENTE,0
U02584,TRANSITO,39.34,,115.17,133.16,72.41,3,0,10,70.33,1398.23,NORMAL,0
U06096,TRANSITO,50.58,1.863,79.01,65.7,52.77,3,2,66,90.15,1100.55,NORMAL,0
U08053,ENERGIA,46.21,3.029,76.88,70.65,36.91,0,0,33,74.49,836.51,NORMAL,0
U00877,SAUDE,48.94,2.611,149.6,68.72,84.44,1,1,15,84.74,1349.78,NORMAL,0
U06123,SAUDE,44.43,1.252,132.06,174.76,70.21,4,0,142,63.44,639.21,NORMAL,0
U02896,AGUA,40.85,3.309,98.12,77.47,46.85,4,0,69,22.18,1303.8,NORMAL,0
U01632,SAUDE,41.11,3.134,92.78,37.71,49.01,2,0,72,73.1,704.35,NORMAL,0
U08045,SAUDE,38.04,3.497,162.84,29.22,69.45,5,0,122,64.64,1187.64,NORMAL,0
U01851,TRANSITO,35.08,3.163,104.84,29.36,54.51,1,0,49,67.62,1210.55,NORMAL,0
U09253,SAUDE,36.72,2.788,121.02,18.94,61.18,5,1,106,44.83,1067.3,NORMAL,0
U02175,ENERGIA,49.25,,114.38,24.25,55.87,5,1,68,88.92,778.8,CRITICO,1
U09916,ENERGIA,49.7,2.469,141.6,19.47,57.85,2,1,138,29.34,1344.19,NORMAL,0
U09791,TRANSITO,,2.178,109.77,54.29,67.11,6,0,14,68.23,946.85,NORMAL,0
U05812,ENERGIA,48.03,3.403,104.59,30.46,70.46,2,0,19,37.7,1123.91,NORMAL,0
U02547,SAUDE,47.11,3.731,143.85,59.57,63.81,2,0,143,54.94,839.22,NORMAL,0
U04099,TRANSITO,42.68,1.625,108.97,40.29,53.6,4,1,51,82.79,884.71,NORMAL,0
U07207,AGUA,,3.533,81.0,96.18,45.16,3,0,92,48.8,623.3,NORMAL,0
U03529,TELECOM,38.74,1.714,58.44,40.98,55.66,2,0,29,76.96,1269.03,NORMAL,0
U08537,TELECOM,44.82,1.984,99.81,78.06,39.17,0,0,116,64.89,489.48,NORMAL,0
U06101,ENERGIA,53.4,7.948,146.73,121.81,69.69,1,0,91,68.18,1017.83,CRITICO,1
U00620,SAUDE,33.37,3.853,141.93,43.45,58.15,2,1,117,61.65,1003.82,NORMAL,0
U06425,ENERGIA,42.0,2.241,52.1,99.31,45.56,1,1,21,46.05,925.37,NORMAL,0
U07575,ENERGIA,57.14,,157.51,22.57,69.79,1,0,41,82.23,688.7,NORMAL,0
U06650,SAUDE,45.26,1.871,117.57,53.48,78.27,5,0,46,60.83,1151.47,NORMAL,0
U07461,SAUDE,31.89,1.981,110.82,62.38,53.8,0,2,40,44.89,1219.19,NORMAL,0
U08284,AGUA,41.08,2.551,102.87,24.53,45.67,4,2,17,78.99,736.63,URGENTE,0
U09844,TRANSITO,,2.671,182.6,29.66,67.58,3,0,137,83.17,1130.13,NORMAL,0
U02937,TRANSITO,58.71,3.03,151.74,29.58,76.68,1,1,84,42.7,1613.06,NORMAL,0
U01299,AGUA,34.03,3.792,104.75,39.19,63.54,4,1,13,65.48,1047.88,NORMAL,0
U01788,TRANSITO,54.4,3.861,142.78,24.9,80.11,3,2,91,41.85,1327.16,NORMAL,0
U02084,SAUDE,38.21,3.271,116.1,55.52,41.25,3,0,22,79.73,737.63,NORMAL,0
U03753,AGUA,42.18,2.73,108.22,56.02,69.09,2,0,95,64.12,1092.77,NORMAL,0
U02793,TRANSITO,42.48,2.418,141.82,46.42,86.73,2,0,101,38.06,1776.4,URGENTE,0
U00212,AGUA,42.35,3.225,155.11,86.06,64.64,5,1,117,55.26,1438.39,NORMAL,0
U02933,TRANSITO,48.08,3.87,132.61,11.35,66.87,0,0,134,78.09,863.67,NORMAL,0
U04350,SAUDE,37.58,1.504,41.63,29.01,32.04,0,0,95,68.74,889.0,NORMAL,0
U06820,ENERGIA,42.25,2.675,135.76,53.51,50.82,3,0,65,56.88,872.75,NORMAL,0
U07804,ENERGIA,47.2,2.381,106.49,54.3,33.78,2,0,134,72.92,914.94,NORMAL,0
U04353,AGUA,51.77,3.31,119.73,118.67,92.88,2,0,55,59.12,1484.17,URGENTE,0
U06268,AGUA,39.45,3.77,114.88,25.54,56.08,4,0,59,69.36,1113.79,NORMAL,0
U02070,ENERGIA,52.01,3.097,101.62,,61.16,2,1,15,76.77,1025.7,NORMAL,0
U02873,ENERGIA,48.05,3.662,111.02,39.38,45.55,2,0,127,55.76,985.37,NORMAL,0
U04474,AGUA,36.55,2.835,91.37,48.58,46.08,3,2,96,55.25,563.9,NORMAL,0
U02020,TRANSITO,54.42,3.738,139.19,42.17,83.85,1,1,63,64.72,940.02,NORMAL,0
U02207,AGUA,46.08,2.923,165.09,113.53,87.69,3,1,60,75.41,1550.56,NORMAL,0
U07201,AGUA,39.49,2.215,141.4,35.19,82.15,4,1,80,47.12,1510.87,URGENTE,0
U03809,ENERGIA,53.57,3.231,152.56,32.47,80.52,2,0,114,43.14,1330.05,NORMAL,0
U03725,AGUA,37.49,2.735,107.45,48.57,51.97,4,0,50,63.62,826.46,NORMAL,0
U07359,SAUDE,41.2,,102.95,74.68,60.44,1,1,15,41.99,1127.62,NORMAL,0
U03089,SAUDE,36.99,0.169,69.2,10.74,33.69,2,0,39,74.65,667.4,NORMAL,0
U09359,TELECOM,39.48,2.721,49.78,,9.83,2,1,124,73.82,429.24,NORMAL,0
U06118,TELECOM,52.36,1.16,77.47,55.07,50.25,3,3,19,100.0,996.16,NORMAL,0
U05699,AGUA,42.51,1.561,148.8,163.09,67.44,4,0,109,83.42,1126.41,NORMAL,0
U09377,TRANSITO,31.63,1.161,50.15,92.59,38.77,2,0,48,61.03,1091.98,NORMAL,0
U00409,SAUDE,37.91,2.79,82.9,46.91,34.98,2,0,123,72.96,478.61,NORMAL,0
U09331,SAUDE,43.52,2.682,116.57,11.72,55.18,6,0,67,59.26,807.81,NORMAL,0
U03659,AGUA,,4.533,147.47,22.9,75.53,4,0,143,66.04,1113.43,URGENTE,1
U04706,SAUDE,38.84,1.859,132.94,112.44,63.38,4,0,121,66.41,1197.09,NORMAL,0
U02275,TELECOM,51.58,3.25,139.79,22.58,78.2,2,0,86,36.85,1194.8,NORMAL,0
U00211,SAUDE,36.0,2.702,151.69,31.37,76.83,1,1,96,74.99,1082.72,URGENTE,1
U07258,TRANSITO,45.98,2.609,166.98,89.48,52.46,3,1,99,56.97,731.4,NORMAL,0
U02925,SAUDE,39.86,,165.54,58.95,73.75,3,0,135,30.8,885.39,NORMAL,0
U01644,SAUDE,41.32,2.151,124.52,8.03,65.64,3,1,140,93.46,1409.62,CRITICO,1
U09841,TELECOM,44.4,1.918,82.75,41.7,56.5,2,0,3,72.89,1580.2,NORMAL,0
U02610,ENERGIA,55.95,4.186,142.89,13.25,66.57,2,0,144,46.22,1242.92,NORMAL,0
U01582,AGUA,48.77,4.395,129.07,108.13,87.38,3,0,72,63.64,1323.53,URGENTE,1
U06311,TRANSITO,40.79,1.405,103.48,32.67,37.9,3,2,69,86.79,845.14,NORMAL,0
U00666,SAUDE,44.32,2.335,110.35,113.56,46.73,1,1,60,96.22,269.53,NORMAL,0
U04939,SAUDE,44.69,,99.7,17.65,56.87,3,0,119,70.37,1207.76,NORMAL,0
U04975,TRANSITO,,,144.47,,74.85,4,1,91,56.72,1134.86,NORMAL,0
U01119,ENERGIA,50.53,2.464,104.4,29.91,38.04,3,1,70,78.32,790.7,NORMAL,0
U05543,SAUDE,40.64,2.067,81.92,32.73,66.62,3,0,3,48.93,1248.03,NORMAL,0
U06098,AGUA,47.11,0.845,45.89,14.0,38.16,1,2,6,47.35,638.21,NORMAL,0
U09543,TELECOM,50.56,2.459,107.98,42.65,51.94,2,0,140,41.16,929.49,NORMAL,0
U00693,TRANSITO,39.17,1.653,88.45,41.4,17.62,2,0,61,62.15,32.79,NORMAL,0
U04765,TELECOM,51.22,2.912,105.7,51.27,59.23,4,0,63,76.62,1146.86,NORMAL,0
U08018,AGUA,45.12,2.699,116.35,84.83,61.48,0,2,75,73.19,1237.59,NORMAL,0
U08388,TELECOM,50.04,3.115,123.45,66.82,56.54,2,0,137,75.44,1004.69,NORMAL,0
U09474,TRANSITO,46.66,4.246,91.28,129.92,53.2,0,0,17,86.36,751.29,NORMAL,0
U07507,TELECOM,56.43,2.334,117.01,13.66,61.94,10,0,35,48.16,544.68,NORMAL,0
U09606,AGUA,35.97,1.856,45.36,66.65,18.7,2,1,133,63.63,559.65,NORMAL,0
U09269,AGUA,40.23,2.387,120.51,44.94,59.58,0,0,33,27.52,931.39,NORMAL,0
U03912,AGUA,44.77,3.607,104.24,99.29,67.97,3,0,66,78.98,1284.28,NORMAL,0
U02977,AGUA,36.59,2.991,81.27,9.3,53.64,3,0,33,68.86,1146.35,NORMAL,0
U03442,ENERGIA,53.32,1.903,112.02,12.2,72.81,3,0,18,57.44,1239.06,NORMAL,0
U04332,ENERGIA,45.23,4.289,116.44,51.68,48.59,3,0,91,63.34,633.19,NORMAL,0
U08918,TRANSITO,45.85,,114.21,13.22,75.12,2,1,35,73.94,1321.26,NORMAL,0
U02377,ENERGIA,54.94,2.579,131.6,121.72,46.44,4,1,94,79.04,908.71,NORMAL,0
U03476,SAUDE,30.19,2.46,97.5,,52.31,2,0,19,57.91,736.88,NORMAL,0
U07029,TELECOM,47.92,1.684,46.01,12.81,35.21,0,1,37,85.79,529.13,URGENTE,0
U02770,ENERGIA,47.57,3.144,79.5,42.19,26.64,0,2,39,77.0,945.41,NORMAL,0
U08257,TRANSITO,58.36,1.803,100.97,14.67,66.51,2,0,51,71.59,1371.96,NORMAL,0
U01024,AGUA,44.61,0.62,77.91,60.95,41.27,1,1,42,70.37,937.1,NORMAL,0
U04784,SAUDE,34.63,2.496,115.23,37.14,63.24,3,0,142,83.24,1353.51,NORMAL,0
U04361,TRANSITO,40.7,1.413,136.4,63.43,50.53,4,0,120,83.6,713.58,URGENTE,0
U00649,TRANSITO,52.04,2.655,87.86,30.74,47.1,1,1,66,38.38,941.19,NORMAL,0
U07960,ENERGIA,42.89,1.931,111.99,65.93,40.49,3,0,109,57.74,415.92,NORMAL,0
U07523,TELECOM,59.34,2.561,161.34,83.15,100.0,2,0,52,77.28,1871.38,NORMAL,0
U00985,SAUDE,50.3,1.069,134.95,47.9,50.61,2,2,109,65.47,848.27,NORMAL,0
U05070,TELECOM,44.97,2.294,97.61,,50.95,4,0,92,54.04,1049.05,NORMAL,0
U09518,TELECOM,43.17,2.301,17.34,40.98,5.65,1,0,32,63.68,728.7,NORMAL,0
U05255,ENERGIA,45.26,5.634,109.05,23.38,67.7,2,0,29,68.67,1032.21,URGENTE,1
U06436,SAUDE,38.78,2.73,87.67,32.38,44.88,2,1,94,67.51,574.6,NORMAL,0
U05025,SAUDE,44.66,2.399,119.91,66.12,76.75,4,0,45,61.4,1260.02,NORMAL,0
U00971,ENERGIA,49.29,2.39,84.44,99.62,46.25,2,0,15,60.45,1074.89,NORMAL,0
U08149,TELECOM,47.67,3.626,119.27,9.48,78.15,2,0,30,52.07,1365.27,NORMAL,0
U00699,TRANSITO,48.06,4.396,192.96,101.31,91.88,5,1,125,71.77,1611.09,NORMAL,0
U09900,TRANSITO,37.65,2.445,100.28,37.18,52.25,2,0,65,62.41,718.51,NORMAL,0
U01754,TELECOM,44.19,2.484,119.56,30.95,57.83,2,0,127,82.04,634.87,NORMAL,0
U09512,ENERGIA,54.63,2.89,144.4,50.1,76.07,6,0,43,45.54,1206.68,NORMAL,0
U00028,AGUA,32.8,2.856,126.42,75.72,57.59,5,0,113,80.58,963.82,NORMAL,0
U05911,ENERGIA,53.6,3.276,161.71,196.03,75.77,0,0,116,42.72,1381.19,NORMAL,0
U09953,TRANSITO,36.42,1.179,105.9,2.95,42.01,2,1,88,75.47,805.34,NORMAL,0
U03989,AGUA,48.77,3.752,153.85,59.66,100.0,3,0,17,59.9,1444.11,NORMAL,0
U06733,TELECOM,174.89,,109.05,69.62,67.91,2,0,2,39.47,1135.02,NORMAL,0
U03316,TRANSITO,47.86,3.452,138.87,18.44,77.89,2,1,74,74.75,1282.71,NORMAL,0
U08060,TRANSITO,,3.601,129.23,14.72,81.63,5,1,53,53.84,1371.74,URGENTE,1
U03640,TRANSITO,41.59,,121.75,52.83,64.49,0,0,46,54.91,907.72,NORMAL,0
U07808,AGUA,32.91,2.683,113.98,27.28,50.04,4,1,138,62.56,1114.03,NORMAL,0
U03217,SAUDE,32.18,2.899,71.76,54.87,46.82,1,1,5,91.11,1294.23,NORMAL,0
U06706,SAUDE,45.17,3.452,132.5,64.73,64.06,2,1,106,63.51,953.79,URGENTE,0
U03896,TELECOM,53.24,3.448,92.74,12.73,63.91,4,0,113,71.7,1186.85,NORMAL,0
U07157,TELECOM,46.67,2.789,98.63,35.06,56.24,3,1,32,54.95,924.11,NORMAL,0
U03794,SAUDE,43.39,2.662,134.84,39.82,86.56,8,1,30,43.44,1117.62,NORMAL,0
U05032,TRANSITO,50.62,3.312,137.7,30.25,84.4,2,0,74,67.16,1310.65,NORMAL,0
U08112,ENERGIA,46.83,3.331,62.06,9.7,27.28,0,2,117,15.0,736.3,NORMAL,0
U01328,TELECOM,43.92,1.962,133.89,65.21,60.74,2,1,74,84.69,1827.4,NORMAL,0
U08663,ENERGIA,53.81,3.177,130.18,11.18,60.61,4,1,76,51.19,1023.2,NORMAL,0
U02393,TELECOM,,1.941,93.24,61.56,63.72,4,2,34,62.38,918.45,NORMAL,0
U06487,TRANSITO,53.93,2.577,101.3,11.31,49.79,3,0,98,52.64,1161.43,NORMAL,0
U07164,SAUDE,,1.85,109.9,55.82,64.89,5,1,136,83.72,1045.34,NORMAL,0
U09014,TRANSITO,37.67,2.371,103.7,30.1,54.94,3,0,23,95.98,674.04,CRITICO,1
U05034,ENERGIA,49.73,2.752,143.64,124.46,72.72,5,0,84,41.85,1325.81,NORMAL,0
U03711,TELECOM,50.8,1.966,140.2,34.99,69.31,2,0,102,76.93,1200.2,NORMAL,0
U05709,TRANSITO,45.26,2.958,115.7,45.25,68.1,4,1,99,66.89,960.03,NORMAL,0
U01464,ENERGIA,46.37,,93.37,51.03,55.9,0,0,64,33.4,841.28,NORMAL,0
U00657,TELECOM,50.25,3.047,103.06,38.74,70.55,3,1,135,71.32,1224.87,NORMAL,0
U02208,ENERGIA,48.62,1.898,120.76,56.01,61.79,1,0,76,39.1,1027.82,NORMAL,0
U03520,ENERGIA,45.89,,117.12,11.3,55.84,5,0,135,70.54,1070.8,NORMAL,0
U07050,SAUDE,28.94,2.518,60.82,,20.41,0,0,69,50.17,371.34,NORMAL,0
U03159,ENERGIA,46.11,2.691,117.44,8.86,55.08,0,0,104,64.76,1194.32,NORMAL,0
U00482,ENERGIA,46.21,3.297,89.48,100.1,49.48,5,1,29,52.43,831.81,NORMAL,0
U05718,TRANSITO,45.93,2.764,109.15,43.26,75.91,4,1,31,57.91,1547.25,NORMAL,0
U05482,SAUDE,32.5,1.751,81.28,20.84,46.93,3,0,85,69.92,869.0,NORMAL,0
U04989,ENERGIA,49.56,3.945,144.69,49.08,66.28,0,0,105,53.33,1074.64,NORMAL,0
U07608,SAUDE,39.44,3.755,137.02,,58.45,0,1,98,38.2,1083.51,NORMAL,0
U00486,TELECOM,42.01,7.093,87.76,102.5,52.22,3,0,17,72.18,863.46,URGENTE,1
U04131,TELECOM,45.6,3.211,75.61,12.17,52.79,2,0,28,61.57,1086.36,CRITICO,1
U03553,TRANSITO,39.43,2.735,85.83,73.86,52.25,1,3,86,70.8,1502.44,URGENTE,0
U06987,SAUDE,40.41,1.055,89.69,26.16,61.82,2,0,26,75.15,1273.45,NORMAL,0
U04672,ENERGIA,54.39,2.166,135.15,98.9,70.37,1,0,76,52.59,1021.63,NORMAL,0
U04990,ENERGIA,38.93,2.888,80.87,26.28,36.68,3,0,99,53.03,998.28,NORMAL,0
U01483,TRANSITO,41.15,2.656,80.58,38.98,45.43,1,1,19,64.53,1082.69,NORMAL,0
U00911,SAUDE,33.15,1.656,105.95,254.11,31.7,2,2,40,70.62,582.85,URGENTE,0
U04786,SAUDE,,3.271,146.13,8.88,78.38,5,0,133,61.36,1378.43,NORMAL,0
U07711,ENERGIA,59.75,3.325,111.79,93.54,62.59,4,1,13,77.41,1217.21,NORMAL,0
U03300,ENERGIA,42.63,2.883,127.54,25.33,48.01,4,0,139,53.25,1057.73,NORMAL,0
U02293,AGUA,36.76,3.193,147.79,20.99,52.21,0,0,113,72.45,846.43,NORMAL,0
U09319,TRANSITO,37.61,2.146,128.65,34.56,69.8,3,0,101,72.63,1577.61,URGENTE,0
U08134,ENERGIA,48.88,1.838,37.2,6.38,30.72,3,0,28,82.84,518.59,NORMAL,0
U00631,ENERGIA,,3.4,147.16,60.98,71.76,5,0,107,72.98,1246.27,NORMAL,0
U08365,AGUA,35.19,3.648,128.8,11.56,69.95,2,1,37,68.22,809.92,NORMAL,0
U09586,AGUA,45.33,10.583,147.36,19.34,83.95,5,0,61,100.0,1330.55,CRITICO,1
U05530,ENERGIA,50.25,4.352,163.97,54.67,89.12,3,0,131,76.73,1295.31,URGENTE,1
U01658,TELECOM,44.08,1.749,112.3,61.33,56.07,3,0,138,75.29,784.12,NORMAL,0
U02889,SAUDE,46.96,3.695,111.75,18.1,57.31,3,0,72,68.17,1132.65,NORMAL,0
U05885,AGUA,94.37,3.175,76.18,,31.71,2,1,67,73.09,1100.18,NORMAL,0
U03670,ENERGIA,53.88,4.515,162.15,19.7,91.89,5,1,135,67.8,1373.46,CRITICO,1
U05965,AGUA,,2.213,108.86,138.54,65.27,5,0,86,85.31,1452.02,NORMAL,0
U02382,TRANSITO,45.07,1.483,108.94,81.35,43.81,3,0,83,86.3,798.57,NORMAL,0
U06766,TRANSITO,53.31,3.574,128.74,46.88,63.06,3,0,116,74.94,1395.23,NORMAL,0
U00553,ENERGIA,43.21,2.83,103.07,27.55,34.16,3,1,46,47.94,715.77,NORMAL,0
U00251,TELECOM,45.48,0.914,79.76,63.61,43.15,2,1,84,68.2,1112.42,NORMAL,0
U06966,AGUA,41.61,2.089,141.52,56.06,73.06,3,1,132,15.0,1405.89,NORMAL,0
U02114,SAUDE,36.51,,124.83,82.98,65.5,3,0,81,71.21,873.11,NORMAL,0
U06264,ENERGIA,53.08,4.129,146.25,15.7,94.57,5,1,10,49.91,1336.57,NORMAL,0
U05463,SAUDE,44.13,1.108,79.07,41.54,66.29,4,0,36,70.81,1363.75,NORMAL,0
U06245,SAUDE,43.16,2.279,112.11,20.03,48.51,3,0,110,99.88,755.2,URGENTE,0
U09647,TRANSITO,37.2,1.875,51.69,98.64,20.1,3,2,41,54.39,913.81,NORMAL,0
U03194,TRANSITO,43.72,1.273,112.32,66.38,38.49,2,0,141,56.22,533.18,NORMAL,0
U08878,TRANSITO,46.27,1.247,114.62,46.03,68.92,5,2,23,88.04,1219.41,NORMAL,0
U03860,TELECOM,41.52,2.905,118.02,31.46,63.92,3,0,43,54.97,696.22,NORMAL,0
U00600,SAUDE,41.92,2.882,109.25,32.64,61.69,0,1,57,33.18,1079.34,NORMAL,0
U02451,TRANSITO,51.15,2.961,88.44,51.95,39.71,1,1,123,82.81,611.23,NORMAL,0
U04254,SAUDE,38.7,2.181,97.96,77.83,63.24,2,0,28,47.09,1070.65,NORMAL,0
U04366,SAUDE,49.32,2.586,121.0,30.67,67.99,0,1,51,79.54,1013.56,NORMAL,0
U09563,ENERGIA,57.33,2.768,139.07,20.09,57.55,3,0,133,54.57,1014.35,NORMAL,0
U06768,AGUA,41.36,2.539,110.17,52.04,65.65,2,0,65,52.95,1257.24,NORMAL,0
U07521,SAUDE,48.12,2.521,148.78,110.84,73.44,1,0,11,37.44,1170.15,NORMAL,0
U00157,TRANSITO,42.66,3.245,113.98,23.66,60.65,6,0,115,61.26,1021.05,NORMAL,0
U02192,TELECOM,,3.39,76.44,128.16,39.2,3,0,82,50.5,575.28,URGENTE,0
U04435,SAUDE,41.57,3.228,160.21,17.22,65.93,1,0,63,60.14,1096.08,URGENTE,0
U05473,ENERGIA,47.75,4.02,122.87,21.93,47.87,1,0,23,45.61,980.76,NORMAL,0
U08816,ENERGIA,51.91,2.918,120.71,38.6,60.64,1,1,40,30.01,1105.33,NORMAL,0
U09137,AGUA,32.95,2.911,122.05,42.86,36.72,2,0,127,62.65,856.81,NORMAL,0
U07757,TELECOM,43.49,,114.75,66.48,75.72,1,0,132,100.0,1612.18,NORMAL,0
U02492,SAUDE,45.69,2.163,139.42,26.76,43.88,2,0,135,56.58,873.58,NORMAL,0
U05977,ENERGIA,57.77,3.312,155.64,90.07,80.71,3,1,129,83.57,1231.33,NORMAL,0
U07089,AGUA,,3.408,148.3,68.27,71.19,2,0,9,38.86,931.16,NORMAL,0
U01627,SAUDE,36.33,3.276,138.93,13.88,60.17,2,0,85,45.3,1033.5,NORMAL,0
U00005,ENERGIA,50.19,2.882,138.71,,44.73,4,1,125,81.49,1161.86,NORMAL,0
U01226,AGUA,49.7,2.061,119.23,27.58,77.95,4,2,22,66.05,1018.73,NORMAL,0
U01957,ENERGIA,48.12,2.778,122.8,20.7,53.24,0,0,28,64.68,1314.39,NORMAL,0
U07751,ENERGIA,45.89,3.612,81.35,113.0,36.69,4,1,70,77.33,523.09,CRITICO,1
U09583,AGUA,48.22,3.755,162.52,38.54,73.03,3,0,122,94.32,1446.88,URGENTE,0
U08438,ENERGIA,46.17,2.835,116.07,142.06,67.28,1,0,33,86.32,1181.16,NORMAL,0
U08873,SAUDE,42.8,1.43,97.07,57.51,34.73,1,1,124,62.47,1290.67,URGENTE,0
U03728,TRANSITO,189.7,3.111,150.53,52.29,76.44,2,0,116,86.99,1388.25,NORMAL,0
U08598,SAUDE,39.82,3.239,151.63,31.18,71.27,3,0,112,37.38,864.2,URGENTE,1
U07308,TRANSITO,52.19,1.731,32.22,11.53,43.13,1,0,29,57.87,1176.61,NORMAL,0
U02746,SAUDE,37.41,3.126,130.14,9.09,58.8,5,0,106,52.92,832.17,NORMAL,0
U03397,TELECOM,53.05,2.919,112.87,41.03,62.79,2,1,30,61.4,1035.59,NORMAL,0
U05970,AGUA,,3.071,95.14,74.12,56.37,3,1,63,75.03,974.87,NORMAL,0
U08808,TRANSITO,40.9,2.618,154.1,11.73,69.14,4,0,110,61.19,886.59,NORMAL,0
U07841,ENERGIA,81.13,3.387,85.97,22.74,22.71,0,0,67,79.02,959.86,NORMAL,0
U01480,SAUDE,26.83,2.446,67.96,49.9,9.93,2,0,95,57.58,745.11,NORMAL,0
U09208,ENERGIA,50.53,3.217,141.98,17.05,51.4,3,1,131,87.05,931.25,NORMAL,0
U02161,ENERGIA,51.42,2.681,120.88,24.56,61.52,3,1,52,56.49,1007.36,NORMAL,0
U05622,TRANSITO,,2.394,148.75,59.67,73.54,3,1,31,68.8,1427.02,NORMAL,0
U08381,SAUDE,33.24,2.66,127.52,13.63,84.84,3,1,60,61.51,1440.86,NORMAL,0
U08541,TRANSITO,135.39,1.857,118.83,29.44,57.43,3,0,19,46.71,1086.91,NORMAL,0
U07024,AGUA,41.5,,131.78,65.65,68.05,6,0,84,50.15,1045.72,NORMAL,0
U04637,TRANSITO,42.67,1.674,99.47,36.67,51.8,4,1,68,92.85,835.47,NORMAL,0
U06202,ENERGIA,38.25,3.704,108.2,56.4,56.43,4,1,65,85.87,868.75,NORMAL,0
U09693,TRANSITO,49.14,4.628,154.34,10.65,70.13,3,0,80,61.68,937.93,NORMAL,0
U03947,AGUA,50.92,4.247,123.1,127.79,76.12,1,0,114,62.93,1198.32,CRITICO,1
U02036,ENERGIA,48.06,3.637,122.68,31.14,64.71,0,1,137,46.52,1180.02,NORMAL,0
U04173,TRANSITO,43.5,,141.63,20.85,67.56,5,0,128,59.57,1235.62,NORMAL,0
U02994,TELECOM,,2.635,93.44,21.3,56.71,3,1,33,64.74,862.75,NORMAL,0
U03958,TRANSITO,47.24,1.577,124.22,13.92,42.82,2,0,64,64.01,1001.84,NORMAL,0
U02906,SAUDE,50.55,2.924,176.4,5.8,87.07,2,0,63,52.74,1734.72,NORMAL,0
U00051,AGUA,39.11,2.725,140.03,15.14,100.0,3,0,63,71.72,1540.09,NORMAL,0
U01865,TELECOM,45.52,2.397,143.84,,94.06,2,2,24,62.05,1484.21,NORMAL,0
U02456,TRANSITO,,1.375,120.33,55.87,89.4,5,1,26,65.48,1343.14,NORMAL,0
U05043,TRANSITO,48.56,2.928,145.9,59.28,78.28,1,0,54,52.72,1458.37,NORMAL,0
U01730,AGUA,48.55,2.769,66.5,53.31,48.3,3,1,7,73.02,708.59,URGENTE,0
U09951,TELECOM,46.57,3.129,107.92,54.82,47.66,2,0,82,23.78,738.09,NORMAL,0
U04160,TRANSITO,51.91,2.385,90.23,11.81,77.45,0,0,6,61.07,1095.97,NORMAL,0
U07493,ENERGIA,46.51,10.619,159.36,48.29,84.38,5,0,130,64.12,1407.08,CRITICO,1
U07086,ENERGIA,59.94,2.563,201.5,13.26,96.93,2,3,144,47.22,1812.33,URGENTE,0
U01277,SAUDE,47.44,2.183,92.33,39.66,60.06,3,0,45,45.19,1341.3,NORMAL,0
U02666,ENERGIA,56.21,3.722,176.89,21.39,86.11,1,1,132,66.61,1175.79,CRITICO,1
U09141,AGUA,46.97,3.458,61.12,66.83,55.65,3,0,34,63.68,1061.53,NORMAL,0
U00228,TELECOM,47.51,2.425,154.08,63.43,64.17,4,1,77,87.74,1108.69,NORMAL,0
U00689,AGUA,31.36,3.525,155.36,179.56,76.36,1,0,87,68.03,1071.98,NORMAL,0
U08294,SAUDE,43.51,1.769,104.55,41.14,45.31,1,2,85,57.2,1149.24,NORMAL,0
U01258,ENERGIA,47.22,4.272,123.76,147.5,83.13,2,2,94,64.7,1452.89,NORMAL,0
U01668,SAUDE,41.79,4.146,102.73,29.45,73.18,5,0,3,51.19,890.01,NORMAL,0
U00368,SAUDE,41.82,3.126,118.33,43.42,64.67,4,1,63,62.64,1162.76,NORMAL,0
U09896,SAUDE,46.81,3.229,101.61,67.48,60.4,0,1,98,38.97,1465.99,NORMAL,0
U05767,TELECOM,49.22,4.301,164.21,10.48,86.13,7,1,103,50.42,1331.21,NORMAL,0
U07257,ENERGIA,50.49,9.643,136.87,17.59,63.08,2,0,86,59.68,886.5,URGENTE,1
U02538,TRANSITO,48.72,2.086,121.12,51.56,68.39,6,0,54,88.81,1288.17,NORMAL,0
U01573,SAUDE,34.95,2.243,94.29,14.32,52.59,2,0,7,15.0,551.01,NORMAL,0
U04827,TELECOM,,1.639,156.48,23.43,73.44,4,1,137,69.24,1032.08,NORMAL,0
U01900,TELECOM,,3.163,116.15,59.31,65.19,4,0,88,35.38,1225.59,NORMAL,0
U08780,TELECOM,56.78,3.092,143.8,61.73,80.65,3,0,18,86.44,1408.77,NORMAL,0
U01518,ENERGIA,42.92,3.926,101.63,13.28,42.07,1,1,38,56.02,576.33,NORMAL,0
U09990,SAUDE,49.09,1.292,151.92,,81.83,2,0,12,82.14,1169.54,NORMAL,0
U00177,TRANSITO,41.48,3.491,133.84,43.1,92.15,4,2,25,75.56,1379.0,NORMAL,0
U04235,ENERGIA,50.07,3.422,166.15,17.74,88.09,3,0,63,53.75,1035.8,NORMAL,0
U05125,AGUA,45.83,3.181,123.99,159.44,75.61,3,0,33,52.73,1530.27,CRITICO,1
U09112,AGUA,35.71,3.241,155.45,142.08,85.32,6,1,80,81.37,1200.32,CRITICO,1
U05751,ENERGIA,41.47,2.615,100.07,103.35,51.96,3,0,18,71.56,1027.99,NORMAL,0
U04809,ENERGIA,48.98,3.133,122.13,28.87,49.74,1,1,53,63.17,994.75,NORMAL,0
U05471,AGUA,32.59,2.119,86.86,56.56,35.42,1,2,71,26.88,837.21,NORMAL,0
U00717,TRANSITO,47.04,3.076,91.95,50.11,43.63,6,1,13,67.57,667.58,NORMAL,0
U07792,ENERGIA,48.08,1.823,116.42,,64.85,4,1,48,50.11,1035.39,NORMAL,0
U07105,SAUDE,37.16,1.06,33.75,46.96,35.66,3,0,4,40.06,663.44,NORMAL,0
U08051,SAUDE,45.33,1.544,119.05,85.81,69.96,5,1,38,33.24,957.55,NORMAL,0
U09566,AGUA,48.24,2.024,132.66,263.48,51.43,2,0,127,36.53,708.39,NORMAL,0
U02142,SAUDE,41.23,1.999,108.75,53.26,49.16,1,1,98,68.49,863.96,NORMAL,0
U05286,TRANSITO,47.07,1.876,122.38,8.34,46.08,2,1,88,68.44,1129.78,NORMAL,0
U09941,SAUDE,46.36,3.202,156.79,57.87,88.57,4,0,2,90.24,1543.44,URGENTE,1
U00362,SAUDE,40.01,1.282,113.48,78.48,60.93,5,2,31,80.74,1070.98,NORMAL,0
U00174,TELECOM,60.5,,116.89,40.37,83.28,2,0,74,64.66,1190.74,NORMAL,0
U08282,ENERGIA,37.92,2.877,140.46,30.03,67.71,4,0,43,63.82,1294.51,NORMAL,0
U05943,TRANSITO,53.05,6.112,164.9,54.48,100.0,8,1,38,68.91,1307.98,CRITICO,1
U02825,ENERGIA,48.03,4.265,170.61,68.72,74.91,6,1,130,64.62,1493.6,CRITICO,0
U03310,TELECOM,35.59,1.072,115.4,63.16,74.13,3,0,75,73.35,1118.01,NORMAL,0
U08944,SAUDE,34.64,3.539,89.49,32.65,47.36,3,0,70,72.92,1192.79,NORMAL,0
U09094,TRANSITO,42.78,1.215,125.38,84.65,63.51,6,0,137,62.13,729.25,NORMAL,0
U09407,TELECOM,124.05,3.151,137.05,,78.95,2,0,115,66.26,1378.78,NORMAL,0
U01330,ENERGIA,53.73,2.607,153.16,45.82,56.28,1,0,137,76.17,1294.94,NORMAL,0
U00526,AGUA,46.21,2.949,114.99,81.72,77.67,3,1,40,46.2,693.14,NORMAL,0
U06390,TELECOM,47.65,1.87,109.82,24.63,54.92,4,0,38,51.58,1112.48,NORMAL,0
U01329,AGUA,37.09,2.627,140.67,75.69,69.88,2,0,140,82.46,1099.78,NORMAL,0
U05245,SAUDE,33.52,1.756,115.18,116.7,52.48,2,0,109,75.13,997.36,NORMAL,0
U02960,TELECOM,54.65,2.751,110.77,28.04,58.53,2,0,47,64.26,1176.81,NORMAL,0
U05160,TELECOM,54.01,2.292,139.46,15.13,59.96,1,1,43,50.14,1213.05,NORMAL,0
U01099,TRANSITO,40.1,1.752,49.54,55.93,34.22,1,0,19,64.54,615.04,URGENTE,0
U04117,ENERGIA,,3.52,121.1,101.27,52.22,3,1,111,72.87,828.79,NORMAL,0
U01864,SAUDE,36.04,2.663,120.43,47.66,60.07,3,0,36,41.29,1108.58,NORMAL,0
U07616,AGUA,33.9,2.624,84.57,64.6,43.43,1,0,78,56.38,351.64,NORMAL,0
U06580,ENERGIA,49.51,2.56,108.8,7.65,68.59,4,0,78,83.27,1278.81,NORMAL,0
U02346,ENERGIA,46.44,2.99,137.86,97.43,59.85,3,0,144,76.53,707.91,URGENTE,0
U00416,SAUDE,37.33,1.308,92.53,83.54,39.46,4,0,79,64.04,862.69,NORMAL,0
U04847,TELECOM,39.5,2.005,115.48,85.24,59.3,4,1,22,75.39,1198.73,URGENTE,0
U05169,TELECOM,42.78,2.421,104.78,159.88,59.31,4,2,30,77.42,1353.79,NORMAL,0
U01449,TELECOM,50.75,3.89,107.96,41.67,70.13,5,1,56,84.58,1222.49,NORMAL,0
U09272,TELECOM,47.03,3.62,154.51,42.0,68.34,2,0,133,91.25,1054.33,NORMAL,0
U00244,ENERGIA,46.82,3.594,86.99,134.73,54.73,5,1,11,87.28,1395.08,NORMAL,0
U05331,TRANSITO,41.15,2.789,146.79,19.73,100.0,1,1,48,51.99,1489.93,NORMAL,0
U02122,ENERGIA,50.94,,84.53,38.84,58.21,3,0,11,68.92,1113.33,NORMAL,0
U03196,ENERGIA,41.53,4.067,80.15,17.26,46.95,4,0,26,45.65,941.27,NORMAL,0
U00515,AGUA,43.68,2.05,126.58,41.22,72.47,3,1,44,77.13,1572.55,NORMAL,0
U06542,ENERGIA,51.1,4.052,97.94,74.98,55.45,1,2,19,44.76,701.72,NORMAL,0
U04789,SAUDE,37.24,1.363,143.38,46.42,67.18,7,1,73,77.65,678.56,NORMAL,0
U05501,AGUA,39.52,4.248,103.5,21.5,62.08,1,0,26,79.56,900.19,NORMAL,0
U02289,TRANSITO,109.22,1.027,140.22,62.49,56.0,5,0,132,62.47,956.47,NORMAL,0
U08367,TRANSITO,33.42,1.199,66.41,14.55,59.79,3,1,62,78.52,1812.98,NORMAL,0
U00106,SAUDE,38.25,1.972,128.12,47.69,52.45,4,0,139,35.99,938.33,NORMAL,0
U09463,ENERGIA,51.06,4.526,148.56,51.39,70.96,4,0,134,65.09,1388.16,NORMAL,0
U00902,TELECOM,54.04,,116.94,42.5,80.32,1,0,128,82.42,1052.57,NORMAL,0
U04444,AGUA,42.14,2.592,126.75,125.43,67.78,3,1,106,51.71,1257.36,NORMAL,0
U06013,ENERGIA,51.33,2.499,124.5,53.71,61.3,0,2,6,95.04,649.9,NORMAL,0
U03365,ENERGIA,42.65,2.757,152.57,30.05,49.83,3,0,45,60.29,1066.65,NORMAL,0
U08602,SAUDE,42.68,2.261,105.25,20.21,63.96,2,4,50,61.17,1127.24,NORMAL,0
U06893,TELECOM,129.86,2.446,86.09,19.74,50.65,0,0,79,82.31,463.08,URGENTE,0
U06345,SAUDE,46.61,2.851,155.57,70.92,68.12,3,1,129,56.59,1296.24,NORMAL,0
U01536,ENERGIA,49.65,3.971,187.27,43.4,76.73,2,3,69,62.74,1329.54,NORMAL,0
U00568,AGUA,135.29,3.418,98.13,8.57,38.95,2,1,33,45.21,620.09,NORMAL,0
U04207,TRANSITO,48.88,1.544,114.76,73.52,75.15,6,1,90,66.94,1637.95,NORMAL,0
U07880,AGUA,31.56,3.094,139.64,25.38,70.58,3,0,82,61.94,884.86,NORMAL,0
U03966,AGUA,37.94,10.651,114.17,58.49,62.1,1,1,51,48.69,855.57,CRITICO,1
U02479,TRANSITO,45.33,4.13,114.19,2.58,54.35,1,0,116,65.47,765.76,NORMAL,0
U05228,TELECOM,56.01,3.464,148.13,30.04,71.13,1,0,106,44.68,1079.36,NORMAL,0
U06780,ENERGIA,49.4,3.561,175.24,8.86,81.32,1,1,118,54.71,1377.21,NORMAL,0
U00968,SAUDE,63.23,,129.96,66.59,88.61,3,0,37,83.38,978.32,NORMAL,0
U06016,TRANSITO,36.79,1.495,110.45,53.7,50.36,4,1,31,38.07,1087.3,NORMAL,0
U02290,TELECOM,41.41,1.57,85.22,92.85,39.55,3,1,112,69.04,846.92,URGENTE,0
U07591,TRANSITO,,2.109,138.58,,57.82,2,1,123,87.48,884.43,NORMAL,0
U06205,SAUDE,45.55,2.965,127.23,6.64,63.29,4,0,143,47.91,499.68,NORMAL,0
U03221,AGUA,48.42,2.903,140.14,42.09,70.07,1,1,104,40.56,1445.25,URGENTE,0
U06512,SAUDE,39.21,1.969,141.74,70.27,66.92,2,2,127,64.82,1778.99,CRITICO,1
U01570,SAUDE,50.33,1.724,48.0,9.56,47.07,1,1,5,71.34,1510.54,NORMAL,0
U02419,AGUA,,3.344,75.44,34.22,32.8,1,1,82,70.82,478.37,NORMAL,0
U04629,ENERGIA,52.87,4.235,115.72,35.15,80.61,1,0,40,95.04,1209.44,NORMAL,0
U03153,TRANSITO,43.48,2.453,99.67,62.67,65.23,2,0,6,67.03,1073.45,NORMAL,0
U03760,SAUDE,48.01,2.43,126.72,27.54,65.87,2,1,137,43.12,965.52,NORMAL,0
U01323,SAUDE,120.15,1.292,99.25,63.53,38.84,1,0,85,65.16,827.7,NORMAL,0
U06532,TRANSITO,41.22,3.073,104.15,55.79,47.71,2,1,9,58.4,449.5,NORMAL,0
U02887,TRANSITO,50.01,2.935,137.4,71.39,72.24,6,0,135,87.09,1068.33,NORMAL,0
U03888,TRANSITO,43.91,3.579,84.83,18.97,58.34,4,0,26,65.69,908.79,CRITICO,1
U07593,ENERGIA,39.79,3.493,99.48,29.62,77.47,2,0,28,49.67,1758.34,NORMAL,0
U07704,SAUDE,93.4,2.199,140.6,97.64,44.63,1,0,115,49.27,997.54,NORMAL,0
U09644,TELECOM,41.88,1.468,134.1,,56.31,4,0,119,56.2,840.3,NORMAL,0
U02169,SAUDE,43.8,2.624,136.0,129.75,71.74,5,1,106,29.94,1159.88,URGENTE,0
U08068,ENERGIA,,2.55,84.07,46.56,42.08,3,0,15,70.81,771.22,NORMAL,0
U04454,ENERGIA,50.44,2.971,152.6,33.31,75.07,5,1,142,59.56,1019.85,NORMAL,0
U01216,ENERGIA,54.46,4.405,195.61,22.81,100.0,3,0,133,80.0,1311.34,URGENTE,0
U07931,SAUDE,45.21,2.909,140.65,83.41,52.26,5,0,71,57.54,719.56,NORMAL,0
U02749,AGUA,45.37,3.775,137.09,54.84,79.43,0,0,113,33.33,1292.5,NORMAL,0
U03830,AGUA,41.42,2.765,104.32,22.76,43.92,0,0,65,49.73,890.36,NORMAL,0
U03060,TELECOM,51.89,2.538,110.73,70.02,59.55,3,1,38,59.41,831.96,NORMAL,0
U09764,AGUA,40.89,2.457,124.7,22.24,58.54,1,2,86,48.84,955.24,NORMAL,0
U02004,TELECOM,54.56,2.757,128.85,36.75,63.8,3,0,113,71.48,950.66,NORMAL,0
U08629,TRANSITO,55.54,4.339,172.52,46.85,90.88,6,0,129,46.83,1113.6,URGENTE,1
U09533,ENERGIA,53.66,3.815,138.63,4.13,93.25,4,0,7,93.57,1484.66,NORMAL,0
U06095,TRANSITO,39.34,1.85,96.49,49.15,43.93,1,1,57,77.85,1122.76,NORMAL,0
U08353,TRANSITO,47.32,0.839,81.83,58.41,62.81,2,0,5,45.11,356.24,NORMAL,0
U06020,TRANSITO,122.93,7.155,119.09,,66.47,4,0,22,84.89,1463.55,CRITICO,1
U03193,SAUDE,47.88,2.939,157.13,17.82,100.0,5,0,46,50.97,1391.56,NORMAL,0
U07229,TRANSITO,48.56,2.648,170.46,5.34,98.67,4,0,118,61.37,1341.52,URGENTE,0
U07872,AGUA,46.31,2.699,141.16,13.82,94.42,2,2,83,38.64,1324.78,CRITICO,1
U05188,ENERGIA,51.14,2.203,102.01,,32.23,4,0,129,60.85,979.7,NORMAL,0
U02795,SAUDE,43.32,1.693,66.78,68.76,39.23,1,1,17,68.16,1267.38,NORMAL,0
U08622,SAUDE,38.0,2.241,157.21,121.45,75.2,1,1,35,36.71,1415.36,NORMAL,0
U07377,TELECOM,46.03,3.599,145.83,55.57,62.04,4,2,93,58.48,699.77,NORMAL,0
U01857,ENERGIA,160.93,,85.92,44.72,57.77,3,1,64,53.69,940.35,NORMAL,0
U02449,ENERGIA,53.34,3.654,166.8,18.4,80.29,1,0,66,72.86,1336.03,NORMAL,0
U06795,ENERGIA,46.65,4.851,106.46,12.39,68.22,1,0,22,72.55,1341.13,NORMAL,0
U06471,TELECOM,45.97,2.311,151.19,,84.13,5,1,55,44.57,1582.48,NORMAL,0
U04879,TELECOM,50.14,2.363,142.51,39.47,55.05,4,0,125,84.54,1457.53,NORMAL,0
U01568,SAUDE,42.66,2.691,100.07,85.24,48.47,4,0,2,61.8,1028.86,NORMAL,0
U03391,SAUDE,43.02,2.985,146.68,10.13,80.2,7,0,29,61.54,1140.54,CRITICO,1
U01125,SAUDE,45.71,4.181,154.62,35.74,87.29,5,0,65,63.14,1158.5,CRITICO,1
U09561,AGUA,166.18,3.995,97.8,88.11,49.43,3,0,121,57.16,1115.04,NORMAL,0
U05084,AGUA,40.46,2.466,56.71,75.78,39.8,0,0,4,84.21,1059.41,NORMAL,0
U07213,TELECOM,51.12,0.966,119.73,57.24,63.84,2,0,80,57.42,681.05,NORMAL,1
U03341,SAUDE,48.21,3.744,194.38,118.45,99.2,3,0,122,67.68,1294.73,NORMAL,0
U05419,AGUA,31.41,2.607,60.09,111.44,25.69,4,1,99,60.41,898.15,NORMAL,0
U08322,TRANSITO,44.9,2.275,92.22,47.4,43.75,0,1,61,74.78,849.59,CRITICO,1
U04153,SAUDE,38.07,2.88,140.33,59.35,58.65,1,0,103,42.68,1072.61,NORMAL,0
U07805,AGUA,44.57,2.959,127.48,50.57,70.39,1,0,49,55.94,963.57,NORMAL,0
U05068,TELECOM,40.59,1.698,126.26,135.95,69.69,5,0,3,64.9,1274.49,NORMAL,0
U03402,SAUDE,142.82,3.189,134.65,20.31,68.89,2,1,116,39.25,1495.97,NORMAL,0
U05270,TELECOM,55.71,1.986,139.81,63.93,69.3,3,1,11,47.21,801.5,NORMAL,0
U04922,TELECOM,45.79,2.401,139.63,31.46,54.43,3,1,113,36.05,1509.18,NORMAL,0
U04099,TRANSITO,42.68,1.625,108.97,40.29,53.6,4,1,51,82.79,884.71,NORMAL,0
U02753,TRANSITO,53.01,2.457,124.83,47.42,56.54,3,1,11,65.93,701.99,NORMAL,0
U01769,SAUDE,46.24,1.607,124.65,42.92,51.89,7,0,99,60.32,1108.95,CRITICO,1
U04581,AGUA,46.44,2.376,118.86,62.38,66.86,2,0,103,47.58,868.08,NORMAL,0
U09773,ENERGIA,54.72,1.526,95.09,41.8,33.72,0,1,17,50.63,732.13,URGENTE,0
U07244,TRANSITO,,2.895,92.02,62.57,59.4,2,0,84,40.89,1286.2,NORMAL,0
U06445,ENERGIA,48.76,3.286,141.86,92.37,75.91,2,0,117,71.43,1169.48,URGENTE,0
U03266,SAUDE,44.53,1.417,103.53,34.0,44.82,2,0,84,46.14,1039.46,NORMAL,0
U00529,ENERGIA,55.11,4.276,135.64,18.92,73.56,6,0,115,41.22,681.64,NORMAL,0
U03009,SAUDE,37.05,3.148,56.35,59.66,36.93,2,0,58,45.27,698.61,NORMAL,0
U04835,TRANSITO,53.37,2.588,163.33,131.31,76.37,3,0,128,69.97,1298.7,NORMAL,0
U00441,TRANSITO,44.56,2.44,138.51,46.05,69.27,8,0,102,77.98,1085.73,NORMAL,0
U01934,AGUA,39.37,3.544,94.39,30.49,49.75,2,1,100,58.47,353.35,NORMAL,0
U00859,ENERGIA,55.82,3.489,154.77,136.07,78.84,3,0,97,63.48,1580.59,URGENTE,1
U01671,SAUDE,49.84,3.087,144.37,43.86,83.78,1,0,137,51.43,1140.61,NORMAL,0
U01552,ENERGIA,165.04,3.393,96.97,12.3,46.82,1,0,52,75.01,651.71,NORMAL,0
U09171,ENERGIA,44.31,5.453,181.32,86.66,100.0,6,2,113,58.22,1693.02,URGENTE,1
U00439,ENERGIA,41.15,3.263,110.44,36.24,43.57,4,0,96,47.54,931.06,NORMAL,0
U09619,TRANSITO,43.59,2.248,101.93,30.63,46.89,2,0,70,78.18,863.31,NORMAL,0
U04496,SAUDE,46.41,2.897,141.32,32.46,83.52,2,0,2,49.19,1484.6,NORMAL,1
U08473,AGUA,42.79,1.985,110.01,25.03,73.15,5,2,39,74.26,1436.11,NORMAL,0
U00490,SAUDE,44.51,0.427,85.2,104.6,30.97,4,0,14,60.32,585.76,NORMAL,0
U04743,ENERGIA,48.18,3.231,111.77,,58.12,2,0,59,50.14,1215.47,NORMAL,0
U04969,AGUA,60.06,9.752,162.04,57.59,82.43,2,1,103,62.16,1189.28,CRITICO,1
U07002,AGUA,,2.558,99.17,58.4,56.55,4,0,85,50.76,921.93,NORMAL,0
U08822,SAUDE,41.74,1.449,108.3,11.64,65.61,4,3,66,83.19,922.91,NORMAL,0
U07243,ENERGIA,,2.594,113.83,38.83,74.25,4,0,19,63.28,890.68,NORMAL,0
U01714,SAUDE,53.62,2.977,162.28,91.48,83.94,1,0,37,67.41,1160.41,URGENTE,1
U05472,SAUDE,39.36,1.697,134.38,74.13,79.56,4,1,70,73.29,1393.03,NORMAL,0
U09249,SAUDE,35.09,3.245,109.47,8.11,38.52,1,0,135,70.44,338.59,NORMAL,0
U08196,ENERGIA,44.91,2.799,136.66,68.78,59.1,5,0,136,85.07,1562.57,NORMAL,0
U06360,SAUDE,53.94,3.464,157.26,33.38,90.06,4,0,57,46.66,1406.07,NORMAL,0
U03949,ENERGIA,55.46,3.719,166.61,45.59,97.34,2,1,51,69.69,1571.85,NORMAL,0
U09058,TELECOM,52.63,2.737,117.72,49.93,53.7,0,1,108,32.99,665.54,NORMAL,0
U06303,ENERGIA,45.72,3.894,164.91,47.76,86.07,1,0,92,76.74,1695.45,NORMAL,0
U02003,SAUDE,48.26,2.541,122.35,156.06,64.32,1,0,56,96.13,1042.09,NORMAL,0
U08973,SAUDE,44.6,2.875,151.8,61.47,86.61,0,0,60,42.42,1308.88,NORMAL,0
U09364,AGUA,41.74,2.799,114.81,23.35,66.97,4,0,18,78.12,873.4,NORMAL,0
U08012,TELECOM,52.12,2.379,123.76,133.47,65.93,3,0,80,58.16,724.73,NORMAL,0
U01529,TELECOM,,2.742,146.22,,84.53,0,1,10,55.3,1287.04,NORMAL,0
U01392,AGUA,39.07,2.147,140.94,55.44,67.05,3,0,19,56.7,1000.77,NORMAL,0
U01314,ENERGIA,42.55,2.89,105.83,73.61,62.62,2,0,113,84.14,1276.9,NORMAL,0
U07952,SAUDE,34.89,3.961,114.81,16.36,55.07,0,0,109,53.02,1035.62,NORMAL,0
U00910,TELECOM,43.03,2.879,118.69,46.1,51.42,5,1,128,57.52,1115.38,NORMAL,0
U05920,TRANSITO,39.43,3.672,138.57,52.81,73.65,1,0,97,67.58,1140.82,NORMAL,0
U00365,TELECOM,52.03,10.54,156.48,139.11,77.14,5,0,122,73.8,1451.53,CRITICO,1
U03589,ENERGIA,51.82,2.301,93.97,65.14,56.76,0,1,33,51.16,937.1,NORMAL,0
U08976,ENERGIA,39.02,2.29,163.85,54.98,52.89,2,0,144,42.3,1021.43,NORMAL,0
U02870,ENERGIA,42.26,2.669,127.34,61.03,39.82,0,0,108,63.62,784.62,NORMAL,0
U08370,ENERGIA,46.18,0.72,130.09,21.83,62.94,2,1,47,53.33,770.88,NORMAL,0
U04455,TRANSITO,48.91,1.851,95.06,23.39,55.93,3,0,22,65.82,986.17,URGENTE,0
U07206,SAUDE,38.33,2.468,89.78,30.85,46.73,2,2,45,59.78,1064.39,NORMAL,0
U01519,SAUDE,43.51,,124.29,52.59,57.35,5,0,29,64.7,763.94,NORMAL,0
U06428,SAUDE,46.22,3.166,133.23,9.1,85.11,4,0,11,74.95,1294.43,NORMAL,0
U09373,TRANSITO,54.17,3.663,121.25,76.44,79.61,4,1,58,61.48,1271.4,NORMAL,0
U04025,TELECOM,45.12,2.53,117.55,125.76,62.4,3,0,101,39.12,618.64,NORMAL,0
U05159,SAUDE,34.25,2.01,80.5,37.84,48.62,2,3,26,45.27,1038.37,NORMAL,0
U04846,AGUA,40.77,3.033,89.45,95.1,52.95,1,0,115,61.17,1352.77,NORMAL,0
U01389,TELECOM,56.06,3.252,107.55,41.68,63.96,0,1,42,61.27,1245.99,NORMAL,0
U08135,TELECOM,45.24,1.282,73.51,78.02,33.55,2,0,49,77.06,815.92,NORMAL,0
U09532,TRANSITO,47.05,2.577,77.49,9.53,42.5,3,1,85,43.31,1163.07,NORMAL,0
U01858,TRANSITO,45.26,2.291,73.55,28.61,36.33,1,1,77,71.63,593.14,URGENTE,0
U00124,ENERGIA,49.07,1.935,108.66,19.83,56.71,4,1,50,98.9,1133.46,NORMAL,0
U00492,ENERGIA,53.53,3.782,132.44,24.73,73.04,3,1,16,54.7,1243.48,NORMAL,0
U07947,SAUDE,36.09,1.634,131.08,63.27,68.89,4,1,135,57.57,1062.26,CRITICO,1
U04445,SAUDE,39.55,,135.27,86.97,77.32,3,0,68,64.75,914.02,NORMAL,0
U02314,ENERGIA,52.41,3.231,153.4,55.97,74.08,3,0,34,76.88,1150.74,NORMAL,0
U01893,TRANSITO,40.17,,80.9,144.41,25.48,2,1,14,54.83,952.11,NORMAL,0
U05282,ENERGIA,43.22,2.247,48.85,89.07,16.82,5,2,31,60.56,274.7,URGENTE,0
U07054,ENERGIA,50.55,3.886,84.46,9.93,63.73,0,0,8,45.01,1373.2,NORMAL,0
U07741,ENERGIA,51.76,3.397,112.5,18.43,78.8,9,0,41,49.86,994.77,NORMAL,0
U06826,TRANSITO,46.45,2.826,104.38,43.7,56.04,5,1,6,82.25,1097.51,NORMAL,0
U01142,TELECOM,43.64,2.748,111.19,60.97,34.68,4,3,74,41.19,565.77,NORMAL,0
U07831,ENERGIA,,2.063,82.17,62.65,54.05,2,0,46,51.55,936.98,URGENTE,1
U09653,TELECOM,48.49,1.839,163.26,,80.96,3,1,90,68.77,1413.86,NORMAL,0
U05266,TELECOM,51.75,3.17,107.97,27.01,69.54,2,1,43,41.01,1146.32,CRITICO,1
U02881,SAUDE,42.05,3.28,141.74,64.59,87.56,5,2,6,46.08,1182.0,CRITICO,1
U01095,SAUDE,43.53,2.432,87.2,50.16,39.31,0,0,119,34.55,823.95,NORMAL,0
U09962,AGUA,,2.903,123.7,14.25,71.2,1,1,46,75.52,1039.2,NORMAL,0
U06337,SAUDE,42.84,2.287,90.36,66.52,52.18,3,0,15,63.77,1306.68,NORMAL,0
U08774,SAUDE,46.94,2.999,149.52,36.7,69.14,1,0,123,44.77,823.69,NORMAL,0
U09789,TRANSITO,48.49,4.153,134.91,96.81,52.14,4,1,48,73.35,927.5,NORMAL,0
U04612,ENERGIA,45.78,3.685,128.83,23.34,73.17,2,2,5,49.0,1056.86,URGENTE,0
U09400,TRANSITO,43.93,2.385,93.55,6.72,49.67,3,2,129,68.48,845.98,NORMAL,0
U02387,SAUDE,45.44,2.781,92.67,22.85,59.29,0,1,45,81.25,1139.56,NORMAL,0
U01139,AGUA,140.61,2.711,122.26,27.83,39.65,3,0,53,77.02,1249.81,URGENTE,0
U08229,TRANSITO,46.91,1.764,91.98,65.76,56.4,3,0,46,54.0,866.0,NORMAL,0
U03431,ENERGIA,50.02,3.417,166.58,49.31,78.05,4,4,128,64.95,1154.7,NORMAL,0
U00331,ENERGIA,56.21,3.387,102.83,26.95,62.65,2,0,95,69.26,608.11,URGENTE,0
U03263,SAUDE,46.67,0.302,161.34,44.7,78.04,3,0,72,40.36,924.37,NORMAL,0
U09203,AGUA,44.83,3.955,99.06,45.31,74.35,7,1,32,54.75,1257.77,URGENTE,1
U07431,AGUA,53.1,2.84,195.37,125.39,83.78,1,0,120,54.69,1496.23,NORMAL,0
U05324,ENERGIA,55.53,3.696,109.02,48.85,64.96,2,0,17,70.46,1262.47,NORMAL,0
U03308,ENERGIA,47.6,4.074,100.12,,60.64,0,0,40,45.14,981.01,NORMAL,0
U01639,SAUDE,47.21,3.448,152.11,9.33,60.76,6,1,143,77.72,1086.32,NORMAL,0
U05848,SAUDE,38.84,1.48,61.15,55.01,30.82,0,0,38,56.14,482.33,NORMAL,0
U08043,SAUDE,39.75,3.578,131.79,119.23,62.53,2,0,58,77.63,1285.9,NORMAL,1
U07228,SAUDE,31.89,1.68,99.28,90.19,51.34,4,0,9,59.97,1022.75,NORMAL,0
U07674,TELECOM,42.62,3.02,139.51,55.14,56.58,7,0,134,57.88,1432.03,NORMAL,0
U02802,ENERGIA,43.96,2.863,115.79,37.02,75.55,3,0,45,55.85,811.87,NORMAL,0
U04953,AGUA,42.06,2.811,86.9,100.7,65.38,1,0,46,50.51,1096.91,NORMAL,0
U08659,SAUDE,48.28,2.518,180.83,63.16,73.14,4,0,144,63.92,1434.61,NORMAL,0
U00236,ENERGIA,59.28,1.632,93.21,57.74,57.37,5,0,52,55.63,1080.61,CRITICO,1
U04275,ENERGIA,46.67,2.36,122.48,127.89,64.34,2,0,120,63.51,915.95,NORMAL,0
U07702,TRANSITO,39.28,3.25,170.84,32.4,87.09,1,0,43,61.05,1311.82,NORMAL,0
U08736,TRANSITO,47.49,1.631,109.69,50.83,47.77,0,1,98,64.95,1027.27,URGENTE,0
U06969,TRANSITO,49.11,,144.82,9.23,94.96,2,0,13,79.98,1542.97,URGENTE,1
U04844,TRANSITO,56.5,3.278,108.48,63.81,68.13,2,0,69,70.29,1009.69,NORMAL,0
U06774,ENERGIA,53.35,2.624,129.66,44.08,71.25,2,0,104,60.95,1154.04,NORMAL,0
U09184,TRANSITO,30.59,2.61,129.08,18.75,42.22,0,0,86,44.34,638.57,NORMAL,0
U03991,SAUDE,39.6,2.305,118.26,28.66,58.2,2,0,75,63.92,1109.48,NORMAL,0
U06712,TELECOM,48.65,3.097,119.88,,48.09,3,0,139,62.85,945.18,CRITICO,1
U08551,ENERGIA,54.42,4.383,100.14,39.69,59.59,5,1,37,56.85,1177.54,NORMAL,0
U04604,SAUDE,38.67,1.621,113.39,30.87,75.76,5,1,41,53.51,1020.71,NORMAL,0
U03299,ENERGIA,53.5,2.366,117.57,119.12,48.44,0,1,140,62.85,769.53,CRITICO,1
U05296,ENERGIA,51.14,3.072,108.83,119.63,64.92,4,0,13,89.12,1079.05,CRITICO,1
U04157,AGUA,114.36,2.904,126.01,16.72,57.36,3,0,133,68.87,834.99,NORMAL,0
U05938,ENERGIA,130.25,2.179,100.49,20.28,45.31,3,3,47,60.06,856.03,URGENTE,0
U04179,ENERGIA,33.22,0.191,68.29,75.65,12.53,0,0,104,68.19,414.86,NORMAL,0
U00656,SAUDE,47.42,2.851,147.07,34.11,100.0,6,0,96,70.4,1666.15,CRITICO,1
U05300,ENERGIA,47.5,3.173,154.47,31.43,86.57,2,1,24,77.35,815.88,NORMAL,0
U02076,AGUA,34.66,1.946,88.69,60.64,32.91,0,0,36,74.36,1161.31,NORMAL,0
U07367,SAUDE,44.52,2.497,71.91,30.37,42.82,3,0,45,70.33,1283.74,NORMAL,0
U04764,TELECOM,44.07,0.919,113.77,13.98,50.22,1,0,142,72.07,991.41,NORMAL,0
U07393,SAUDE,38.25,2.36,158.65,,75.45,3,1,117,70.78,988.74,URGENTE,0
U02394,ENERGIA,57.06,2.062,108.06,46.44,64.89,5,1,55,41.48,721.88,URGENTE,1
U00909,ENERGIA,50.21,2.67,159.81,37.14,51.22,0,0,138,52.48,1056.49,NORMAL,0
U01544,TRANSITO,45.69,,82.68,31.57,64.27,3,0,7,34.38,705.53,NORMAL,0
U01174,ENERGIA,46.74,3.391,98.17,31.24,66.34,3,1,38,77.67,1039.04,NORMAL,0
U03569,ENERGIA,46.33,2.273,55.91,18.37,35.95,1,0,33,59.96,980.0,NORMAL,0
U05215,TELECOM,43.98,0.536,106.9,199.87,60.58,5,1,6,56.34,618.46,NORMAL,0
U00496,TRANSITO,40.61,2.924,123.25,38.18,59.18,3,0,93,71.94,1215.27,NORMAL,0
U06782,ENERGIA,42.77,2.667,95.37,93.69,47.72,3,0,9,74.07,896.46,NORMAL,0
U04150,ENERGIA,50.86,2.707,84.66,71.73,53.53,2,1,61,75.36,1188.59,NORMAL,0
U06372,TRANSITO,44.67,3.651,109.94,26.23,60.1,5,1,37,61.57,1147.8,NORMAL,0
U00459,SAUDE,38.32,3.111,131.79,47.67,57.06,1,1,132,34.12,1128.12,NORMAL,0
U03628,ENERGIA,172.01,4.028,129.2,38.71,79.33,6,0,17,74.97,1223.0,URGENTE,1
U06769,TELECOM,54.68,3.69,136.76,39.57,93.34,5,0,17,91.9,1913.62,URGENTE,0
U06607,SAUDE,38.26,1.035,95.18,32.31,57.8,0,0,41,37.14,844.68,NORMAL,0
U04319,TELECOM,43.14,3.624,139.42,31.67,63.05,5,0,74,48.7,856.09,URGENTE,1
U01390,AGUA,44.43,3.13,75.52,77.4,31.01,0,0,75,66.15,670.79,NORMAL,0
U02119,ENERGIA,184.96,3.938,160.35,71.73,81.26,3,0,110,42.43,1140.46,NORMAL,0
U03545,TELECOM,33.44,1.708,86.6,110.88,39.87,4,1,105,34.23,949.31,NORMAL,0
U05368,TELECOM,55.43,2.285,210.46,25.01,100.0,0,2,129,58.22,1781.5,NORMAL,0
U07442,SAUDE,37.9,2.42,79.54,48.74,46.74,1,1,64,66.52,1169.77,NORMAL,0
U00173,AGUA,38.47,3.1,120.36,111.04,65.0,4,1,70,72.68,950.56,URGENTE,0
U09169,TRANSITO,49.32,4.192,102.58,,43.31,4,1,131,47.47,973.23,NORMAL,0
U03697,AGUA,,1.845,40.33,37.17,17.61,2,1,84,52.41,826.79,NORMAL,0
U01337,ENERGIA,53.67,3.849,79.5,23.93,35.03,2,1,64,49.94,1060.13,URGENTE,1
U08582,AGUA,52.14,3.074,111.9,41.8,69.74,7,0,9,77.53,1364.77,CRITICO,1
U01371,TELECOM,,1.902,120.22,65.55,73.7,3,1,43,66.3,912.56,NORMAL,0
U06369,TELECOM,61.88,2.853,142.37,92.3,74.33,1,0,11,51.32,1274.82,NORMAL,0
U03636,SAUDE,40.8,1.979,98.33,27.48,50.53,5,1,142,57.11,699.72,URGENTE,0
U08977,AGUA,44.46,3.703,183.81,127.49,90.32,4,1,50,81.77,1346.94,NORMAL,0
U06916,AGUA,34.11,3.444,60.81,193.25,58.96,1,0,56,35.02,1310.78,NORMAL,0
U08999,SAUDE,35.31,1.885,117.62,118.7,75.54,4,0,76,75.52,1437.01,NORMAL,0
U07357,ENERGIA,51.2,4.472,178.26,53.9,73.54,5,1,96,58.22,1082.41,NORMAL,0
U05828,ENERGIA,46.81,2.309,80.52,90.84,38.37,0,0,19,73.06,588.99,NORMAL,0
U05523,AGUA,,4.453,104.86,29.35,68.85,2,1,2,56.98,1098.04,NORMAL,0
U08695,TRANSITO,53.64,2.288,174.76,18.6,86.35,4,1,61,39.4,1428.17,NORMAL,0
U03155,AGUA,43.63,1.929,122.93,17.13,68.1,3,0,89,83.67,1343.71,NORMAL,0
U05839,TELECOM,53.1,2.673,145.05,118.89,87.72,2,1,114,45.83,1135.87,NORMAL,0
U05913,ENERGIA,44.89,3.259,158.26,44.58,84.91,1,1,30,53.96,1097.78,NORMAL,0
U05052,SAUDE,35.53,9.094,145.78,65.93,69.95,6,1,34,73.06,1639.44,URGENTE,1
U09522,SAUDE,40.94,2.741,109.37,3.96,68.86,7,3,62,46.05,1156.54,NORMAL,0
U03997,SAUDE,47.23,1.282,69.02,72.07,44.47,1,1,7,60.25,726.5,NORMAL,0
U01669,ENERGIA,48.45,2.577,93.01,30.1,39.15,2,0,28,61.13,1063.3,NORMAL,0
U06637,TRANSITO,48.23,2.49,114.18,65.76,63.5,6,0,68,52.46,854.99,NORMAL,0
U05023,SAUDE,44.63,1.588,146.99,104.57,79.78,3,1,138,86.91,1321.26,CRITICO,1
U04824,TRANSITO,43.63,1.541,57.08,55.73,40.03,1,0,45,48.66,971.39,NORMAL,0
U06935,TELECOM,54.45,3.698,123.05,136.07,81.0,5,0,18,64.39,1166.94,NORMAL,0
U07973,ENERGIA,44.52,2.104,97.47,56.78,44.07,2,0,4,58.1,825.7,NORMAL,0
U07596,ENERGIA,47.26,3.493,167.91,31.95,63.09,0,0,135,50.94,1355.11,NORMAL,0
U01172,AGUA,38.32,3.293,91.93,46.21,57.53,2,0,35,95.34,939.15,NORMAL,0
U01641,ENERGIA,43.33,1.534,58.93,66.92,31.12,2,1,130,48.42,284.77,NORMAL,0
U09012,TELECOM,52.75,,115.79,57.6,85.52,1,1,43,52.42,1087.54,NORMAL,0
U04967,AGUA,48.84,2.223,104.13,10.4,57.0,2,0,143,76.8,1030.94,NORMAL,0
U07471,TRANSITO,39.84,3.348,133.2,31.13,60.85,2,1,59,65.7,1507.83,NORMAL,0
U01926,ENERGIA,48.82,3.392,84.78,72.38,56.06,2,1,2,86.44,930.73,NORMAL,0
U08382,ENERGIA,51.44,,117.23,19.82,52.82,3,0,66,57.33,1079.29,NORMAL,0
U02868,SAUDE,58.92,3.103,206.26,8.13,100.0,2,0,117,53.49,1646.22,NORMAL,0
U04011,TRANSITO,51.55,2.175,162.99,66.92,100.0,3,1,3,69.78,1952.49,NORMAL,0
U09816,TELECOM,48.75,2.394,89.73,62.12,26.69,0,0,130,57.11,744.34,NORMAL,0
U02683,SAUDE,37.12,1.727,118.2,199.22,59.74,3,0,111,30.22,744.97,NORMAL,0
U08435,TRANSITO,37.67,2.738,84.63,16.18,29.12,4,0,143,71.57,1205.75,NORMAL,0
U07126,SAUDE,47.89,2.545,130.71,72.95,81.34,3,1,79,69.87,1252.98,NORMAL,0
U03495,AGUA,40.9,2.963,120.37,30.06,58.54,2,0,107,52.86,676.58,NORMAL,0
U04223,TELECOM,42.14,2.992,60.88,48.8,40.83,0,0,4,84.32,626.77,NORMAL,0
U03873,SAUDE,43.86,2.457,123.45,76.82,93.1,5,0,88,51.89,1399.23,CRITICO,1
U06477,SAUDE,39.82,1.033,88.86,95.06,49.16,2,0,85,49.69,1077.64,NORMAL,0
U02291,ENERGIA,47.12,2.791,119.13,23.91,54.66,1,1,56,80.52,1003.92,NORMAL,0
U02965,TRANSITO,,1.228,137.06,44.17,46.06,1,1,59,90.77,927.78,NORMAL,0
U00344,AGUA,46.74,2.844,116.81,53.34,59.44,4,0,40,42.9,1401.3,NORMAL,0
U00287,TRANSITO,44.39,2.567,139.09,73.71,71.75,4,0,102,45.0,1180.36,NORMAL,0
U07272,ENERGIA,45.89,2.63,113.03,102.52,44.34,1,2,89,70.13,922.33,NORMAL,0
U02830,ENERGIA,58.88,2.809,94.99,39.46,68.08,4,0,73,52.88,771.01,NORMAL,0
U07503,ENERGIA,51.69,5.113,152.93,21.33,82.67,5,0,25,65.12,989.75,CRITICO,1
U01491,TRANSITO,49.36,2.861,110.2,61.86,60.66,2,2,81,74.98,912.85,NORMAL,0
U03210,SAUDE,50.21,2.553,129.22,56.21,69.41,1,1,4,74.52,1403.57,NORMAL,0
U01765,ENERGIA,46.51,4.38,137.6,19.18,58.96,1,0,137,38.82,1226.97,NORMAL,0
U06983,TELECOM,35.4,1.546,105.7,29.46,41.16,1,2,81,52.78,398.62,NORMAL,0
U01712,ENERGIA,46.93,3.657,141.26,20.3,77.46,3,0,104,44.18,928.64,NORMAL,0
U01906,TRANSITO,50.08,1.215,99.37,49.12,75.4,6,0,42,37.36,984.65,CRITICO,0
U06251,SAUDE,43.72,3.227,99.6,138.12,59.26,2,0,68,65.0,846.55,NORMAL,1
U00744,SAUDE,41.04,0.162,129.17,85.49,58.13,2,1,81,34.41,762.41,URGENTE,0
U08563,SAUDE,37.19,3.359,159.4,26.35,83.17,5,0,126,75.68,1244.11,NORMAL,0
U05870,TRANSITO,55.47,1.982,115.74,87.02,54.47,6,2,78,65.68,1050.72,NORMAL,0
U01645,SAUDE,65.42,1.493,73.69,26.91,27.9,1,1,74,59.63,358.29,URGENTE,0
U04183,SAUDE,37.97,1.723,72.41,15.77,49.07,3,1,49,90.01,851.14,NORMAL,0
U00183,TRANSITO,48.42,2.254,144.0,,74.17,3,0,115,63.87,1135.74,NORMAL,0
U07260,AGUA,42.03,2.444,192.47,18.04,92.57,1,2,80,61.19,814.78,NORMAL,0
U06800,SAUDE,38.53,2.302,86.18,29.35,51.91,2,0,31,68.91,331.06,NORMAL,0
U07212,TRANSITO,54.96,2.229,85.45,43.08,48.46,0,0,77,39.41,944.45,NORMAL,0
U08172,TELECOM,45.98,2.848,107.86,145.07,53.82,0,1,103,79.29,615.81,NORMAL,0
U02989,TRANSITO,156.81,2.359,134.71,8.22,77.94,4,0,62,91.45,1204.42,NORMAL,0
U04622,AGUA,41.56,2.332,71.62,80.99,41.3,0,0,26,31.96,1362.01,NORMAL,0
U02441,SAUDE,38.65,2.533,124.4,28.45,68.17,4,0,132,53.93,1322.06,NORMAL,0
U06336,TRANSITO,45.44,2.284,69.4,16.24,43.39,2,0,98,67.11,728.89,NORMAL,0
U06300,ENERGIA,48.06,3.698,101.22,59.39,63.44,1,0,28,66.71,1201.61,NORMAL,0
U05706,ENERGIA,48.67,3.312,125.0,66.2,57.95,2,0,127,43.59,719.72,URGENTE,1
U07620,ENERGIA,49.2,3.141,166.05,27.43,82.64,7,0,92,60.35,1158.73,CRITICO,1
U01646,TRANSITO,50.31,1.979,177.36,3.37,57.43,0,0,109,80.89,1019.83,NORMAL,0
U01060,ENERGIA,55.74,3.135,100.94,31.63,64.53,0,2,35,39.25,1362.65,NORMAL,0
U09350,ENERGIA,46.62,2.641,109.43,19.47,66.64,5,0,89,69.16,1250.57,NORMAL,0
U08715,SAUDE,34.67,3.121,93.05,72.23,52.07,1,0,49,61.43,594.72,NORMAL,0
U06409,ENERGIA,48.03,,151.99,17.57,76.84,3,1,55,81.21,1202.35,NORMAL,0
U07456,ENERGIA,58.56,3.834,108.72,79.22,57.54,3,1,50,92.12,601.66,CRITICO,1
U08293,AGUA,44.9,2.847,61.44,42.67,33.62,2,0,19,89.14,822.56,NORMAL,0
U05020,SAUDE,48.0,3.866,144.03,34.47,84.46,1,0,101,43.13,1276.69,URGENTE,0
U06314,TRANSITO,,2.139,135.29,83.38,67.38,2,0,28,51.48,1320.77,NORMAL,0
U04727,AGUA,,,109.3,,75.82,5,0,25,49.26,1289.9,NORMAL,0
U02992,SAUDE,39.2,,118.39,90.29,67.21,3,0,8,74.25,1219.44,NORMAL,0
U07915,ENERGIA,48.24,3.824,104.45,76.31,46.3,1,0,122,71.86,1136.71,NORMAL,1
U07478,SAUDE,42.05,1.994,139.15,53.83,55.6,1,0,107,48.04,789.26,NORMAL,0
U05830,ENERGIA,40.0,3.818,68.6,43.92,43.75,1,0,83,63.45,899.18,NORMAL,0
U05080,TELECOM,40.86,2.151,52.52,,22.36,2,1,103,57.66,913.32,NORMAL,0
U07306,AGUA,40.14,2.774,101.29,162.08,40.63,1,0,59,57.9,783.33,NORMAL,0
U03776,AGUA,44.56,1.943,121.83,27.95,60.43,2,2,25,72.99,1261.17,NORMAL,0
U00413,TELECOM,38.99,2.024,84.65,32.59,51.13,1,0,113,44.27,1002.53,NORMAL,0
U01319,TRANSITO,39.19,2.174,94.38,83.94,52.86,2,1,72,51.03,1136.31,NORMAL,0
U05109,ENERGIA,44.23,2.773,69.28,54.32,41.76,3,0,81,90.43,850.79,NORMAL,0
U06561,SAUDE,53.22,2.031,130.2,28.42,70.01,2,2,119,79.0,1537.17,NORMAL,0
U02153,SAUDE,38.62,1.455,116.12,13.1,55.58,4,0,72,54.26,739.4,NORMAL,0
U08834,AGUA,47.01,2.416,97.24,26.02,45.62,1,1,110,58.66,830.4,NORMAL,0
U06411,SAUDE,53.37,2.919,88.25,30.45,53.4,5,1,21,76.7,768.79,URGENTE,0
U09578,SAUDE,37.83,2.121,121.78,35.02,64.67,4,0,60,86.03,1015.69,NORMAL,0
U01433,AGUA,38.44,2.087,95.32,34.67,49.61,6,2,38,61.9,1100.93,NORMAL,0
U09297,ENERGIA,47.63,4.432,112.49,6.48,67.28,4,0,135,75.36,1245.04,URGENTE,0
U02124,TRANSITO,50.75,3.321,98.09,102.0,67.83,2,1,32,63.28,1072.92,NORMAL,0
U02341,SAUDE,32.07,1.807,82.46,72.34,28.59,4,2,19,63.92,788.73,NORMAL,0
U02761,TRANSITO,,3.098,148.74,23.71,61.78,1,1,59,44.53,1029.72,NORMAL,0
U09236,TELECOM,39.27,3.008,121.17,23.94,54.32,2,0,120,89.1,772.96,NORMAL,0
U07379,ENERGIA,38.92,,107.82,30.65,40.49,1,0,101,74.03,804.88,NORMAL,0
U09220,TRANSITO,40.44,2.221,92.34,103.17,52.06,3,0,116,37.04,1033.24,NORMAL,0
U02425,SAUDE,40.82,2.375,135.99,43.07,86.82,3,0,6,36.75,1041.59,NORMAL,0
U06083,ENERGIA,50.92,3.622,186.33,57.28,95.12,4,1,63,84.42,1436.3,NORMAL,0
U06426,SAUDE,33.22,1.563,76.12,92.06,41.69,7,1,18,49.55,622.96,URGENTE,0
U05771,ENERGIA,56.99,2.938,126.36,9.19,69.84,2,0,117,63.7,886.38,NORMAL,0
U01744,TRANSITO,47.17,2.423,103.32,28.59,41.94,5,0,140,92.96,1223.95,NORMAL,0
U02572,AGUA,39.39,3.233,62.97,8.98,24.33,2,1,45,46.58,808.67,NORMAL,0
U04959,AGUA,47.13,2.311,128.15,87.14,50.42,0,3,102,65.89,798.29,NORMAL,0
U04793,TRANSITO,38.57,1.113,60.2,60.67,35.65,2,1,25,92.04,991.78,NORMAL,0
U05478,ENERGIA,36.47,3.801,140.91,51.93,58.63,3,0,29,58.25,1351.76,NORMAL,0
U03166,ENERGIA,,2.925,146.7,32.66,75.08,0,1,72,35.86,1273.2,NORMAL,0
U07321,SAUDE,30.84,2.235,115.89,25.34,56.33,1,0,88,85.19,1130.64,NORMAL,0
U03676,SAUDE,37.13,1.715,100.08,28.12,52.83,8,0,130,56.62,1336.91,NORMAL,0
U09455,SAUDE,45.15,2.896,124.52,,56.53,1,1,118,76.26,688.76,NORMAL,0
U09729,ENERGIA,47.96,3.0,117.02,43.82,76.63,2,1,95,74.14,1583.54,NORMAL,0
U00617,ENERGIA,58.21,2.73,78.76,19.44,34.02,5,2,43,60.44,706.15,NORMAL,0
U02993,AGUA,52.2,3.161,122.77,70.62,75.62,2,1,30,74.89,1395.41,URGENTE,0
U02147,SAUDE,48.47,2.075,84.35,119.33,47.77,1,0,8,95.41,1171.2,NORMAL,0
U05123,SAUDE,45.13,1.527,143.39,18.48,66.07,3,1,134,44.48,1058.71,NORMAL,0
U09766,ENERGIA,43.79,2.194,98.74,15.82,34.51,2,1,27,34.87,1044.38,NORMAL,0
U03346,AGUA,49.43,3.327,117.47,42.12,59.18,3,0,127,65.6,830.65,NORMAL,0
U06381,TRANSITO,45.96,1.681,82.42,9.97,51.04,4,0,27,71.71,1277.78,NORMAL,0
U01899,TRANSITO,51.6,8.991,147.69,73.85,73.49,3,0,102,76.74,845.36,URGENTE,1
U04225,ENERGIA,58.1,4.563,120.55,46.13,76.13,3,0,37,46.82,1345.96,NORMAL,0
U01553,ENERGIA,46.47,3.556,100.98,43.38,37.38,1,1,22,72.98,930.48,NORMAL,0
U06415,AGUA,36.61,4.411,121.32,12.25,60.23,2,1,109,74.8,1197.29,NORMAL,0
U06694,TRANSITO,51.29,1.55,131.02,56.76,48.46,2,0,113,81.54,845.65,NORMAL,0
U02042,SAUDE,52.69,3.101,113.76,57.42,76.53,4,0,45,71.18,1384.24,NORMAL,0
U09303,TRANSITO,,2.862,167.61,5.34,88.05,6,0,83,40.94,1184.83,NORMAL,0
U01153,AGUA,41.12,3.328,140.46,16.61,82.79,3,0,60,58.9,1090.5,NORMAL,0
U04293,AGUA,40.32,3.19,60.56,24.79,18.23,2,1,35,63.69,748.17,NORMAL,0
U09167,SAUDE,38.19,3.094,127.59,59.25,73.26,6,1,78,56.28,1247.0,NORMAL,0
U04741,SAUDE,38.64,2.963,144.54,42.14,76.89,2,0,71,55.68,845.18,NORMAL,0
U03469,SAUDE,43.27,1.947,125.23,59.6,56.68,4,2,129,37.34,806.27,NORMAL,0
U05024,SAUDE,,1.924,63.3,,48.77,6,0,46,46.63,875.18,NORMAL,0
U07624,SAUDE,39.42,2.121,96.54,109.18,40.5,2,2,83,15.0,960.03,NORMAL,0
U01111,TELECOM,45.64,2.963,97.96,145.71,56.49,1,0,25,87.84,616.6,NORMAL,0
U05108,TELECOM,50.78,3.372,171.27,29.63,78.05,3,1,74,63.47,1808.2,NORMAL,0
U08953,ENERGIA,47.24,2.885,93.04,14.0,57.63,1,0,82,51.6,1147.67,NORMAL,0
U05963,SAUDE,,2.821,162.33,7.04,83.12,5,0,100,72.03,1169.56,NORMAL,0
U06812,AGUA,,0.333,133.39,42.1,84.29,2,0,40,66.24,1365.2,NORMAL,0
U07892,SAUDE,43.26,3.056,139.38,14.51,76.43,1,0,98,71.77,1481.23,URGENTE,0
U01504,TRANSITO,43.34,2.701,75.43,17.78,48.27,2,0,120,67.56,1112.33,NORMAL,0
U00874,SAUDE,43.62,3.344,130.48,15.01,67.7,7,2,115,62.03,1155.19,CRITICO,1
U08907,AGUA,37.21,1.797,104.43,18.83,63.94,2,0,12,61.48,617.27,NORMAL,0
U07058,SAUDE,47.58,2.769,152.74,79.83,89.9,6,1,95,45.71,1381.15,NORMAL,0
U06313,ENERGIA,62.0,3.065,135.68,101.81,86.78,2,0,37,60.57,1554.6,NORMAL,0
U02494,TELECOM,61.74,,155.36,101.63,67.34,0,0,143,57.06,804.99,CRITICO,1
U00603,ENERGIA,55.95,7.853,125.64,77.48,67.31,4,0,20,36.43,1582.42,CRITICO,1
U08183,AGUA,45.14,4.52,148.53,76.68,67.59,4,1,18,71.72,1726.05,NORMAL,0
U07203,ENERGIA,39.37,2.052,101.9,27.41,43.36,3,0,63,89.82,1094.35,NORMAL,0
U08731,TELECOM,39.43,1.355,85.67,89.15,56.98,1,1,17,41.53,809.97,NORMAL,0
U06842,TRANSITO,114.49,0.882,87.62,72.07,28.58,2,1,144,58.74,505.84,NORMAL,0
U09967,TELECOM,47.53,2.046,121.41,69.52,43.94,2,0,118,42.8,537.71,NORMAL,0
U00206,TRANSITO,,2.702,109.51,24.73,37.22,5,0,93,66.05,910.05,NORMAL,0
U01722,TRANSITO,45.9,3.271,142.43,,78.62,2,0,65,57.12,1186.03,NORMAL,0
U03799,TRANSITO,57.9,4.12,128.33,42.72,62.0,4,1,11,45.46,724.14,NORMAL,0
U06054,TELECOM,44.02,0.828,72.88,28.56,29.43,1,2,50,34.55,713.1,NORMAL,0
U01416,SAUDE,45.81,1.474,95.92,9.35,48.67,1,0,56,72.56,834.51,NORMAL,0
U07669,TELECOM,46.28,2.823,127.2,51.75,71.46,2,1,58,59.98,1100.99,NORMAL,0
U00809,TELECOM,58.54,3.061,140.97,12.18,72.5,3,1,37,42.38,1120.16,NORMAL,0
U00019,ENERGIA,,2.608,132.45,68.08,56.6,4,0,57,44.37,620.01,NORMAL,0
U00735,SAUDE,46.22,2.282,67.05,56.73,42.48,2,1,7,100.0,883.28,NORMAL,0
U04533,AGUA,40.46,3.573,138.67,48.66,38.73,3,1,141,58.25,446.03,NORMAL,0
U00425,ENERGIA,,3.181,106.23,50.27,46.4,2,0,57,47.1,1179.24,NORMAL,0
U06447,ENERGIA,241.65,3.792,136.42,51.77,76.32,5,1,10,58.56,1195.43,NORMAL,0
U01228,SAUDE,39.05,3.048,146.82,12.9,82.57,4,2,139,65.29,1415.74,URGENTE,1
U03158,ENERGIA,40.66,2.166,114.96,39.92,60.92,3,0,95,60.9,1193.6,NORMAL,0
U05968,ENERGIA,48.91,3.044,92.27,82.97,67.78,3,0,16,80.4,1014.2,NORMAL,0
U01690,SAUDE,42.74,2.756,131.48,135.7,68.22,5,0,108,65.11,1146.59,NORMAL,0
U09346,AGUA,45.67,3.435,148.96,43.26,94.36,5,0,84,58.41,1380.72,NORMAL,1
U00740,ENERGIA,,8.386,166.18,50.62,100.0,4,1,63,60.72,1178.22,URGENTE,1
U05687,ENERGIA,44.33,2.191,105.68,26.3,62.99,4,0,25,83.83,891.12,CRITICO,0
U05483,SAUDE,46.69,3.411,143.65,82.47,74.07,3,0,37,58.75,1593.04,NORMAL,0
U06306,ENERGIA,40.84,4.431,98.02,,60.61,0,1,56,60.0,549.03,NORMAL,0
U03502,TELECOM,52.85,1.733,68.07,53.05,60.4,0,0,38,40.45,995.51,CRITICO,1
U03869,TRANSITO,48.1,1.679,81.93,3.3,53.45,4,0,27,47.3,1362.49,NORMAL,0
U08854,TRANSITO,46.02,3.28,134.44,39.14,62.07,2,1,129,70.29,1052.65,CRITICO,1
U02462,SAUDE,38.23,2.104,54.74,28.7,53.8,1,1,29,62.83,826.35,URGENTE,0
U00990,AGUA,39.1,4.094,128.01,64.31,55.54,2,1,144,65.75,1306.04,NORMAL,0
U09817,ENERGIA,66.22,4.473,155.37,68.13,76.46,4,1,97,45.43,1348.42,CRITICO,1
U09822,SAUDE,213.22,1.19,114.47,21.17,69.4,4,0,54,54.84,1063.6,NORMAL,0
U00032,TELECOM,42.17,2.047,91.74,46.39,37.59,2,0,120,53.0,803.69,NORMAL,0
U09550,SAUDE,40.78,2.723,111.54,156.98,39.45,5,0,24,61.26,414.22,CRITICO,1
U01792,ENERGIA,43.71,2.086,84.66,29.66,41.16,2,1,84,57.83,1058.71,NORMAL,0
U01435,SAUDE,53.35,10.507,167.76,74.99,100.0,2,1,51,59.53,2098.28,CRITICO,1
U04799,AGUA,35.74,1.279,89.27,27.74,52.59,2,0,59,34.61,1329.03,NORMAL,0
U08306,SAUDE,39.54,2.308,85.22,10.0,21.03,3,0,53,56.42,1008.51,NORMAL,0
U03976,ENERGIA,,3.329,99.26,41.23,54.88,2,1,22,92.68,1095.96,NORMAL,0
U02035,SAUDE,36.78,3.368,78.22,49.44,54.7,1,1,63,82.68,731.87,NORMAL,0
U07978,AGUA,,2.42,108.91,61.4,49.24,0,0,55,87.34,876.57,NORMAL,0
U06835,SAUDE,38.99,,143.49,27.02,57.72,3,2,79,51.73,1262.62,NORMAL,0
U09802,TELECOM,51.93,2.128,129.03,131.24,57.89,2,2,85,73.93,1057.34,NORMAL,0
U00832,ENERGIA,45.16,,104.66,127.69,37.85,2,0,137,68.12,644.57,NORMAL,0
U02459,ENERGIA,45.38,3.129,138.11,49.18,64.63,2,3,126,60.61,1258.82,CRITICO,1
U00040,ENERGIA,53.38,3.327,112.23,64.44,65.71,3,1,2,53.7,709.1,NORMAL,0
U00118,AGUA,40.06,2.904,97.51,12.8,40.0,1,0,116,58.14,602.22,NORMAL,0
U09649,SAUDE,41.94,2.801,154.29,32.5,69.57,2,0,56,55.23,1400.48,NORMAL,0
U02491,TELECOM,36.7,3.354,147.63,17.38,62.01,5,0,80,98.68,1196.98,NORMAL,0
U03091,TELECOM,47.44,3.156,158.16,56.94,98.74,3,0,61,45.66,1808.93,URGENTE,0
U06295,ENERGIA,43.36,2.504,89.87,,56.69,2,2,18,49.51,1058.04,NORMAL,0
U09129,ENERGIA,38.38,2.785,83.71,79.54,42.93,4,4,41,69.19,553.34,NORMAL,0
U02300,SAUDE,32.03,2.545,121.36,43.33,65.95,1,0,122,61.14,1056.35,NORMAL,0
U01349,SAUDE,105.23,3.415,146.56,40.8,63.74,1,1,139,61.86,1128.47,NORMAL,0
U03669,SAUDE,42.33,2.601,126.2,45.05,65.14,3,0,46,38.21,1207.57,URGENTE,0
U00033,TRANSITO,54.8,1.319,112.37,58.56,56.43,1,0,116,76.39,924.26,NORMAL,0
U05996,AGUA,51.11,2.028,98.31,66.03,40.66,0,1,33,74.61,816.13,NORMAL,0
U02107,AGUA,47.72,4.707,136.08,68.58,94.95,4,0,25,53.44,1312.18,NORMAL,0
U09469,SAUDE,31.56,0.589,39.54,35.72,15.08,3,0,36,53.93,842.16,NORMAL,0
U04180,SAUDE,39.04,3.519,117.2,14.54,48.99,4,0,127,80.88,1191.56,URGENTE,1
U04877,TRANSITO,52.45,3.013,111.08,8.09,37.75,3,2,131,43.64,891.75,NORMAL,0
U06067,TRANSITO,46.39,,137.31,36.62,73.55,3,0,116,43.92,1094.26,NORMAL,0
U06194,TRANSITO,56.99,3.152,138.3,6.11,78.6,1,1,65,76.13,1531.36,NORMAL,1
U09283,SAUDE,,2.713,114.29,6.2,53.6,0,0,122,61.95,731.27,NORMAL,0
U00396,AGUA,35.87,3.008,79.04,17.93,58.91,3,0,7,63.69,868.66,NORMAL,0
U05106,TELECOM,46.24,3.116,123.11,,70.39,3,0,35,35.1,1202.76,CRITICO,1
U00713,SAUDE,37.76,1.469,115.07,63.58,62.91,0,2,107,46.33,1252.67,NORMAL,0
U06957,TRANSITO,41.5,2.576,108.96,,53.35,2,0,65,67.88,1038.72,NORMAL,0
U05503,ENERGIA,53.47,3.186,117.22,32.62,73.95,5,1,87,75.17,1070.94,URGENTE,0
U09546,AGUA,47.22,1.623,127.84,,40.68,5,0,113,91.79,727.74,NORMAL,0
U03000,TRANSITO,,2.32,84.68,47.63,51.12,3,0,61,67.51,757.69,NORMAL,0
U06922,TELECOM,52.66,0.985,82.61,61.73,50.19,3,0,90,57.97,329.14,NORMAL,0
U06896,SAUDE,42.09,2.37,78.98,70.41,42.08,2,1,62,41.03,933.61,NORMAL,0
U00599,TELECOM,44.52,,137.26,57.44,66.74,2,2,104,90.15,1236.51,URGENTE,0
U00072,ENERGIA,,2.994,141.93,33.2,75.19,1,0,60,36.98,1216.91,NORMAL,0
U02524,AGUA,46.47,2.49,129.24,119.76,58.66,2,0,104,82.62,1239.59,NORMAL,0
U04762,ENERGIA,51.0,3.144,108.08,60.06,38.08,3,1,106,65.74,854.76,NORMAL,0
U01597,TRANSITO,39.83,3.847,146.06,98.77,63.39,5,0,100,91.92,1424.67,NORMAL,0
U02828,TRANSITO,39.31,2.249,110.58,49.22,44.83,2,1,106,58.59,1029.29,NORMAL,0
U07302,TELECOM,,2.207,116.66,11.13,51.02,4,0,142,47.16,798.77,NORMAL,0
U06158,SAUDE,44.42,3.01,138.68,18.11,77.02,2,0,112,56.99,1038.43,NORMAL,0
U02713,TELECOM,48.7,2.151,121.68,62.87,65.19,1,1,23,90.87,961.16,NORMAL,0
U03490,SAUDE,39.63,2.22,107.95,39.82,55.26,5,1,49,63.1,1133.29,NORMAL,0
U06587,SAUDE,40.9,2.424,107.71,36.31,63.27,1,0,79,43.31,375.51,NORMAL,0
U01115,TRANSITO,59.46,2.494,115.84,74.97,55.6,5,0,69,48.6,1189.11,NORMAL,0
U04181,ENERGIA,55.56,3.875,174.36,37.1,85.17,1,0,142,63.5,1261.91,CRITICO,1
U02823,TRANSITO,50.41,1.899,98.49,,41.96,2,0,131,78.6,645.55,NORMAL,0
U07813,TELECOM,54.42,1.8,113.22,42.56,66.5,4,0,69,45.83,1223.01,NORMAL,0
U09895,SAUDE,47.63,3.509,149.28,,98.97,3,0,121,87.13,1414.83,NORMAL,1
U05213,ENERGIA,52.75,4.978,177.47,,100.0,5,1,54,69.07,1446.31,URGENTE,1
U08597,ENERGIA,,2.884,94.45,26.79,41.38,4,0,80,49.26,1114.26,NORMAL,0
U09197,TRANSITO,,1.691,79.38,53.51,24.37,1,0,108,60.69,787.2,NORMAL,0
U07699,ENERGIA,40.62,3.118,99.37,32.24,59.03,1,1,65,62.01,1165.45,NORMAL,0
U00572,TELECOM,50.13,2.136,124.17,62.35,70.51,2,0,65,74.68,1400.42,NORMAL,0
U01451,ENERGIA,,2.573,112.55,8.53,54.61,0,0,119,94.0,1651.24,URGENTE,0
U04310,ENERGIA,182.38,2.62,124.89,68.01,65.86,2,1,127,55.8,1204.87,NORMAL,0
U05884,SAUDE,46.1,,97.77,,51.29,1,1,55,53.32,1119.77,URGENTE,0
U08451,TELECOM,41.95,1.322,133.5,56.48,55.17,0,0,119,75.93,1506.75,NORMAL,0
U04440,AGUA,38.21,3.485,117.87,24.98,66.78,3,1,101,95.93,1307.73,CRITICO,1
U00810,TELECOM,179.36,1.936,76.4,36.25,31.5,3,0,21,65.44,450.44,NORMAL,0
U08917,ENERGIA,48.72,3.06,87.57,44.92,54.92,1,0,51,44.4,929.05,NORMAL,0
U02621,ENERGIA,52.75,3.582,114.31,77.09,82.17,5,1,12,60.22,1242.87,NORMAL,0
U00846,TELECOM,40.3,2.645,30.6,23.01,12.55,2,1,21,64.57,20.0,NORMAL,0
U00394,ENERGIA,47.2,2.227,132.73,37.39,67.24,4,1,68,69.47,1036.92,NORMAL,0
U02672,AGUA,41.08,3.775,150.22,125.65,60.17,4,1,79,66.47,1364.24,NORMAL,0
U00669,TELECOM,,3.457,129.81,192.38,68.89,2,1,19,69.52,671.22,CRITICO,1
U06926,ENERGIA,46.15,,126.42,13.73,65.96,2,1,85,73.8,1740.47,NORMAL,0
U06674,SAUDE,36.01,2.495,134.02,,65.59,4,0,26,44.23,942.58,NORMAL,0
U05091,TRANSITO,44.79,2.687,135.44,38.45,68.23,0,1,74,78.5,920.02,NORMAL,0
U04704,AGUA,40.7,1.352,147.53,37.44,73.91,7,1,121,52.24,1194.99,NORMAL,0
U03169,ENERGIA,50.09,3.096,100.99,94.0,56.37,2,1,76,61.31,994.05,CRITICO,1
U03791,ENERGIA,191.9,3.118,144.81,21.98,77.93,3,0,105,49.64,1318.33,URGENTE,0
U00256,TRANSITO,41.18,2.479,128.14,69.17,67.12,3,1,50,66.33,1082.77,NORMAL,0
U06844,TELECOM,55.57,2.543,142.97,16.23,89.18,6,1,93,67.52,1359.37,CRITICO,1
U06181,TELECOM,53.62,3.197,150.69,49.29,75.95,3,2,92,40.2,1289.9,CRITICO,1
U03315,SAUDE,35.65,1.474,122.7,31.34,58.83,2,0,109,64.93,1331.09,NORMAL,0
U05053,TELECOM,47.84,2.351,145.77,60.34,71.08,4,0,64,67.46,1075.43,CRITICO,1
U01474,SAUDE,252.52,3.927,135.63,25.54,87.55,7,1,51,73.96,1064.4,NORMAL,0
U05991,SAUDE,39.95,3.26,117.88,29.26,57.5,2,0,103,64.43,1364.26,NORMAL,0
U07335,ENERGIA,46.57,2.77,112.52,13.86,36.96,3,2,56,80.6,985.13,NORMAL,0
U08240,TRANSITO,52.6,2.974,143.61,50.14,79.8,4,1,124,89.03,1377.88,NORMAL,1
U03446,SAUDE,44.21,1.772,107.39,91.67,52.8,3,2,63,61.26,1083.79,CRITICO,0
U02578,AGUA,40.54,4.167,152.19,2.0,81.21,2,1,113,83.81,959.17,NORMAL,0
U03990,ENERGIA,34.41,,71.56,66.8,21.21,1,0,102,68.63,492.12,NORMAL,0
U00340,TELECOM,45.72,4.066,110.02,41.5,65.65,8,0,77,77.56,682.97,URGENTE,1
U08010,TRANSITO,53.29,3.947,135.96,45.8,67.67,2,2,66,72.25,999.84,NORMAL,0
U08735,TELECOM,47.66,2.625,149.02,89.55,76.21,5,0,96,75.3,1077.85,CRITICO,1
U06705,TELECOM,48.0,2.538,89.75,44.43,53.11,2,0,29,66.39,769.63,NORMAL,0
U09150,ENERGIA,44.87,1.235,92.2,88.65,49.1,2,1,23,60.58,475.89,NORMAL,0
U06389,AGUA,42.46,5.348,181.96,58.0,83.75,2,1,138,82.31,1258.3,CRITICO,1
U09080,ENERGIA,49.42,2.984,84.91,50.61,39.29,4,0,9,75.57,898.96,NORMAL,0
U05337,AGUA,39.15,3.119,143.35,101.71,82.85,7,1,77,59.74,1216.35,NORMAL,0
U00675,ENERGIA,234.67,2.265,114.26,22.98,55.63,3,0,94,54.95,803.03,NORMAL,0
U06510,SAUDE,25.68,1.596,143.3,61.45,61.34,8,0,110,74.52,1330.55,NORMAL,0
U01818,TELECOM,46.55,9.592,127.39,77.68,55.91,4,0,102,47.81,1179.0,CRITICO,1
U01999,SAUDE,46.94,2.119,135.12,176.42,61.63,4,1,32,50.21,1114.5,NORMAL,0
U04688,ENERGIA,49.28,3.757,123.18,9.7,51.99,0,1,12,18.75,796.35,NORMAL,0
U03055,AGUA,39.64,1.27,153.74,24.4,70.67,2,0,31,44.18,990.96,NORMAL,0
U08589,TRANSITO,37.69,2.436,78.58,31.7,40.96,4,0,15,58.71,612.9,NORMAL,0
U01920,ENERGIA,42.18,3.369,78.2,51.45,28.64,1,0,85,39.72,1243.6,URGENTE,0
U02997,AGUA,37.78,2.721,120.41,47.32,44.27,2,0,125,71.71,781.46,URGENTE,0
U08997,SAUDE,46.02,2.486,102.36,46.53,60.18,3,0,59,52.83,1084.71,NORMAL,0
U06563,SAUDE,,3.142,100.2,79.89,64.13,4,4,42,82.9,686.7,NORMAL,0
U02951,TELECOM,60.81,2.328,162.12,36.77,86.61,2,0,103,67.86,1335.95,NORMAL,0
U04228,SAUDE,44.06,2.062,158.2,24.68,54.43,1,0,79,70.77,1014.59,URGENTE,0
U05955,SAUDE,39.93,1.885,97.62,51.22,44.27,3,0,80,72.43,727.79,NORMAL,0
U07310,TELECOM,42.62,4.063,92.11,35.52,30.13,5,0,61,73.17,598.41,NORMAL,0
U09450,TRANSITO,47.78,2.121,135.79,52.93,90.01,4,1,59,97.94,1574.62,NORMAL,0
U09523,ENERGIA,53.26,2.896,128.88,29.49,61.28,4,0,51,48.87,1027.57,NORMAL,0
U03340,AGUA,171.93,2.055,113.55,51.6,40.92,1,0,89,52.84,680.04,NORMAL,0
U00010,ENERGIA,49.84,2.751,88.77,71.99,41.43,2,0,17,51.45,766.72,NORMAL,0
U00756,SAUDE,45.21,1.784,97.14,33.14,57.73,2,0,137,97.01,962.8,NORMAL,0
U09837,TRANSITO,,3.71,180.35,41.21,98.58,6,0,143,74.38,1105.36,NORMAL,0
U06239,AGUA,36.7,2.195,93.22,20.33,37.27,3,0,79,64.18,1279.16,NORMAL,0
U07513,TELECOM,38.92,1.078,61.18,39.87,39.84,0,0,78,79.72,759.74,NORMAL,1
U04362,ENERGIA,54.2,3.088,117.56,16.07,62.61,4,0,69,45.45,1210.44,NORMAL,0
U08099,ENERGIA,44.5,3.268,132.45,64.91,43.59,4,0,12,49.68,840.33,CRITICO,1
U05582,ENERGIA,41.8,4.193,113.98,42.95,60.92,4,0,26,63.34,943.74,NORMAL,0
U00429,TELECOM,,1.074,145.3,64.6,50.08,1,0,106,46.02,762.14,NORMAL,0
U00768,TELECOM,51.56,2.884,138.16,27.54,80.03,0,0,72,60.3,1339.89,NORMAL,0
U00148,ENERGIA,47.5,3.474,107.9,10.71,53.05,1,0,125,44.2,843.74,NORMAL,0
U07300,ENERGIA,38.7,4.259,73.54,51.59,61.63,3,1,60,22.57,731.58,NORMAL,0
U00900,TRANSITO,37.88,2.677,43.83,21.48,53.9,4,1,4,48.39,1033.93,NORMAL,0
U04949,ENERGIA,42.46,3.704,138.5,24.86,56.84,6,1,116,36.82,760.79,NORMAL,0
U07525,TRANSITO,50.08,3.977,120.71,30.71,67.1,3,0,77,61.53,799.89,NORMAL,0
U09032,AGUA,48.84,0.897,55.22,79.14,32.46,1,1,42,35.8,1068.52,NORMAL,0
U03714,TELECOM,42.61,2.983,77.34,,35.62,2,1,52,55.23,346.81,NORMAL,0
U00448,SAUDE,45.08,1.467,170.24,66.82,77.99,2,0,110,31.07,1395.74,NORMAL,0
U08746,TRANSITO,48.48,3.21,109.36,,57.9,1,0,137,51.25,758.08,NORMAL,0
U08106,AGUA,34.87,1.939,79.64,55.59,14.25,2,0,53,70.75,568.02,NORMAL,0
U01305,TELECOM,46.18,1.484,124.49,18.73,55.07,1,2,6,95.99,1463.77,NORMAL,0
U09000,TRANSITO,42.02,2.573,68.59,34.5,61.59,7,0,50,54.29,1016.39,NORMAL,0
U08136,ENERGIA,42.16,,90.17,44.84,47.74,5,0,136,83.21,1111.61,NORMAL,0
U03467,SAUDE,42.09,2.926,120.32,30.19,60.1,3,0,116,37.62,866.01,NORMAL,0
U07916,SAUDE,32.84,1.81,113.78,118.05,52.23,1,2,77,75.76,869.46,NORMAL,0
U03771,TRANSITO,41.96,2.771,112.66,53.68,57.15,3,1,98,72.99,734.07,NORMAL,0
U06235,ENERGIA,45.79,3.482,95.62,34.57,74.46,1,1,7,88.62,1189.06,NORMAL,0
U09207,TELECOM,,2.129,142.03,33.72,72.32,3,0,125,58.59,995.14,NORMAL,0
U04328,SAUDE,33.27,1.642,107.9,24.85,58.79,3,0,72,59.51,1106.11,URGENTE,0
U02073,SAUDE,42.0,2.678,66.68,9.75,55.75,3,1,52,46.35,1056.37,NORMAL,0
U00641,TRANSITO,,2.173,60.5,7.94,41.69,3,0,26,49.85,404.89,NORMAL,0
U02663,ENERGIA,44.77,3.104,109.76,31.27,57.26,2,1,93,77.81,1196.94,NORMAL,0
U04168,TRANSITO,34.8,4.323,60.29,21.82,28.32,3,0,128,66.93,526.47,NORMAL,0
U01479,TRANSITO,39.07,1.771,95.43,46.64,57.14,4,0,27,62.01,995.58,NORMAL,0
U00326,TRANSITO,44.94,,132.81,103.77,65.46,5,0,88,45.73,1450.16,NORMAL,0
U02957,ENERGIA,45.01,3.473,122.35,51.3,47.49,1,1,116,29.34,761.7,NORMAL,0
U06468,TRANSITO,40.85,2.928,64.63,79.41,53.77,1,2,22,98.38,903.97,NORMAL,0
U04486,ENERGIA,56.97,,162.4,6.58,79.6,5,1,83,56.69,1073.09,NORMAL,0
U02437,TELECOM,50.03,1.727,142.9,92.71,80.88,4,1,35,74.41,1378.39,NORMAL,0
U02648,ENERGIA,44.67,3.839,175.46,68.88,76.59,4,0,118,58.19,1117.07,NORMAL,0
U05678,TELECOM,45.77,1.95,116.42,36.49,56.06,2,0,74,75.38,979.26,NORMAL,0
U08278,SAUDE,49.11,2.801,119.24,13.81,58.2,1,0,38,47.79,1216.17,NORMAL,0
U08465,ENERGIA,40.44,1.964,45.23,144.02,17.74,2,1,75,56.01,1254.84,NORMAL,0
U02307,AGUA,46.0,1.997,119.65,54.59,71.52,5,1,89,55.36,894.9,NORMAL,0
U06549,ENERGIA,,2.282,103.48,13.99,60.68,3,1,81,85.6,1262.71,NORMAL,0
U00883,TRANSITO,46.09,3.118,93.14,23.73,43.12,1,0,87,33.83,472.16,NORMAL,0
U07124,SAUDE,46.18,1.317,11.81,34.64,5.0,1,0,10,42.67,68.11,NORMAL,0
U01227,TRANSITO,47.82,,120.92,48.74,55.54,5,1,112,79.65,1031.93,NORMAL,0
U06316,TRANSITO,40.65,2.982,99.24,18.14,53.63,2,0,96,80.44,1270.7,NORMAL,0
U05588,AGUA,,2.448,147.84,15.58,61.74,1,0,135,46.37,960.75,NORMAL,0
U02731,SAUDE,37.73,2.217,103.94,80.21,59.36,2,0,72,61.23,789.76,NORMAL,0
U01013,ENERGIA,46.13,3.67,123.65,9.27,45.68,2,0,89,69.2,847.02,NORMAL,0
U02909,TRANSITO,48.76,2.789,115.07,,64.79,2,2,121,67.65,1030.05,NORMAL,0
U00024,SAUDE,46.74,2.894,130.93,70.43,53.36,3,0,131,87.21,1107.22,NORMAL,0
U06341,AGUA,38.13,3.25,73.35,64.7,32.32,0,1,66,40.73,846.08,NORMAL,0
U01752,TELECOM,43.7,2.075,72.42,50.73,48.91,4,2,92,62.55,478.67,NORMAL,0
U04198,TRANSITO,41.2,1.818,68.15,37.4,22.3,2,2,87,48.76,639.19,NORMAL,0
U00772,TRANSITO,48.3,1.827,129.49,83.07,65.15,2,0,68,86.83,1047.01,NORMAL,0
U04574,TELECOM,54.59,3.257,78.93,36.86,66.58,3,0,112,55.97,1410.81,NORMAL,0
U07584,TRANSITO,47.14,3.064,103.34,27.76,55.81,6,0,16,86.11,1069.63,NORMAL,0
U02996,TELECOM,54.77,2.742,141.1,53.16,79.05,1,0,37,60.85,1294.15,NORMAL,0
U02075,TELECOM,48.41,1.849,100.8,25.85,42.97,2,0,71,37.77,607.12,NORMAL,0
U09213,TRANSITO,224.86,2.642,126.83,34.78,67.11,1,1,101,60.65,1385.09,NORMAL,0
U04054,AGUA,43.85,2.122,124.29,70.03,56.25,6,0,101,56.23,661.92,NORMAL,0
U08093,AGUA,126.69,3.001,103.52,19.54,60.95,2,0,140,81.7,1140.72,NORMAL,0
U03043,TELECOM,40.14,3.215,131.11,38.38,77.82,9,2,11,79.16,1452.54,NORMAL,0
U02475,TELECOM,44.59,2.918,128.72,39.19,56.11,1,0,112,53.54,876.32,NORMAL,0
U01473,SAUDE,39.91,1.972,105.28,90.35,71.15,4,1,30,74.32,942.26,URGENTE,0
U02136,ENERGIA,49.79,4.828,101.38,26.66,55.9,2,0,10,64.08,1304.38,CRITICO,0
U06361,AGUA,39.99,,106.91,13.15,47.5,1,0,106,39.39,722.74,NORMAL,0
U04043,AGUA,35.13,1.744,124.6,52.37,68.17,1,0,39,61.67,923.46,NORMAL,0
U01175,AGUA,38.64,2.757,112.06,46.33,66.79,1,1,131,67.59,699.3,NORMAL,0
U04639,SAUDE,51.62,3.345,151.6,,71.79,3,0,138,43.09,1240.79,NORMAL,0
U05835,TRANSITO,,4.173,156.74,51.01,97.22,1,0,24,83.54,1423.28,NORMAL,0
U03360,AGUA,43.83,3.441,165.62,45.49,66.39,0,1,104,64.97,1169.09,CRITICO,0
U09075,TRANSITO,46.83,,121.49,54.94,57.41,4,0,8,76.48,1343.31,NORMAL,0
U09736,SAUDE,41.13,1.882,87.4,35.37,50.07,3,0,8,75.71,1082.29,NORMAL,0
U04744,ENERGIA,57.62,5.937,167.06,16.44,97.45,7,0,30,55.77,1470.12,CRITICO,1
U09420,ENERGIA,148.81,4.006,157.54,,72.6,3,0,141,56.25,1233.53,NORMAL,0
U03750,ENERGIA,52.35,2.735,163.13,16.82,100.0,4,0,81,78.21,1303.26,CRITICO,1
U02383,AGUA,37.89,,142.4,,80.31,4,1,77,66.83,1132.07,NORMAL,0
U03915,TRANSITO,47.72,5.014,133.95,9.55,82.77,0,1,74,61.65,1501.92,NORMAL,0
U07274,AGUA,43.38,3.388,91.27,,54.03,1,0,31,63.37,880.08,URGENTE,0
U01018,SAUDE,33.61,3.238,178.37,59.35,76.21,3,0,31,40.88,1162.96,NORMAL,0
U00470,ENERGIA,43.87,2.447,157.86,91.51,61.46,6,0,128,74.63,1042.11,NORMAL,0
U03036,TRANSITO,49.97,2.849,167.69,36.09,65.06,4,0,122,71.26,1244.89,NORMAL,0
U04253,SAUDE,44.61,2.534,119.29,26.35,65.23,1,1,59,85.63,1275.47,NORMAL,0
U09801,AGUA,28.75,1.564,93.21,33.73,36.08,4,0,80,64.32,798.74,NORMAL,0
U00272,TELECOM,47.54,2.231,117.51,39.78,73.02,6,0,30,65.12,858.76,NORMAL,0
U03774,TELECOM,46.91,2.685,115.21,34.45,74.15,3,1,37,73.98,1432.56,NORMAL,0
U03070,ENERGIA,47.29,,103.73,41.48,47.89,5,1,27,39.35,1193.0,CRITICO,0
U05167,AGUA,44.93,4.118,147.5,34.86,72.32,0,2,121,51.53,1213.93,NORMAL,0
U06517,TRANSITO,53.53,2.776,136.4,78.18,60.23,5,0,113,64.8,631.68,NORMAL,0
U07401,TRANSITO,31.24,2.489,128.35,62.82,36.37,3,0,46,75.64,615.76,NORMAL,0
U02908,SAUDE,32.15,2.672,129.17,31.86,67.19,3,2,106,34.2,1313.28,NORMAL,0
U04472,TELECOM,48.68,1.584,101.29,108.99,73.67,2,2,8,83.71,1736.21,NORMAL,0
U08114,TRANSITO,35.85,1.19,81.38,20.59,27.17,4,0,141,72.0,622.83,NORMAL,0
U07231,SAUDE,40.59,2.319,85.96,59.31,28.03,1,2,59,64.29,493.93,NORMAL,0
U08153,TELECOM,43.67,0.368,36.19,71.91,36.63,2,1,6,81.66,757.9,NORMAL,0
U05598,AGUA,43.02,2.599,174.56,66.45,69.45,3,0,103,52.73,1225.68,NORMAL,0
U07189,TELECOM,53.79,9.31,175.52,61.76,87.21,4,2,107,66.56,1647.37,URGENTE,1
U05766,ENERGIA,50.42,3.335,112.12,127.7,62.24,4,0,62,54.46,938.27,CRITICO,1
U05601,SAUDE,43.72,2.976,181.26,45.22,62.71,3,0,131,50.06,863.46,NORMAL,0
U02955,TELECOM,51.19,1.416,70.69,31.47,47.54,1,0,63,71.55,1018.63,NORMAL,0
U01555,ENERGIA,52.13,4.423,128.72,106.16,78.25,2,1,113,39.23,1256.23,CRITICO,1
U03429,ENERGIA,38.59,3.099,99.25,39.61,39.06,3,0,141,79.74,867.42,NORMAL,0
U07717,SAUDE,44.85,2.266,133.37,48.74,67.32,3,0,74,59.2,1135.99,NORMAL,0
U01745,SAUDE,42.06,3.139,137.07,15.42,69.27,2,0,123,95.12,1405.37,NORMAL,0
U00506,ENERGIA,44.34,1.133,130.22,80.46,61.91,3,0,142,68.72,1168.86,URGENTE,0
U08823,TELECOM,42.84,0.792,129.83,59.23,67.09,3,0,128,57.95,1100.69,NORMAL,0
U09925,SAUDE,146.23,2.895,193.65,32.99,83.54,2,0,79,75.63,1430.49,NORMAL,0
U07666,ENERGIA,40.86,2.466,99.91,52.56,52.44,2,0,88,80.67,1056.25,URGENTE,0
U04623,TRANSITO,44.15,2.416,67.7,35.07,45.95,1,0,9,47.31,783.55,NORMAL,0
U00325,ENERGIA,196.17,3.945,180.65,63.49,92.08,2,0,59,67.98,1357.36,NORMAL,0
U02171,SAUDE,48.09,4.089,143.61,41.49,80.57,6,1,67,41.32,1339.21,NORMAL,0
U06647,SAUDE,40.35,2.428,142.69,40.67,74.25,6,0,140,69.39,1128.12,NORMAL,0
U05420,TELECOM,48.99,2.104,116.61,45.76,58.98,1,2,58,33.27,923.8,NORMAL,0
U01948,SAUDE,41.61,8.885,153.08,29.1,82.95,4,0,130,79.89,944.85,CRITICO,1
U07709,ENERGIA,56.8,2.816,166.82,47.42,61.6,2,1,138,50.56,1363.04,NORMAL,0
U02916,ENERGIA,49.26,,92.9,81.28,60.6,2,0,78,43.03,733.81,NORMAL,0
U00109,AGUA,40.04,3.87,156.38,69.52,70.55,5,0,140,39.04,1505.73,NORMAL,0
U06509,TELECOM,41.65,2.675,116.28,56.15,51.18,3,1,135,48.78,1013.25,NORMAL,0
U04340,SAUDE,45.22,2.58,177.4,43.33,83.75,2,0,58,56.5,1284.71,NORMAL,0
U03239,TRANSITO,52.16,1.938,142.41,53.8,75.68,3,0,110,47.99,1257.23,URGENTE,0
U02591,SAUDE,32.4,2.921,85.44,61.88,30.47,2,0,37,35.41,778.04,NORMAL,0
U08304,AGUA,35.88,3.184,137.39,19.64,54.85,2,1,103,72.93,1046.43,NORMAL,0
U03523,TRANSITO,49.35,2.703,105.93,20.76,52.31,1,1,109,45.29,1489.53,NORMAL,0
U02528,SAUDE,38.32,2.151,103.85,10.98,45.14,2,0,115,73.45,762.33,URGENTE,0
U01183,ENERGIA,44.05,2.246,116.54,15.23,58.19,4,0,82,72.97,1205.39,NORMAL,0
U08391,TRANSITO,60.32,2.572,165.08,88.72,84.49,2,1,86,65.09,1368.93,NORMAL,1
U09264,TELECOM,59.61,2.596,102.14,27.03,65.5,2,0,81,41.53,1390.23,NORMAL,0
U08786,AGUA,51.78,2.871,121.59,116.09,59.4,1,0,25,70.24,1239.44,NORMAL,0
U08439,SAUDE,47.03,1.663,100.98,13.11,30.9,2,1,123,57.43,829.03,NORMAL,0
U07865,SAUDE,54.66,1.549,145.94,33.11,75.75,3,0,88,62.8,1286.11,CRITICO,1
U00254,TELECOM,45.75,2.753,144.46,34.24,49.95,0,0,81,65.29,769.15,NORMAL,0
U03040,TRANSITO,117.92,2.748,100.1,55.54,67.82,0,0,18,80.84,1379.79,NORMAL,0
U08570,TELECOM,47.28,2.353,133.94,25.65,75.36,3,0,135,74.16,953.66,NORMAL,0
U09098,ENERGIA,42.68,1.691,68.96,44.85,57.39,2,1,22,89.47,916.26,NORMAL,0
U01260,AGUA,41.04,2.989,156.87,63.85,79.31,2,2,25,75.62,1081.46,NORMAL,0
U09601,AGUA,35.59,3.988,123.95,64.74,77.3,3,0,77,54.65,1432.32,NORMAL,0
U07125,SAUDE,176.96,1.889,209.93,55.85,94.05,6,0,122,88.16,1465.3,CRITICO,1
U07220,AGUA,47.13,1.725,123.02,119.57,53.56,6,0,118,68.98,835.06,NORMAL,0
U00695,TRANSITO,41.83,2.767,34.86,43.57,22.16,3,0,125,76.57,367.29,NORMAL,0
U01921,TRANSITO,38.81,1.729,118.69,64.7,51.6,5,1,27,66.93,776.78,NORMAL,0
U05175,SAUDE,31.96,2.18,84.64,104.0,70.45,0,0,18,77.88,1228.14,NORMAL,0
U03948,ENERGIA,47.96,2.016,104.41,49.16,45.49,2,2,143,35.69,908.02,NORMAL,0
U04248,AGUA,37.37,2.321,99.73,,49.04,5,0,72,47.03,751.73,NORMAL,0
U05932,TELECOM,43.43,1.802,90.39,60.96,41.93,5,1,89,71.97,637.91,NORMAL,0
U04291,SAUDE,42.78,4.01,189.81,50.58,91.1,5,0,133,42.88,1411.11,NORMAL,0
U09004,AGUA,42.52,2.02,91.29,18.79,40.72,1,0,84,37.38,661.11,NORMAL,0
U09239,TRANSITO,,2.556,137.9,25.05,53.93,1,0,102,81.5,893.79,NORMAL,0
U09798,AGUA,42.18,4.094,164.34,71.64,79.51,3,2,79,57.9,931.04,NORMAL,0
U03202,TRANSITO,50.72,2.075,137.52,13.86,81.32,2,1,66,58.89,1390.92,URGENTE,1
U02262,SAUDE,46.02,8.556,193.1,169.87,100.0,6,0,62,76.17,1551.23,URGENTE,1
U08200,TELECOM,108.87,4.361,157.69,12.37,91.88,9,0,124,67.9,1391.3,NORMAL,0
U00604,ENERGIA,52.56,3.857,141.17,168.74,94.65,7,0,7,78.09,1564.58,CRITICO,1
U08132,ENERGIA,50.15,5.169,154.56,27.06,81.16,0,0,88,57.15,1435.63,NORMAL,0
U08035,ENERGIA,50.77,3.279,83.02,77.4,43.94,1,1,44,73.21,1071.18,NORMAL,0
U05539,AGUA,44.84,2.947,140.38,24.91,74.73,1,0,12,39.6,1050.63,NORMAL,0
U01492,ENERGIA,125.36,4.738,155.28,12.01,88.31,2,0,25,79.67,1468.1,NORMAL,1
U01267,TRANSITO,49.97,11.182,150.75,63.37,95.17,4,0,141,66.26,1774.46,URGENTE,1
U02864,TRANSITO,50.71,1.489,123.98,68.06,55.17,2,0,36,59.84,865.15,NORMAL,0
U04700,TELECOM,48.9,2.737,154.01,,73.02,4,3,96,71.32,1144.17,NORMAL,0
U00798,TRANSITO,41.94,2.228,149.52,115.41,74.23,1,0,138,75.55,1159.18,NORMAL,0
U06611,ENERGIA,55.56,3.522,185.75,94.13,82.37,0,0,143,93.05,1439.02,NORMAL,0
U06221,ENERGIA,48.97,2.775,130.73,27.35,64.47,4,0,51,15.0,936.11,NORMAL,0
U07167,SAUDE,30.31,0.0,29.93,40.26,7.48,3,0,21,68.94,157.0,NORMAL,0
U08311,SAUDE,38.75,2.727,153.24,5.47,78.03,3,1,43,59.83,936.86,URGENTE,0
U09234,ENERGIA,41.23,3.13,83.13,73.59,58.48,4,0,47,70.25,908.37,NORMAL,0
U09794,ENERGIA,46.03,2.971,99.5,44.89,55.68,0,3,66,56.07,851.79,URGENTE,1
U08349,TELECOM,48.36,2.29,146.32,16.17,53.75,3,0,64,77.63,1095.53,NORMAL,0
U00404,SAUDE,32.69,2.341,133.31,9.91,65.87,3,0,34,66.28,1351.43,NORMAL,0
U05479,SAUDE,47.01,2.035,139.45,44.29,76.89,2,2,82,63.83,1452.71,NORMAL,0
U07975,ENERGIA,187.96,3.646,110.53,17.46,65.53,4,3,139,41.4,1230.35,NORMAL,0
U05778,TELECOM,50.41,2.777,104.01,39.37,56.43,4,0,113,49.24,807.27,NORMAL,0
U07232,TELECOM,,,66.67,79.14,35.88,2,0,30,68.94,1002.38,NORMAL,0
U00817,TRANSITO,35.47,2.676,73.95,16.19,25.84,1,0,54,89.29,514.57,CRITICO,0
U00628,TRANSITO,42.76,2.536,70.79,24.38,46.78,5,1,31,51.53,745.57,NORMAL,0
U02792,ENERGIA,50.6,3.49,113.54,63.24,56.33,4,1,80,56.37,976.75,NORMAL,0
U01750,SAUDE,32.79,2.459,121.99,13.35,76.24,6,0,6,68.37,909.62,NORMAL,0
U08138,TRANSITO,,,152.0,71.7,87.51,7,2,56,70.69,1776.85,URGENTE,1
U03535,ENERGIA,57.77,3.472,127.87,89.29,68.28,2,0,96,55.2,953.75,CRITICO,1
U09266,ENERGIA,51.71,3.885,117.28,66.7,56.84,3,1,42,60.33,1068.98,NORMAL,0
U03086,ENERGIA,47.48,2.843,116.42,54.67,66.1,1,0,97,70.94,1092.91,CRITICO,1
U09476,ENERGIA,53.37,4.127,148.12,42.66,85.33,4,0,126,54.26,1003.68,CRITICO,1
U02671,ENERGIA,45.85,4.536,170.35,37.11,97.86,3,0,115,77.7,1304.64,NORMAL,0
U07233,SAUDE,44.7,3.426,101.39,72.33,46.86,4,1,44,70.8,1088.05,NORMAL,0
U00584,AGUA,,2.515,100.94,39.55,44.7,1,1,105,65.87,899.33,NORMAL,0
U04372,SAUDE,36.73,2.285,76.2,54.51,49.52,2,0,28,39.06,889.4,NORMAL,0
U05175,SAUDE,31.96,2.18,84.64,104.0,70.45,0,0,18,77.88,1228.14,NORMAL,0
U05698,TELECOM,48.87,2.857,87.76,60.13,36.91,3,1,113,58.74,655.37,CRITICO,1
U04955,AGUA,,3.74,146.88,18.14,70.32,4,0,75,77.66,886.92,NORMAL,0
U08635,SAUDE,40.86,2.185,125.48,38.38,39.88,3,0,117,73.49,813.66,NORMAL,0
U03658,ENERGIA,49.15,2.787,104.24,24.48,46.88,3,0,46,78.63,635.87,NORMAL,0
U02059,ENERGIA,49.69,3.171,121.01,43.86,65.96,4,1,17,52.73,1028.25,NORMAL,0
U06264,ENERGIA,53.08,4.129,146.25,15.7,94.57,5,1,10,49.91,1336.57,NORMAL,0
U06297,TRANSITO,46.71,2.833,112.63,27.44,40.44,3,1,97,45.39,850.96,NORMAL,0
U00673,TRANSITO,49.34,1.607,89.83,,60.7,7,0,33,62.5,1000.5,NORMAL,0
U06901,ENERGIA,46.22,2.016,47.0,15.08,36.98,4,1,58,24.69,656.73,NORMAL,0
U09785,TELECOM,40.88,0.581,74.12,13.27,34.88,2,0,111,91.94,707.05,NORMAL,0
U04797,ENERGIA,50.12,3.454,136.91,26.31,71.62,2,1,92,65.61,1307.3,NORMAL,0
U01173,TRANSITO,44.55,3.382,92.02,32.69,42.43,0,1,11,49.04,1221.1,URGENTE,0
U00593,TELECOM,44.94,2.388,117.73,5.22,56.04,1,0,130,58.87,1081.93,URGENTE,0
U08076,TRANSITO,53.97,2.17,175.22,114.57,90.21,3,2,67,75.25,1351.84,NORMAL,0
U00929,AGUA,43.53,3.487,158.94,43.1,70.53,3,0,109,85.3,964.63,NORMAL,0
U01071,SAUDE,45.82,2.31,114.32,39.02,43.53,1,1,48,60.54,1056.68,NORMAL,0
U06088,AGUA,46.64,1.935,99.32,43.57,59.44,6,1,26,59.12,898.93,NORMAL,0
U07623,SAUDE,43.14,2.453,73.9,17.65,44.19,4,0,8,76.84,667.36,NORMAL,0
U08832,AGUA,42.32,1.666,138.97,13.0,72.14,3,0,21,82.93,1409.39,NORMAL,0
U09011,AGUA,40.53,2.329,100.63,66.26,52.95,2,0,88,42.41,550.09,NORMAL,0
U05489,AGUA,54.23,4.06,162.69,,100.0,4,0,99,52.5,1540.5,URGENTE,0
U05434,SAUDE,41.84,2.235,80.65,67.76,42.75,3,0,51,66.61,731.0,URGENTE,0
U00499,SAUDE,41.97,,149.23,71.06,47.63,3,1,122,17.28,1045.75,NORMAL,0
U01313,AGUA,116.29,2.335,97.43,40.97,55.67,2,0,76,75.14,1119.79,NORMAL,0
U09567,SAUDE,167.92,3.057,121.14,17.9,58.19,2,0,60,48.51,1042.86,NORMAL,0
U06451,ENERGIA,54.75,3.682,154.27,102.62,69.02,1,1,137,58.12,875.01,NORMAL,0
U05666,TELECOM,52.94,4.021,81.53,85.24,52.94,3,2,13,66.83,652.5,NORMAL,0
U07285,AGUA,46.89,3.606,102.61,19.41,59.03,4,0,42,83.19,886.55,NORMAL,0
U07405,TRANSITO,50.06,3.536,102.81,41.0,67.61,2,1,103,83.04,1037.97,NORMAL,0
U05176,TRANSITO,55.56,1.888,105.97,75.18,49.56,1,0,115,89.3,711.08,NORMAL,0
U00380,AGUA,43.59,2.848,104.44,22.85,53.83,4,0,93,59.58,1304.95,NORMAL,0
U04506,SAUDE,46.91,2.206,130.01,94.69,52.29,2,1,123,71.41,836.46,NORMAL,0
U06037,TRANSITO,,2.454,126.6,45.91,82.82,2,0,64,77.63,982.43,NORMAL,0
U07342,ENERGIA,40.55,2.675,113.68,48.77,42.24,1,0,124,75.59,942.62,NORMAL,1
U03847,SAUDE,49.85,2.845,118.64,25.02,55.36,4,1,13,77.38,1176.17,NORMAL,0
U09038,SAUDE,47.53,2.359,195.34,44.19,100.0,3,0,140,68.18,1705.37,CRITICO,0
U00566,ENERGIA,57.03,4.156,157.39,84.66,92.23,3,0,133,90.12,1789.04,NORMAL,0
U00868,SAUDE,46.58,1.37,136.37,95.07,83.02,5,0,51,26.94,1699.14,NORMAL,0
U06781,SAUDE,50.38,3.288,162.26,18.94,77.8,4,0,128,95.84,845.51,NORMAL,0
U01080,SAUDE,39.78,1.901,117.85,88.88,58.25,5,0,46,59.1,1016.38,NORMAL,0
U00185,ENERGIA,55.18,3.156,124.45,106.85,79.67,3,2,28,70.35,1678.18,CRITICO,1
U06988,TRANSITO,40.62,2.215,114.33,179.85,44.13,4,2,107,37.25,766.21,NORMAL,0
U09001,AGUA,29.64,3.569,113.56,,57.56,3,0,64,38.14,1070.23,NORMAL,0
U03400,TRANSITO,189.58,4.677,171.1,86.88,66.05,5,0,114,44.63,941.02,NORMAL,0
U02039,SAUDE,48.7,3.248,107.51,67.79,82.64,9,0,46,55.02,1204.22,NORMAL,0
U02149,TRANSITO,45.41,1.765,104.86,62.14,46.77,3,1,74,70.85,1233.94,NORMAL,0
U05446,AGUA,45.83,3.098,129.47,87.85,63.01,0,1,105,58.92,1241.31,NORMAL,0
U00807,TRANSITO,46.01,1.881,105.24,27.35,62.26,0,1,82,79.57,1135.81,NORMAL,0
U06090,SAUDE,42.39,3.094,103.24,86.61,80.69,2,2,26,85.25,1348.73,NORMAL,0
U05882,TRANSITO,46.04,2.805,103.11,4.99,49.8,4,0,136,58.92,1184.42,NORMAL,0
U02353,ENERGIA,51.69,7.886,122.78,62.83,72.74,4,1,25,43.87,1083.09,CRITICO,1
U01691,ENERGIA,53.36,2.929,145.29,60.77,63.47,3,1,123,86.21,1042.22,NORMAL,1
U01194,SAUDE,41.4,1.654,131.06,7.51,56.47,2,0,97,55.74,991.2,NORMAL,0
U09935,ENERGIA,48.99,3.012,140.53,26.46,75.18,2,0,87,75.37,1258.68,URGENTE,0
U09144,AGUA,38.75,2.274,133.48,27.55,68.95,3,1,22,78.34,1298.77,NORMAL,0
U04365,TELECOM,57.74,3.421,164.93,36.26,100.0,6,0,116,57.78,1477.02,NORMAL,0
U04146,ENERGIA,46.97,2.811,122.33,75.7,71.71,3,1,87,46.48,1247.46,NORMAL,0
U09965,TRANSITO,52.25,2.602,100.99,60.98,43.99,1,0,100,40.92,993.02,NORMAL,0
U01947,SAUDE,37.19,1.394,75.3,41.76,52.84,4,0,41,90.94,869.49,NORMAL,0
U01952,TELECOM,42.92,0.0,68.76,27.37,20.91,0,0,97,57.52,423.68,NORMAL,0
U03229,ENERGIA,50.5,2.999,106.8,44.98,50.98,1,1,64,37.08,926.96,NORMAL,0
U08947,SAUDE,41.83,2.112,122.83,53.59,71.96,1,2,48,59.69,1314.44,NORMAL,0
U04866,ENERGIA,51.91,3.983,86.47,98.44,55.39,1,1,3,46.93,942.97,NORMAL,0
U03349,TELECOM,28.8,0.826,67.82,85.78,11.0,0,1,142,56.29,545.66,NORMAL,0
U00851,AGUA,38.72,1.547,102.86,35.09,50.99,3,0,144,62.4,818.7,NORMAL,0
U08118,AGUA,37.3,4.239,163.29,94.55,72.57,1,0,139,60.09,1405.63,NORMAL,0
U03468,TRANSITO,,0.759,96.71,21.32,49.7,4,0,65,75.3,409.66,NORMAL,0
U07558,SAUDE,39.32,2.581,133.23,75.54,75.94,5,1,109,84.49,833.26,NORMAL,0
U02246,ENERGIA,53.52,2.939,123.04,53.08,69.18,3,0,21,56.43,1156.46,CRITICO,1
U05732,TRANSITO,43.1,3.637,161.84,40.92,83.65,4,0,87,81.56,1153.97,NORMAL,0
U02763,AGUA,35.38,1.794,96.62,27.14,58.64,4,0,21,85.09,1045.87,CRITICO,0
U01539,AGUA,37.07,4.842,93.74,82.72,65.77,1,1,27,70.25,1376.02,NORMAL,0
U05373,AGUA,29.08,3.122,134.11,154.58,86.8,6,0,121,67.05,1636.02,URGENTE,0
U02506,AGUA,39.82,1.936,70.2,30.63,61.19,0,0,67,59.42,627.36,NORMAL,0
U00043,ENERGIA,44.39,3.021,142.05,85.56,53.82,2,0,69,100.0,768.99,NORMAL,0
U03825,SAUDE,38.97,1.1,92.96,33.99,45.72,1,2,22,83.68,951.44,NORMAL,0
U02517,SAUDE,36.11,2.855,171.3,96.1,73.68,6,0,94,57.58,1170.07,NORMAL,0
U09156,TRANSITO,43.04,2.411,96.66,44.43,60.38,0,0,11,45.16,1071.01,NORMAL,0
U01089,SAUDE,44.29,3.22,132.54,33.07,78.54,4,3,39,73.68,1538.13,CRITICO,1
U08930,TRANSITO,55.62,2.158,108.84,52.56,57.94,3,0,142,22.07,1268.72,NORMAL,0
U09425,AGUA,35.79,2.759,86.27,48.32,54.33,1,0,12,24.66,1077.75,NORMAL,0
U05101,SAUDE,38.33,0.473,91.82,31.31,28.87,1,0,101,41.3,722.21,NORMAL,0
U09948,ENERGIA,51.36,4.151,121.15,70.87,64.09,0,1,5,59.66,1081.07,CRITICO,1
U09852,TELECOM,48.69,3.623,134.77,,78.2,4,0,66,88.51,980.99,NORMAL,0
U07080,TRANSITO,48.65,,111.91,49.66,63.76,3,1,13,52.57,1210.5,URGENTE,0
U06033,SAUDE,37.15,2.053,77.86,11.62,36.52,2,0,41,66.28,880.82,NORMAL,0
U01786,TRANSITO,55.5,2.202,116.65,81.38,55.32,2,1,73,22.72,1330.73,NORMAL,0
U05510,TELECOM,36.55,1.304,74.0,39.72,49.83,1,2,38,59.82,946.21,NORMAL,0
U09372,SAUDE,47.67,3.003,146.84,47.81,84.9,3,0,52,65.91,1316.35,NORMAL,0
U09192,SAUDE,39.68,1.979,140.33,78.85,65.81,4,1,47,24.65,1156.99,NORMAL,0
U05062,AGUA,40.27,4.27,156.07,37.94,85.87,7,0,34,31.31,1632.1,NORMAL,0
U09210,ENERGIA,44.53,3.108,130.19,19.86,68.58,5,1,139,71.98,1278.22,NORMAL,0
U03394,SAUDE,38.01,2.457,125.49,31.02,68.98,4,0,20,60.78,1265.93,NORMAL,0
U04118,SAUDE,37.88,2.776,100.66,74.96,37.39,3,0,102,70.99,636.63,NORMAL,0
U04798,TRANSITO,40.85,1.552,78.69,137.58,31.62,4,0,66,47.43,944.5,NORMAL,0
U07446,SAUDE,40.58,2.516,118.95,82.22,51.29,1,2,130,75.02,732.3,NORMAL,0
U03252,SAUDE,47.64,2.011,113.87,47.88,54.85,3,2,85,57.7,1393.04,NORMAL,0
U02593,TRANSITO,146.18,3.008,114.94,17.95,67.23,3,0,46,67.9,1004.02,NORMAL,0
U02502,SAUDE,37.05,2.434,120.48,33.41,71.39,2,1,36,47.82,893.43,NORMAL,0
U02105,SAUDE,43.72,0.954,136.47,43.67,56.83,4,0,72,45.9,1142.08,NORMAL,0
U09695,SAUDE,39.23,1.702,74.11,24.24,38.06,2,0,81,44.58,926.02,NORMAL,0
U05411,TELECOM,42.28,2.649,127.35,9.91,64.44,3,1,54,73.75,1213.7,NORMAL,0
U00533,SAUDE,45.85,2.106,117.55,87.76,68.33,1,0,38,67.41,1176.63,NORMAL,0
U05047,ENERGIA,,3.245,153.19,23.66,64.03,3,0,117,52.56,976.11,NORMAL,0
U04309,TRANSITO,48.13,1.805,152.49,58.48,75.74,1,1,73,91.15,1326.94,NORMAL,0
U02477,ENERGIA,49.73,3.34,129.32,31.05,75.92,1,0,62,41.94,1537.98,NORMAL,0
U00145,TELECOM,46.94,1.514,119.62,75.82,61.87,2,0,112,79.69,1346.2,NORMAL,0
U03890,ENERGIA,51.8,,131.95,127.17,49.5,0,0,141,68.51,921.66,NORMAL,0
U09913,AGUA,45.45,2.487,127.34,57.23,57.98,1,0,25,67.19,1003.71,NORMAL,0
U07852,TELECOM,52.91,2.911,155.22,28.21,67.15,3,1,71,63.57,726.22,NORMAL,0
U01424,TELECOM,44.45,2.056,190.82,,73.17,2,1,144,68.68,975.22,URGENTE,1
U03770,AGUA,32.06,3.193,151.86,13.49,68.24,2,0,136,75.67,1259.17,NORMAL,0
U09525,TRANSITO,40.5,2.879,85.2,58.52,52.75,4,0,25,92.47,1108.94,NORMAL,0
U09330,SAUDE,39.33,1.365,90.33,143.55,46.44,4,0,6,76.87,1015.27,NORMAL,0
U02631,AGUA,,3.56,133.75,32.55,57.38,1,1,107,71.96,1160.25,NORMAL,0
U07832,AGUA,46.09,2.711,114.78,23.89,77.0,2,0,5,39.42,1234.18,NORMAL,0
U01705,TELECOM,53.25,2.574,125.56,37.34,68.72,2,0,8,55.57,1226.53,NORMAL,0
U07280,SAUDE,31.0,1.632,82.98,47.53,45.02,2,1,14,91.83,371.85,NORMAL,0
U04692,ENERGIA,,3.59,127.92,97.68,45.24,5,0,113,82.41,980.69,NORMAL,0
U09281,SAUDE,42.12,1.445,134.56,34.65,74.78,1,1,55,58.22,1389.42,URGENTE,0
U09304,SAUDE,47.84,3.12,125.43,23.38,75.76,3,1,26,83.87,1268.97,NORMAL,0
U02320,TRANSITO,37.95,10.744,171.31,143.45,84.54,2,1,91,59.42,1640.48,URGENTE,1
U05390,SAUDE,36.72,1.264,94.6,124.4,45.86,3,0,82,100.0,1086.98,URGENTE,0
U05422,TELECOM,47.78,2.607,109.31,100.22,61.29,4,0,28,70.32,847.54,NORMAL,0
U04111,ENERGIA,38.4,3.054,99.53,38.65,58.87,3,0,63,58.0,1076.26,NORMAL,0
U03643,ENERGIA,54.66,3.52,128.55,17.73,70.61,2,1,73,65.25,1217.24,NORMAL,0
U02468,ENERGIA,46.45,3.426,128.53,48.51,77.17,5,0,68,47.15,1244.75,NORMAL,0
U08514,SAUDE,48.81,3.82,132.25,52.6,68.03,3,0,19,68.25,1476.59,NORMAL,0
U09645,SAUDE,42.88,2.31,131.81,14.52,78.08,2,0,64,66.2,1204.0,NORMAL,0
U04998,TELECOM,53.43,2.944,164.73,,70.64,0,2,116,62.44,1118.4,NORMAL,0
U06703,SAUDE,48.01,3.158,122.61,57.85,74.44,1,1,24,54.49,1039.34,NORMAL,0
U07193,SAUDE,43.45,1.641,103.58,84.56,66.99,3,1,59,78.99,1062.84,NORMAL,0
U00168,SAUDE,40.91,2.405,125.35,77.43,71.83,3,1,58,100.0,1443.55,URGENTE,0
U05909,ENERGIA,45.88,4.511,106.86,83.44,83.46,4,0,70,49.83,1540.39,NORMAL,0
U09799,ENERGIA,39.88,2.862,65.16,70.35,18.96,1,1,118,66.97,623.39,NORMAL,0
U01035,TRANSITO,48.99,2.628,151.77,53.82,69.45,3,0,134,56.45,1114.36,URGENTE,0
U00270,AGUA,41.05,,135.63,68.55,79.12,3,0,34,60.13,1082.32,URGENTE,0
U02495,ENERGIA,49.02,3.024,122.57,51.7,52.32,3,0,95,76.19,1445.22,NORMAL,0
U07081,TRANSITO,43.95,,160.61,112.33,74.97,2,0,114,67.13,1021.38,NORMAL,0
U09557,TRANSITO,45.87,2.415,113.68,112.02,62.29,2,0,68,58.3,1187.23,NORMAL,0
U05803,TRANSITO,46.59,1.861,115.73,,49.46,5,2,54,47.22,982.65,NORMAL,0
U05871,SAUDE,43.81,3.297,124.59,10.15,60.78,4,0,46,78.1,1150.2,NORMAL,0
U01655,SAUDE,213.27,1.724,136.16,101.88,55.79,2,1,93,61.54,1169.0,NORMAL,0
U07064,ENERGIA,57.64,3.968,188.08,47.44,94.43,2,1,98,88.57,1656.6,NORMAL,0
U05393,TELECOM,43.28,2.764,139.16,37.29,71.64,3,0,56,64.05,1110.06,NORMAL,0
U01988,SAUDE,50.37,1.45,138.46,54.44,46.68,0,1,59,65.49,658.68,URGENTE,0
U01434,SAUDE,49.47,3.199,131.57,65.52,71.47,2,1,69,57.84,1327.53,NORMAL,0
U06954,AGUA,50.62,3.31,114.27,32.42,63.24,3,2,84,64.15,1058.06,NORMAL,0
U01233,SAUDE,52.4,3.75,143.27,75.82,85.59,2,2,142,83.38,1307.17,NORMAL,0
U01994,ENERGIA,51.02,,105.13,56.35,55.61,1,1,44,69.96,767.94,NORMAL,0
U06174,ENERGIA,39.75,10.343,97.52,8.83,38.86,3,1,128,66.12,664.82,URGENTE,1
U04402,TRANSITO,39.96,3.194,104.34,56.5,43.49,5,1,63,64.44,692.5,NORMAL,0
U01956,SAUDE,41.0,2.004,98.1,59.05,54.54,8,1,50,62.26,1074.12,URGENTE,0
U02656,AGUA,37.79,4.986,112.49,22.44,40.71,1,1,135,67.35,857.05,CRITICO,1
U05195,TELECOM,45.41,1.871,102.65,72.87,66.03,1,0,4,98.54,1334.52,NORMAL,0
U05583,SAUDE,41.9,0.991,85.24,31.62,41.82,2,1,87,69.41,732.61,NORMAL,0
U09568,ENERGIA,50.93,3.081,123.56,53.42,56.49,2,1,134,80.23,942.92,NORMAL,0
U04205,AGUA,80.79,3.606,175.99,21.32,79.21,6,1,109,51.22,1239.02,NORMAL,0
U06384,TRANSITO,48.28,3.493,144.19,75.01,61.25,4,1,142,41.17,1136.58,NORMAL,0
U05855,SAUDE,37.11,1.934,95.9,81.74,41.1,2,0,5,59.32,968.52,NORMAL,0
U02841,TRANSITO,44.09,3.636,145.0,38.24,54.84,2,2,126,65.67,863.99,NORMAL,0
U00704,ENERGIA,53.22,3.661,103.83,9.32,49.08,3,0,12,40.71,610.13,NORMAL,0
U08782,ENERGIA,48.7,3.412,143.11,20.33,73.8,5,0,72,53.2,1419.86,NORMAL,0
U05673,TELECOM,39.06,1.926,75.44,59.62,26.65,2,0,135,62.06,804.02,NORMAL,0
U07390,SAUDE,42.3,,112.14,35.52,46.09,1,1,136,52.16,1147.71,URGENTE,0
U07645,ENERGIA,48.78,2.613,135.54,94.43,65.68,0,0,144,71.6,1075.19,NORMAL,0
U04819,ENERGIA,49.14,2.955,126.13,23.95,68.02,2,0,3,56.81,1186.54,NORMAL,0
U03918,SAUDE,49.04,2.466,145.56,62.69,82.72,5,1,2,44.81,1116.44,URGENTE,0
U00294,ENERGIA,52.28,4.651,123.3,40.85,58.2,3,0,16,51.61,1055.84,NORMAL,0
U07691,TRANSITO,36.23,2.575,94.29,42.63,49.88,2,1,142,68.43,943.56,NORMAL,0
U06683,ENERGIA,52.87,1.501,116.18,119.44,56.0,3,0,140,92.63,1201.77,NORMAL,0
U03651,ENERGIA,52.02,2.583,100.6,40.39,47.76,2,1,56,67.73,1078.7,NORMAL,0
U01599,ENERGIA,49.67,4.846,147.5,,94.99,1,0,37,59.66,1477.02,NORMAL,0
U03069,TELECOM,49.96,3.412,167.68,65.56,72.37,2,1,125,59.05,1056.68,NORMAL,0
U00528,TELECOM,42.95,2.877,89.43,8.22,33.6,6,0,28,64.34,1134.38,NORMAL,0
U08222,ENERGIA,48.14,3.046,107.8,54.88,66.8,2,1,70,76.94,1227.19,NORMAL,0
U01672,AGUA,39.29,2.612,91.5,63.08,65.01,4,1,3,67.23,912.39,URGENTE,0
U06681,ENERGIA,52.73,3.126,161.64,43.45,52.28,1,0,121,69.98,1310.78,NORMAL,0
U00742,ENERGIA,53.99,3.259,148.99,81.44,74.83,3,1,77,63.67,1080.39,CRITICO,1
U04698,AGUA,50.9,3.487,126.68,60.32,67.07,4,0,30,70.62,867.33,URGENTE,0
U03309,ENERGIA,,2.906,137.4,38.46,77.12,2,0,116,39.85,1045.01,NORMAL,0
U06332,SAUDE,41.64,2.518,134.23,47.0,75.49,5,0,132,82.89,1015.58,NORMAL,0
U01102,TRANSITO,47.56,3.073,165.05,80.27,68.26,2,1,94,84.55,1268.36,NORMAL,0
U03704,TELECOM,36.75,,96.44,75.37,43.7,1,0,141,46.8,310.02,NORMAL,0
U02281,SAUDE,42.74,2.337,120.25,45.89,72.27,4,0,103,66.61,1263.71,NORMAL,0
U03473,SAUDE,43.15,1.393,93.99,64.71,43.15,2,0,40,75.19,614.45,NORMAL,0
U07936,AGUA,45.67,3.4,115.47,59.12,59.07,0,1,64,80.63,1008.1,NORMAL,0
U09296,ENERGIA,49.99,2.346,113.92,72.46,72.18,1,2,42,53.24,1026.17,NORMAL,0
U00031,SAUDE,38.04,2.618,145.32,25.86,63.74,5,1,120,50.93,465.09,NORMAL,0
U09642,ENERGIA,47.63,1.291,137.24,,69.45,3,1,13,85.53,1258.8,NORMAL,0
U08021,ENERGIA,54.4,4.25,156.66,53.61,100.0,4,0,74,31.92,1140.49,CRITICO,1
U03005,AGUA,,1.991,131.34,45.17,56.59,0,0,116,50.46,924.02,NORMAL,0
U02813,SAUDE,38.89,2.145,103.2,11.64,38.71,3,1,137,71.45,642.38,NORMAL,0
U07801,ENERGIA,55.26,3.665,171.61,29.7,72.48,4,1,136,73.2,1103.79,CRITICO,1
U00474,TELECOM,40.4,2.855,110.3,12.73,66.45,1,0,66,52.27,1193.33,NORMAL,0
U07215,SAUDE,44.31,3.787,147.24,42.48,82.22,3,0,103,63.3,1471.0,URGENTE,0
U03425,TELECOM,52.17,3.169,157.13,32.29,82.62,3,0,112,84.73,1131.36,NORMAL,0
U04210,TELECOM,52.81,2.525,102.75,43.19,64.25,5,0,15,71.96,1212.68,NORMAL,0
U07817,TELECOM,49.48,1.49,163.86,,92.5,6,3,104,66.75,1554.17,NORMAL,0
U02698,AGUA,107.51,3.414,141.75,40.72,61.49,5,2,135,43.15,864.17,NORMAL,0
U06538,AGUA,33.83,3.563,96.6,134.94,59.49,4,0,14,55.6,1325.67,NORMAL,0
U05103,SAUDE,33.85,3.502,76.82,79.82,44.28,1,1,31,57.49,867.03,NORMAL,0
U06009,AGUA,39.48,3.365,87.19,48.61,53.62,5,1,37,66.59,1029.5,NORMAL,0
U09248,TRANSITO,48.75,1.928,95.98,19.92,43.88,1,0,81,64.53,922.82,NORMAL,0
U07338,AGUA,34.42,3.552,102.39,33.64,48.19,4,0,84,65.09,716.39,NORMAL,0
U02197,SAUDE,53.19,,131.98,8.25,77.59,6,1,135,70.78,880.32,NORMAL,0
U05458,TELECOM,37.47,3.11,116.13,54.78,52.24,6,0,21,54.65,699.14,CRITICO,1
U03405,SAUDE,48.74,1.961,156.18,36.54,75.35,3,1,119,65.95,1291.12,NORMAL,0
U08296,ENERGIA,50.94,2.987,73.38,,43.34,2,1,55,53.78,645.34,NORMAL,0
U01444,TELECOM,36.44,2.293,94.91,109.82,58.36,0,0,8,42.49,1040.22,NORMAL,0
U01902,AGUA,45.01,2.262,125.89,27.44,56.85,4,1,68,39.5,573.78,NORMAL,0
U08422,ENERGIA,58.02,2.431,130.67,18.93,66.12,2,0,132,50.84,1092.48,NORMAL,0
U05977,ENERGIA,57.77,3.312,155.64,90.07,80.71,3,1,129,83.57,1231.33,NORMAL,0
U04651,TRANSITO,49.89,3.596,100.68,78.84,50.57,4,0,137,72.28,887.38,NORMAL,0
U02831,SAUDE,40.13,2.434,119.64,31.43,62.69,2,0,113,60.14,1116.59,NORMAL,0
U09174,SAUDE,41.16,2.766,121.05,29.68,67.82,4,2,25,61.18,969.21,NORMAL,0
U08289,TELECOM,41.41,1.682,92.81,16.91,35.29,1,0,77,76.28,1093.01,NORMAL,0
U00041,AGUA,155.84,3.82,77.43,79.34,58.14,5,4,37,73.59,1352.32,NORMAL,0
U09949,ENERGIA,45.24,2.24,108.22,25.77,31.9,2,0,142,37.56,888.91,NORMAL,0
U02563,AGUA,41.25,,113.35,58.51,59.56,5,1,77,62.8,1154.58,NORMAL,0
U03563,ENERGIA,57.38,3.335,184.18,22.07,83.8,3,0,104,55.6,1205.24,CRITICO,1
U07319,SAUDE,81.05,8.317,81.68,70.29,46.03,3,1,119,80.31,1149.81,URGENTE,1
U07074,SAUDE,38.14,1.606,166.93,45.53,73.51,4,1,61,70.01,1823.56,NORMAL,0
U09309,AGUA,42.64,,87.94,63.31,33.82,5,0,69,53.24,417.25,URGENTE,1
U07797,SAUDE,35.21,2.051,165.98,103.52,75.49,7,0,94,45.46,1089.15,NORMAL,0
U05664,SAUDE,38.37,2.317,89.1,55.04,65.34,1,0,11,65.42,1250.29,NORMAL,0
U07188,SAUDE,41.23,3.982,78.26,78.16,36.36,6,0,44,70.46,692.99,NORMAL,0
U08670,ENERGIA,41.87,2.556,89.67,26.69,52.68,1,2,28,73.25,1038.06,NORMAL,0
U08639,TRANSITO,43.45,2.625,100.01,5.68,46.09,5,1,89,65.64,569.22,NORMAL,0
U03017,ENERGIA,43.47,4.34,91.92,17.72,37.75,0,0,62,68.42,622.96,NORMAL,0
U05335,SAUDE,36.46,,71.71,14.84,44.87,1,2,67,44.35,1477.94,NORMAL,0
U07961,SAUDE,37.28,1.351,113.32,43.79,48.64,1,1,120,83.86,771.35,NORMAL,0
U04678,ENERGIA,36.55,1.959,100.28,92.27,51.62,4,1,34,38.85,1263.74,NORMAL,0
U06187,ENERGIA,48.89,3.633,63.34,27.68,41.35,2,0,14,40.97,1223.15,NORMAL,0
U04983,SAUDE,34.27,1.216,71.22,27.76,24.53,0,0,85,44.36,790.06,NORMAL,0
U05278,ENERGIA,191.18,4.475,114.92,84.86,63.04,2,0,124,54.04,1029.76,NORMAL,1
U09295,AGUA,42.04,,146.88,53.32,70.58,1,0,118,72.25,1300.35,NORMAL,0
U02806,SAUDE,42.13,1.829,172.06,23.43,78.8,5,0,142,42.66,1252.81,URGENTE,0
U08108,TRANSITO,43.28,3.668,109.88,13.55,48.25,1,0,2,81.42,553.67,NORMAL,0
U05563,AGUA,39.38,,78.43,47.59,44.84,0,1,29,63.49,941.47,NORMAL,0
U02709,SAUDE,44.44,3.227,156.42,91.07,80.51,2,0,39,64.08,1640.16,URGENTE,0
U05152,ENERGIA,50.8,4.006,153.72,12.12,52.31,0,1,123,55.08,451.99,NORMAL,0
U05507,ENERGIA,40.43,2.799,104.02,86.92,41.68,4,1,109,80.12,662.89,NORMAL,0
U09814,TRANSITO,46.43,2.57,161.05,,88.64,4,1,135,70.52,1363.63,NORMAL,0
U06472,SAUDE,41.01,2.935,125.29,76.56,64.59,3,0,20,84.05,1205.32,NORMAL,0
U02372,ENERGIA,43.86,2.799,66.93,135.97,41.64,3,1,119,22.55,834.5,NORMAL,0
U07287,TRANSITO,,2.089,125.2,21.9,61.17,0,1,78,68.11,907.25,NORMAL,0
U03922,TRANSITO,45.75,4.644,165.52,,93.79,3,0,67,80.29,1866.59,NORMAL,0
U07958,ENERGIA,44.64,2.909,124.87,25.04,63.64,2,1,39,69.93,1053.8,NORMAL,0
U00166,SAUDE,120.0,2.266,80.6,13.64,60.0,3,2,73,51.42,931.09,NORMAL,0
U03163,ENERGIA,45.87,3.426,135.59,16.04,50.46,2,0,107,63.74,1027.96,NORMAL,0
U08376,TRANSITO,33.93,0.899,118.1,26.04,39.15,1,0,127,77.03,983.06,NORMAL,0
U05549,SAUDE,42.69,2.01,102.59,91.15,66.11,2,0,78,87.0,817.1,URGENTE,0
U07282,SAUDE,43.95,2.342,124.08,44.34,48.69,1,1,107,52.93,896.26,NORMAL,0
U00826,AGUA,39.17,1.962,139.14,69.19,52.67,1,0,83,66.71,1294.87,NORMAL,0
U00127,AGUA,41.09,3.325,108.35,93.85,47.44,2,0,120,72.68,899.92,NORMAL,0
U06057,TELECOM,51.77,2.969,143.98,39.38,94.61,6,0,60,72.67,1544.31,CRITICO,1
U04527,ENERGIA,47.48,2.958,101.85,46.77,37.58,3,1,111,60.68,991.55,NORMAL,0
U04776,SAUDE,44.27,1.965,141.24,80.31,52.99,2,0,121,100.0,1093.86,NORMAL,0
U00838,SAUDE,45.72,2.789,149.06,29.65,79.96,7,1,40,86.01,1213.05,NORMAL,0
U05467,SAUDE,46.62,3.806,147.65,35.99,76.88,3,1,88,65.45,1531.74,NORMAL,0
U05899,TELECOM,47.72,3.83,129.02,33.72,70.15,1,1,12,56.27,1238.63,NORMAL,0
U07458,ENERGIA,55.66,2.708,121.47,40.02,67.4,1,0,134,73.35,974.65,NORMAL,0
U02435,TRANSITO,54.94,2.322,135.15,52.6,73.63,3,1,127,59.75,1018.75,CRITICO,1
U02334,TELECOM,50.1,3.118,108.76,30.77,34.06,2,0,132,59.33,694.11,NORMAL,0
U05850,ENERGIA,47.44,2.834,113.05,31.08,75.25,3,0,25,22.92,1195.51,NORMAL,0
U01488,TELECOM,51.98,2.905,143.61,32.35,59.36,1,0,136,90.67,684.87,NORMAL,0
U08787,SAUDE,38.88,4.089,163.16,64.65,68.39,2,3,35,47.63,1004.81,NORMAL,0
U07106,TELECOM,,2.101,167.12,46.01,90.79,3,0,123,59.39,1420.08,NORMAL,0
U03973,AGUA,44.46,2.451,107.17,74.05,67.38,2,0,134,47.25,1269.73,NORMAL,0
U03921,AGUA,46.17,1.391,138.74,35.33,64.62,3,0,98,59.37,919.6,NORMAL,0
U07374,SAUDE,56.85,,171.6,22.31,73.49,3,0,122,61.54,1458.66,NORMAL,0
U09570,ENERGIA,,3.834,111.68,7.4,65.83,2,0,87,68.23,1215.03,URGENTE,1
U03811,ENERGIA,53.37,3.125,108.66,60.72,63.57,3,1,13,65.89,857.0,NORMAL,0
U04502,ENERGIA,41.68,3.229,131.38,7.42,52.38,4,0,135,77.06,1323.5,NORMAL,0
U05596,TRANSITO,43.31,3.187,119.19,7.19,54.7,3,0,114,90.28,1332.24,NORMAL,0
U00747,TRANSITO,50.34,1.413,144.65,38.12,72.54,2,0,105,48.52,1075.2,NORMAL,0
U08638,AGUA,44.53,3.608,116.68,38.96,74.91,4,2,115,74.89,1705.23,NORMAL,0
U02772,TELECOM,38.64,2.874,149.3,19.37,65.45,4,1,133,56.49,1372.19,NORMAL,0
U04467,ENERGIA,,11.787,155.09,44.15,80.13,4,0,134,67.91,1279.86,CRITICO,1
U05631,SAUDE,40.02,0.908,114.7,7.3,62.82,2,0,22,50.55,1040.49,NORMAL,0
U04993,TRANSITO,36.72,3.17,54.99,53.44,43.23,2,0,3,86.79,956.78,NORMAL,0
U05050,AGUA,99.85,2.69,77.28,30.18,40.15,2,2,126,54.73,572.15,NORMAL,0
U05061,TRANSITO,164.06,1.491,92.99,36.79,50.65,5,0,76,65.15,1192.95,NORMAL,0
U02600,SAUDE,110.11,,120.31,19.87,48.7,2,0,126,69.36,914.02,NORMAL,0
U01661,AGUA,43.31,2.267,101.24,20.81,41.36,1,0,123,73.34,879.4,NORMAL,0
U09712,AGUA,188.81,2.675,152.66,63.88,78.93,2,1,52,64.59,1017.09,NORMAL,0
U06479,ENERGIA,47.07,,97.81,51.14,54.64,1,3,34,82.1,706.58,NORMAL,0
U04169,TELECOM,48.19,3.115,143.39,129.05,74.72,4,1,23,49.37,874.28,NORMAL,0
U02415,TELECOM,43.32,,33.58,58.0,38.99,2,1,28,74.05,673.06,NORMAL,0
U06991,SAUDE,46.69,2.965,113.36,7.33,92.56,2,0,66,71.46,1461.04,NORMAL,0
U06609,SAUDE,36.16,2.107,147.41,53.11,74.32,4,1,122,88.28,1325.4,NORMAL,0
U07265,SAUDE,48.93,2.611,113.65,,68.98,2,1,119,67.23,582.7,NORMAL,0
U04607,AGUA,37.83,2.541,144.57,,49.68,3,0,136,61.23,1070.74,NORMAL,0
U04962,TELECOM,44.06,2.098,135.9,59.89,65.72,1,1,128,72.58,1489.22,NORMAL,0
U07045,TELECOM,51.04,2.654,104.5,34.31,75.71,3,0,29,79.02,1179.21,NORMAL,0
U03814,TELECOM,53.47,2.18,145.17,19.15,83.96,6,1,114,45.33,1716.63,NORMAL,0
U04304,TELECOM,46.22,2.489,80.38,54.98,53.63,1,0,113,61.78,1413.67,URGENTE,0
U03230,TRANSITO,42.75,1.348,92.2,52.57,37.64,2,0,34,65.61,445.65,NORMAL,0
U02195,ENERGIA,45.26,3.174,105.97,18.53,55.59,1,0,35,52.06,944.45,NORMAL,0
U05066,ENERGIA,98.57,2.083,90.64,7.05,43.7,2,0,46,39.36,730.22,NORMAL,0
U02700,SAUDE,38.65,1.624,133.78,111.09,50.35,6,1,132,69.09,743.46,NORMAL,0
U09960,ENERGIA,50.53,4.896,131.44,43.62,50.29,7,1,90,83.91,765.25,CRITICO,1
U02143,TRANSITO,46.35,2.796,95.89,34.2,54.89,1,0,98,69.8,806.94,NORMAL,0
U00196,ENERGIA,54.68,,142.01,28.06,70.78,2,0,102,62.65,1144.81,NORMAL,0
U04093,ENERGIA,37.47,2.649,92.7,50.78,39.29,2,1,138,86.3,1006.56,NORMAL,0
U03564,AGUA,30.47,,117.02,56.11,56.56,6,1,88,59.21,942.8,NORMAL,0
U07578,TRANSITO,35.37,1.551,40.9,12.25,26.32,2,0,91,65.46,804.88,NORMAL,0
U08002,SAUDE,55.54,1.742,137.24,35.82,61.95,4,0,34,58.75,1331.39,NORMAL,0
U07736,SAUDE,42.31,8.337,121.1,96.3,52.43,3,1,93,49.3,804.42,CRITICO,1
U07038,AGUA,44.07,3.439,150.71,82.5,98.04,5,0,28,39.71,1276.69,NORMAL,0
U06483,SAUDE,,,141.93,27.61,69.05,3,0,74,27.6,1031.56,NORMAL,0
U08874,TRANSITO,53.17,2.325,119.38,29.98,68.55,3,2,91,57.5,1468.63,NORMAL,0
U03378,SAUDE,45.53,3.56,122.8,53.73,77.32,6,0,80,39.07,1077.65,URGENTE,1
U03066,TRANSITO,38.66,3.053,157.44,45.09,62.57,4,0,129,100.0,876.17,NORMAL,0
U01159,SAUDE,43.01,2.417,104.13,38.26,52.02,7,1,123,62.5,1183.51,NORMAL,0
U00180,ENERGIA,37.63,3.438,93.22,38.4,54.36,2,0,45,59.56,1087.44,NORMAL,0
U05454,ENERGIA,46.34,2.921,88.29,38.4,65.9,1,0,4,76.0,1415.1,NORMAL,0
U06022,SAUDE,40.55,2.197,114.25,18.95,54.48,2,0,94,85.72,1545.65,NORMAL,0
U04098,AGUA,35.75,3.493,150.01,78.42,100.0,2,0,24,59.27,1623.57,NORMAL,0
U06624,ENERGIA,157.26,4.597,153.02,56.42,86.51,3,1,127,74.91,1225.95,CRITICO,1
U06383,AGUA,35.69,3.211,120.75,60.28,57.13,2,0,82,83.93,828.23,NORMAL,0
U09589,TRANSITO,38.83,1.475,83.34,27.47,32.79,3,0,30,75.62,1272.95,NORMAL,0
U05780,TRANSITO,,1.334,86.51,19.83,22.28,2,2,118,46.7,526.01,NORMAL,0
U00473,SAUDE,34.76,2.928,82.83,,35.85,1,0,81,79.13,465.97,URGENTE,1
U04433,TELECOM,47.8,,132.52,28.27,56.71,3,0,38,54.62,1260.43,NORMAL,0
U09315,ENERGIA,43.81,3.639,108.43,,55.45,3,0,82,69.84,669.94,NORMAL,0
U08426,ENERGIA,110.42,2.364,91.92,77.95,50.04,1,0,31,71.72,946.37,NORMAL,0
U00677,ENERGIA,55.36,1.731,120.58,178.02,64.44,1,1,59,50.99,1402.74,CRITICO,1
U09474,TRANSITO,46.66,4.246,91.28,129.92,53.2,0,0,17,86.36,751.29,NORMAL,0
U03901,SAUDE,47.35,,133.91,35.94,75.87,2,2,115,71.18,1417.63,NORMAL,0
U08761,TRANSITO,51.7,1.508,126.78,102.73,81.17,1,0,17,34.71,1337.26,NORMAL,0
U00535,TRANSITO,52.3,4.15,139.67,28.84,98.04,3,2,70,82.41,1303.74,CRITICO,1
U06640,AGUA,38.99,2.827,148.91,10.51,74.49,2,1,100,57.83,979.94,NORMAL,0
U03617,ENERGIA,43.75,2.41,79.8,39.86,51.5,3,0,51,43.5,780.67,NORMAL,0
U03706,ENERGIA,53.6,2.721,103.52,148.8,74.93,2,2,68,75.93,1393.54,URGENTE,0
U08966,ENERGIA,46.02,2.244,152.49,162.74,85.78,3,0,30,69.28,1372.94,NORMAL,0
U07980,AGUA,43.67,3.77,128.68,51.14,60.12,2,0,77,43.22,509.93,NORMAL,0
U08631,ENERGIA,50.77,1.362,105.77,102.31,49.34,5,0,23,47.03,1578.32,NORMAL,0
U06557,SAUDE,,1.531,81.37,70.15,45.78,4,0,81,35.14,990.93,NORMAL,0
U03519,ENERGIA,52.68,,120.61,36.02,64.07,4,0,125,38.87,1057.52,NORMAL,0
U03105,TRANSITO,45.67,2.807,95.54,39.1,47.79,2,0,20,54.37,1033.2,NORMAL,0
U07500,ENERGIA,47.9,2.906,114.37,48.47,36.41,1,0,100,53.75,578.91,NORMAL,0
U08682,ENERGIA,55.0,3.715,113.31,6.36,73.85,1,0,26,58.48,1037.01,NORMAL,0
U02315,TELECOM,55.22,2.934,104.92,31.96,73.21,0,0,79,67.83,1192.87,NORMAL,0
U00563,SAUDE,34.45,0.461,113.36,114.48,32.09,1,0,115,79.91,786.7,NORMAL,0
U01689,SAUDE,45.79,1.567,169.68,68.27,84.81,2,0,117,55.39,1367.17,NORMAL,0
U00534,TELECOM,45.86,1.494,94.45,15.81,69.89,4,1,8,77.23,1016.96,NORMAL,0
U04714,SAUDE,40.32,2.803,109.53,,60.91,3,1,35,63.4,1031.74,NORMAL,0
U06246,AGUA,47.94,2.778,169.98,176.7,70.72,6,1,49,70.57,1159.94,NORMAL,0
U03506,SAUDE,40.31,1.755,151.1,147.43,63.76,3,0,128,56.26,1003.34,NORMAL,0
U04468,TRANSITO,50.64,3.553,179.15,57.64,62.64,1,1,79,52.01,1012.4,NORMAL,0
U01082,ENERGIA,43.97,2.721,95.6,78.54,50.47,2,1,33,67.47,635.24,NORMAL,0
U03515,TRANSITO,38.59,2.621,181.44,4.0,59.9,0,1,112,54.12,931.33,NORMAL,0
U01849,TRANSITO,41.57,1.722,124.57,42.18,58.38,1,0,86,61.05,1211.34,URGENTE,1
U00452,SAUDE,49.22,2.297,137.64,55.74,78.93,4,0,70,76.81,1087.72,NORMAL,0
U09744,ENERGIA,56.65,3.556,138.48,43.28,87.12,6,0,4,58.4,1363.58,NORMAL,0
U04677,SAUDE,43.59,1.478,110.43,34.16,64.21,5,0,50,69.64,1609.88,NORMAL,0
U04543,TELECOM,47.07,1.613,59.88,125.8,39.02,4,1,39,31.02,930.06,NORMAL,0
U04650,TRANSITO,48.75,2.835,121.01,67.73,53.11,2,1,141,67.76,924.86,NORMAL,0
U05252,ENERGIA,45.79,3.031,152.83,11.28,71.2,6,1,13,61.86,682.1,NORMAL,0
U07327,TELECOM,54.83,2.893,121.44,76.51,78.2,2,0,87,74.02,1374.46,NORMAL,0
U02326,AGUA,40.54,3.428,84.25,49.97,54.66,0,0,127,69.76,1041.39,NORMAL,0
U08790,ENERGIA,55.69,3.23,95.86,62.72,77.14,1,0,50,61.28,1180.42,URGENTE,1
U03736,ENERGIA,54.16,4.003,111.34,123.61,62.26,2,0,8,57.15,1206.44,URGENTE,1
U03889,TELECOM,47.15,2.127,152.63,20.27,74.18,6,0,65,31.9,1612.45,NORMAL,0
U01423,TRANSITO,46.93,3.229,186.32,41.41,97.46,3,2,71,42.76,1217.92,NORMAL,0
U03197,AGUA,38.96,2.938,134.69,,64.82,3,0,17,53.37,932.51,NORMAL,0
U07237,ENERGIA,45.33,2.736,129.08,5.68,65.89,3,1,89,43.07,959.69,NORMAL,0
U02846,ENERGIA,54.47,3.552,168.0,61.22,83.32,2,0,128,48.13,1068.07,CRITICO,1
U02448,SAUDE,42.78,3.155,129.33,178.63,61.4,7,0,5,58.93,495.92,NORMAL,0
U02374,TRANSITO,37.28,3.585,171.58,12.39,87.76,2,0,110,75.82,1395.73,NORMAL,0
U00517,ENERGIA,47.98,1.321,88.72,149.35,26.02,1,0,134,62.7,785.09,NORMAL,0
U06287,ENERGIA,39.37,2.753,96.57,59.87,42.91,3,1,69,82.13,848.17,NORMAL,0
U08752,SAUDE,39.69,3.575,132.24,89.38,71.46,0,1,70,80.37,1068.62,NORMAL,0
U01161,ENERGIA,,3.764,178.1,7.23,81.83,4,2,101,81.1,977.67,NORMAL,0
U03755,TRANSITO,51.06,1.916,80.8,,32.32,1,0,130,45.28,972.02,NORMAL,0
U04022,AGUA,30.05,2.402,73.84,36.5,46.29,4,0,73,79.93,875.08,NORMAL,0
U00827,ENERGIA,49.91,3.556,155.88,15.6,80.31,3,0,51,45.38,1052.69,NORMAL,0
U02694,TRANSITO,46.77,3.264,176.38,27.7,80.02,2,0,77,67.51,1229.36,NORMAL,0
U04787,SAUDE,42.28,3.172,108.32,6.29,67.76,2,0,76,53.7,1004.35,NORMAL,0
U05902,TRANSITO,48.41,4.809,170.36,100.41,87.52,4,0,133,62.29,1637.78,URGENTE,1
U07556,SAUDE,46.01,2.248,123.51,85.81,65.92,3,1,119,51.06,1318.48,NORMAL,0
U05841,TRANSITO,50.8,2.388,131.49,28.6,58.06,0,1,59,84.63,1011.1,NORMAL,0
U07672,ENERGIA,44.39,3.116,135.87,50.84,61.79,3,1,46,46.47,1082.4,NORMAL,0
U04220,SAUDE,53.15,3.49,122.68,65.91,74.91,6,0,56,57.72,1348.4,NORMAL,0
U09286,TRANSITO,56.42,2.872,138.25,83.95,85.53,2,1,51,68.42,1527.86,NORMAL,0
U06470,AGUA,132.41,2.738,134.13,23.33,71.95,3,0,35,68.79,1460.16,NORMAL,0
U02714,SAUDE,143.77,1.557,43.42,28.55,27.22,0,0,26,67.18,694.76,NORMAL,0
U01122,SAUDE,37.42,2.491,125.78,97.46,57.87,2,0,72,82.24,1025.68,NORMAL,0
U04780,SAUDE,40.57,2.421,141.84,54.96,82.89,1,1,28,49.27,1407.71,NORMAL,0
U09341,TELECOM,42.93,1.901,108.63,10.79,77.86,1,1,56,63.96,1286.34,URGENTE,0
U06839,ENERGIA,55.64,3.243,90.28,81.77,60.0,5,0,19,82.18,1093.37,CRITICO,1
U09484,TRANSITO,,3.02,198.63,26.43,88.27,3,1,125,62.31,1199.58,NORMAL,0
U07498,TELECOM,40.02,1.754,100.7,23.83,43.73,3,0,53,61.03,588.37,NORMAL,0
U02827,ENERGIA,56.07,,119.75,110.99,70.09,4,1,17,29.05,938.52,NORMAL,0
U03977,SAUDE,41.6,1.585,114.55,16.3,64.97,1,0,25,70.59,613.06,NORMAL,0
U03993,ENERGIA,48.6,3.401,132.56,63.45,65.74,3,0,38,63.8,1158.53,NORMAL,0
U03971,ENERGIA,45.35,3.494,155.28,56.02,100.0,2,0,5,58.22,1028.06,CRITICO,1
U05187,AGUA,47.62,2.564,116.24,37.13,60.23,1,0,39,79.0,851.7,NORMAL,0
U01770,TELECOM,42.64,1.552,68.82,72.6,21.22,0,0,143,62.25,340.29,CRITICO,0
U05556,SAUDE,39.6,0.981,135.49,28.18,62.6,2,3,125,55.92,879.97,NORMAL,0
U03178,SAUDE,32.27,2.012,44.91,11.5,40.48,3,0,18,33.64,897.15,URGENTE,0
U07336,SAUDE,33.4,2.751,86.56,24.1,31.13,1,2,113,69.72,466.28,NORMAL,0
U06028,SAUDE,45.37,1.897,105.29,72.37,54.8,5,1,93,65.01,1204.97,NORMAL,0
U05802,SAUDE,46.28,,96.53,76.57,52.43,4,1,128,72.23,1341.31,NORMAL,0
U06570,SAUDE,40.07,3.2,153.19,10.02,95.77,1,0,71,59.41,1900.28,NORMAL,0
U00952,SAUDE,37.34,2.382,140.54,21.29,70.91,2,1,118,75.66,1409.45,NORMAL,0
U04537,AGUA,35.38,3.536,158.0,106.36,85.45,5,0,91,55.44,1475.1,NORMAL,0
U07182,TRANSITO,50.7,2.372,77.6,23.53,41.94,1,0,50,56.69,888.88,NORMAL,0
U09162,SAUDE,42.66,1.699,71.95,48.18,69.74,3,1,34,56.31,1090.76,NORMAL,0
U04683,ENERGIA,48.3,2.932,126.45,12.86,37.72,1,1,123,84.2,732.72,NORMAL,0
U07725,ENERGIA,45.14,1.555,85.79,28.71,28.03,4,0,80,76.28,615.67,URGENTE,0
U06263,AGUA,39.64,2.342,112.23,100.1,62.81,5,1,54,66.22,1227.29,NORMAL,0
U07432,ENERGIA,53.53,3.775,124.84,68.98,58.17,2,0,133,72.83,1151.12,NORMAL,0
U01873,SAUDE,38.26,2.455,48.35,37.27,57.55,3,0,3,55.33,1132.24,NORMAL,0
U06667,ENERGIA,51.84,3.308,99.76,35.81,53.97,4,0,68,87.06,1407.17,NORMAL,0
U03072,ENERGIA,43.05,2.469,59.64,80.58,41.56,1,1,47,79.42,860.76,NORMAL,0
U08618,AGUA,53.53,3.486,160.86,22.78,68.54,3,0,43,54.11,1111.55,NORMAL,0
U08516,ENERGIA,46.14,3.401,104.48,38.4,62.53,2,3,6,53.84,1113.45,NORMAL,0
U03154,SAUDE,33.41,0.782,93.64,63.05,17.98,1,0,91,69.4,1015.95,CRITICO,0
U01054,AGUA,36.0,2.543,120.69,47.64,57.77,5,0,116,77.35,1095.56,CRITICO,1
U04074,TELECOM,48.79,2.931,115.12,58.62,47.91,4,0,138,75.32,1401.2,URGENTE,0
U03130,ENERGIA,132.63,2.595,138.03,63.1,64.6,4,1,80,85.68,1328.19,NORMAL,0
U09704,ENERGIA,54.89,1.334,68.47,4.03,37.87,3,2,45,72.12,763.14,NORMAL,0
U09792,AGUA,41.88,3.376,113.36,46.28,64.44,6,1,7,76.03,1272.57,NORMAL,0
U00802,AGUA,43.34,3.179,116.44,59.14,44.35,1,2,115,63.37,697.99,NORMAL,0
U03994,AGUA,48.26,3.126,109.92,54.8,76.31,3,0,64,95.35,1738.99,NORMAL,0
U09516,ENERGIA,52.63,2.897,128.32,47.95,64.02,5,0,141,73.79,919.91,CRITICO,1
U09146,TRANSITO,,3.208,69.39,67.54,54.37,3,0,28,67.93,947.72,NORMAL,0
U09514,TELECOM,57.05,2.564,180.98,57.69,100.0,2,0,109,72.95,1235.16,URGENTE,1
U06802,ENERGIA,42.65,3.704,131.32,41.5,60.79,6,2,111,69.58,1326.11,NORMAL,0
U01094,ENERGIA,48.59,4.821,154.24,,77.91,3,1,124,55.95,1074.61,NORMAL,0
U07528,SAUDE,39.81,2.14,105.6,22.44,46.71,0,0,56,75.48,464.57,NORMAL,0
U02627,ENERGIA,45.69,2.699,117.76,58.26,54.16,3,1,23,58.51,1634.62,NORMAL,0
U04598,ENERGIA,50.72,4.082,83.7,59.52,68.48,4,0,107,73.87,1218.08,NORMAL,0
U01965,SAUDE,44.07,2.541,133.21,87.07,59.19,4,1,142,76.66,1330.94,URGENTE,0
U03996,AGUA,36.5,2.002,68.45,87.85,49.95,1,0,8,51.86,737.74,NORMAL,0
U09138,TELECOM,,0.47,149.14,33.35,77.91,1,1,73,39.25,908.03,URGENTE,1
U05079,SAUDE,42.94,2.279,174.79,123.0,86.05,2,0,89,24.14,1498.56,NORMAL,0
U02607,ENERGIA,42.73,2.642,71.04,7.99,38.7,3,0,28,42.63,1243.1,NORMAL,0
U02509,SAUDE,33.92,0.775,32.92,43.1,20.78,1,1,82,55.41,746.79,NORMAL,0
U00661,ENERGIA,49.37,2.345,113.7,41.99,55.21,7,3,67,52.18,1093.64,NORMAL,0
U08160,ENERGIA,55.47,2.276,136.18,24.54,70.18,3,1,120,75.79,1202.12,NORMAL,0
U07195,ENERGIA,48.04,2.882,112.07,28.81,59.68,5,1,48,83.7,1153.56,NORMAL,0
U05713,SAUDE,45.5,2.876,131.75,16.95,66.9,3,2,110,36.76,1113.46,URGENTE,0
U06340,ENERGIA,39.24,4.414,152.4,119.16,64.06,5,0,94,39.26,1535.91,URGENTE,0
U05649,SAUDE,40.27,1.515,95.98,40.33,53.52,4,0,65,55.74,713.42,NORMAL,0
U00293,TELECOM,54.69,2.999,122.2,71.53,58.83,3,0,68,77.43,871.27,NORMAL,0
U09300,ENERGIA,51.13,2.372,181.32,55.98,89.56,2,0,135,94.83,1501.26,NORMAL,0
U08049,ENERGIA,62.06,3.736,136.01,44.7,80.77,2,1,25,69.74,1046.47,NORMAL,0
U08980,TRANSITO,50.54,4.394,141.82,24.92,99.08,6,0,35,62.1,1619.09,NORMAL,0
U01773,SAUDE,44.32,1.931,148.45,44.38,80.11,5,0,125,48.13,1373.38,NORMAL,0
U05065,ENERGIA,46.61,2.781,86.99,83.13,61.3,5,0,40,74.28,1373.97,NORMAL,0
U00536,SAUDE,,2.147,93.44,45.89,60.92,4,0,117,46.3,798.75,NORMAL,0
U08409,TELECOM,47.93,1.822,135.04,,69.97,5,1,113,79.5,947.25,NORMAL,0
U06153,TELECOM,50.32,1.368,131.62,30.46,65.58,4,0,99,89.75,1248.03,NORMAL,0
U00698,ENERGIA,46.41,6.249,96.09,140.98,59.47,3,0,29,80.84,757.16,CRITICO,1
U08793,ENERGIA,50.33,3.424,171.49,55.75,81.82,1,2,111,35.08,1229.47,NORMAL,0
U07667,SAUDE,43.69,1.3,117.98,26.39,68.9,3,0,29,48.86,1239.3,NORMAL,0
U04393,ENERGIA,54.08,2.85,94.51,31.82,60.7,5,0,112,66.48,1169.88,CRITICO,1
U02691,SAUDE,47.07,3.155,126.04,22.0,84.71,2,0,24,55.71,1098.68,URGENTE,0
U07549,ENERGIA,50.32,,126.47,58.24,65.04,2,2,37,75.26,938.02,NORMAL,0
U07996,SAUDE,39.26,2.697,95.06,109.5,71.51,3,1,14,63.09,1153.58,NORMAL,0
U04424,AGUA,33.03,2.536,41.82,55.94,23.83,0,1,114,82.05,1037.57,NORMAL,0
U07094,SAUDE,37.86,1.737,107.93,57.54,38.62,2,0,68,46.52,866.21,NORMAL,0
U00850,SAUDE,41.67,2.512,130.42,17.77,77.01,2,0,59,66.74,1355.9,NORMAL,0
U08870,SAUDE,42.57,,99.38,58.18,42.64,2,0,126,53.17,982.73,NORMAL,0
U02741,ENERGIA,60.39,4.131,130.53,27.75,60.29,5,1,57,68.37,1360.8,NORMAL,0
U05978,TELECOM,59.88,2.67,86.98,13.77,59.06,1,3,3,68.17,1017.94,NORMAL,0
U04124,ENERGIA,42.63,4.672,172.27,43.09,75.9,6,0,120,58.37,1162.67,CRITICO,1
U05756,ENERGIA,160.76,2.342,115.89,45.48,54.9,1,1,20,37.39,1001.91,NORMAL,0
U00320,SAUDE,43.3,3.695,42.9,40.07,56.4,4,0,24,40.64,1018.15,NORMAL,0
U04308,ENERGIA,44.73,3.324,140.94,70.31,69.92,3,1,129,60.48,1278.75,NORMAL,0
U02427,TRANSITO,49.32,3.553,126.66,43.61,45.58,0,0,74,91.29,1084.64,NORMAL,0
U01081,TELECOM,39.23,2.162,83.2,5.01,39.32,2,1,30,63.65,594.67,NORMAL,0
U03693,SAUDE,40.7,,128.74,18.4,48.36,3,0,70,40.54,1057.62,NORMAL,0
U07023,TRANSITO,37.45,2.058,101.4,,39.79,2,1,77,67.58,1020.42,NORMAL,0
U01016,ENERGIA,38.95,3.183,126.3,45.8,75.33,6,0,43,65.68,1117.16,NORMAL,0
U00984,SAUDE,38.47,2.475,109.94,31.16,63.69,1,1,112,100.0,932.46,NORMAL,0
U06894,AGUA,31.95,,116.88,106.3,45.73,4,3,65,86.85,1005.98,URGENTE,0
U00495,TRANSITO,,1.847,109.0,,28.88,4,0,130,74.75,582.52,NORMAL,0
U04676,AGUA,36.22,2.613,125.08,49.16,68.84,4,1,17,77.61,1554.13,NORMAL,0
U09768,ENERGIA,45.16,3.387,110.27,34.26,47.57,2,1,91,56.07,1344.52,URGENTE,0
U02921,ENERGIA,48.9,4.076,110.73,33.23,43.7,2,1,128,51.3,598.95,NORMAL,0
U09135,ENERGIA,178.51,3.0,146.21,56.08,67.84,1,1,144,67.94,1141.33,NORMAL,0
U03441,ENERGIA,39.43,2.992,134.01,49.89,21.55,3,1,140,53.1,995.06,NORMAL,0
U02862,ENERGIA,48.08,2.933,155.93,25.48,85.42,1,0,5,60.87,1047.58,NORMAL,0
U01623,SAUDE,31.63,,84.14,162.65,78.3,7,0,22,42.24,983.46,NORMAL,0
U05225,ENERGIA,45.53,3.208,117.81,51.29,64.57,2,0,71,97.04,1201.76,NORMAL,0
U09982,ENERGIA,39.72,2.782,108.23,43.76,57.89,4,1,70,45.96,1396.98,NORMAL,0
U07953,TELECOM,40.97,3.312,103.65,62.73,33.71,1,2,120,62.57,877.74,NORMAL,0
U05568,TRANSITO,46.16,2.984,204.93,118.58,89.86,2,0,114,46.62,1167.96,NORMAL,0
U01506,SAUDE,35.35,2.587,117.39,66.44,44.54,4,0,123,37.1,739.75,URGENTE,0
U04317,ENERGIA,53.71,3.559,106.6,23.81,66.51,3,1,54,63.62,610.35,CRITICO,1
U06284,ENERGIA,47.68,2.86,110.31,60.43,45.58,3,0,101,37.98,842.98,CRITICO,1
U02359,TRANSITO,47.59,3.107,143.82,70.4,71.2,5,0,128,81.24,1529.6,NORMAL,0
U01969,SAUDE,48.26,2.934,50.76,40.87,48.91,0,0,7,91.84,1095.04,NORMAL,0
U01325,TELECOM,54.48,3.922,165.34,57.69,79.4,3,0,104,30.14,1330.36,NORMAL,0
U06852,TRANSITO,52.21,2.694,93.64,40.12,51.5,6,0,65,65.49,870.49,NORMAL,0
U03681,TRANSITO,38.08,1.496,43.9,34.81,33.28,4,0,63,48.56,647.0,NORMAL,0
U08965,SAUDE,44.75,1.047,99.27,27.02,51.89,1,1,55,86.28,1179.56,NORMAL,0
U07767,TRANSITO,50.47,2.191,77.57,53.55,44.15,3,1,79,75.29,809.28,NORMAL,0
U05285,SAUDE,34.45,2.769,144.98,61.95,67.6,2,1,54,80.48,1507.59,NORMAL,0
U08646,TRANSITO,47.73,2.32,124.87,63.86,60.35,2,1,100,67.63,1281.21,NORMAL,0
U05375,TRANSITO,40.98,2.357,61.57,76.39,33.01,2,0,74,57.12,943.47,NORMAL,0
U01213,AGUA,32.37,3.616,130.55,42.17,59.12,3,1,66,69.04,977.14,NORMAL,0
U02920,AGUA,,4.215,144.09,20.84,76.71,0,2,71,53.64,1143.95,NORMAL,0
U06539,TELECOM,45.55,2.279,122.98,56.43,66.77,6,1,64,62.47,1392.1,NORMAL,0
U01737,ENERGIA,54.43,2.345,124.24,42.39,66.34,1,0,109,75.91,879.55,NORMAL,0
U02800,TRANSITO,44.78,2.594,102.66,13.35,72.04,3,1,36,63.25,963.18,NORMAL,0
U00407,ENERGIA,49.94,2.54,107.74,46.68,44.73,1,2,69,70.28,737.19,NORMAL,0
U08771,ENERGIA,43.36,1.091,121.53,13.12,45.07,1,1,95,63.87,768.75,NORMAL,0
U09585,ENERGIA,41.12,2.411,111.28,5.95,49.14,2,1,125,80.61,658.15,NORMAL,0
U02097,ENERGIA,41.48,3.238,99.04,35.84,47.54,2,0,4,81.1,1365.65,NORMAL,0
U03581,TELECOM,59.05,4.82,123.51,112.66,94.29,4,1,6,86.73,1440.94,NORMAL,0
U03946,AGUA,34.52,1.897,116.92,60.11,31.27,2,0,132,96.99,576.09,NORMAL,0
U08466,SAUDE,39.62,3.328,93.78,21.08,48.06,3,1,91,67.29,1235.61,NORMAL,0
U08701,AGUA,34.54,2.753,85.59,41.53,52.77,1,0,3,93.84,567.45,URGENTE,0
U09240,ENERGIA,45.26,2.009,80.51,79.65,39.11,4,1,55,68.32,757.59,CRITICO,0
U09991,TRANSITO,36.7,,75.25,48.63,47.36,2,0,9,79.0,812.41,NORMAL,0
U07938,TRANSITO,46.83,2.658,149.01,70.91,82.24,2,1,20,68.62,1242.66,NORMAL,0
U01465,TRANSITO,46.42,2.898,103.2,,62.6,3,0,114,98.99,1106.15,NORMAL,0
U07030,SAUDE,56.99,4.043,142.61,41.96,89.86,4,0,94,45.05,1034.73,NORMAL,0
U05077,SAUDE,42.25,4.019,154.28,19.64,72.41,4,1,139,52.86,973.91,NORMAL,0
U07590,TELECOM,42.72,,140.97,73.18,58.81,1,1,104,42.44,916.71,NORMAL,0
U06528,TRANSITO,44.8,3.021,111.7,18.09,47.92,2,0,115,90.57,1004.66,CRITICO,0
U04946,TRANSITO,41.24,,54.93,30.82,38.06,2,1,97,52.57,838.16,NORMAL,0
U03004,ENERGIA,44.95,2.09,123.81,70.5,42.03,3,0,73,57.68,941.61,URGENTE,0
U07502,AGUA,36.78,4.391,134.41,64.91,71.84,4,1,142,40.9,1462.02,NORMAL,1
U01648,AGUA,,3.556,153.28,57.23,75.65,6,1,99,61.48,1439.25,CRITICO,1
U02914,SAUDE,52.12,2.01,132.48,59.71,68.23,5,3,128,66.93,1480.03,NORMAL,0
U07261,SAUDE,46.8,1.263,61.97,56.29,38.98,2,0,10,45.2,1249.46,NORMAL,0
U00276,AGUA,40.85,1.522,104.15,5.4,56.82,1,0,137,57.98,1098.64,NORMAL,0
U00966,TRANSITO,49.13,2.777,160.91,60.99,64.55,3,0,131,60.12,1379.4,NORMAL,0
U06636,TRANSITO,49.93,2.169,145.52,91.34,76.25,5,1,138,51.12,982.55,NORMAL,0
U03118,TELECOM,42.18,3.024,114.86,16.71,45.13,4,1,90,62.36,617.69,NORMAL,0
U08087,ENERGIA,45.1,2.934,108.66,222.26,35.88,2,1,92,39.15,483.7,NORMAL,0
U08343,AGUA,41.31,3.711,110.9,117.44,73.37,2,1,44,44.41,1008.63,URGENTE,0
U01002,SAUDE,38.75,1.722,70.32,63.29,34.16,1,1,112,93.06,861.28,NORMAL,0
U08155,ENERGIA,43.82,8.653,114.89,13.65,74.02,2,0,64,73.96,1276.22,CRITICO,1
U08285,ENERGIA,47.18,3.621,77.11,,48.68,1,0,87,80.55,1068.14,NORMAL,0
U01351,SAUDE,34.32,2.645,173.52,89.39,72.18,0,0,120,83.75,1202.49,NORMAL,0
U01826,AGUA,44.03,2.43,118.76,47.11,62.76,3,1,84,39.83,872.96,NORMAL,0
U01074,TRANSITO,42.84,2.081,125.98,,60.97,2,1,89,97.9,1303.51,NORMAL,0
U06576,SAUDE,41.17,3.437,102.84,3.06,52.05,1,0,104,78.47,1294.98,NORMAL,0
U09848,AGUA,37.59,2.031,80.84,68.39,39.63,2,0,43,64.64,885.32,NORMAL,0
U00903,ENERGIA,46.39,2.664,89.88,107.16,50.34,1,0,92,67.4,1054.01,URGENTE,0
U02710,ENERGIA,42.44,3.995,160.65,92.41,70.69,2,0,117,78.72,996.38,URGENTE,1
U01443,SAUDE,33.67,1.582,87.41,48.59,61.06,3,1,11,60.89,1229.07,NORMAL,0
U07710,TRANSITO,51.0,1.326,131.23,72.78,75.66,2,1,110,62.23,1301.05,NORMAL,0
U02053,AGUA,39.28,,135.01,46.58,76.82,2,1,39,50.46,1061.91,NORMAL,0
U09682,ENERGIA,59.77,3.913,129.69,81.19,80.03,4,0,47,80.1,1338.09,CRITICO,1
U05283,ENERGIA,42.73,3.739,112.13,60.52,54.56,1,1,124,58.99,1399.7,NORMAL,0
U00295,TRANSITO,48.79,3.606,149.97,14.61,81.52,7,0,119,62.21,1602.61,NORMAL,0
U06021,ENERGIA,57.53,3.228,145.26,83.75,66.56,5,1,93,47.32,1235.13,NORMAL,0
U02380,TRANSITO,51.24,2.589,127.69,10.53,67.43,5,1,77,63.16,1411.15,NORMAL,0
U06615,ENERGIA,,2.32,102.35,28.26,62.39,2,0,14,50.34,1164.78,NORMAL,0
U02460,SAUDE,,2.96,116.14,23.27,63.08,1,0,24,50.6,829.18,URGENTE,1
U09015,TELECOM,36.42,2.783,108.44,4.11,40.55,6,0,104,59.56,959.55,NORMAL,0
U05037,ENERGIA,45.62,3.737,104.34,41.19,55.51,3,1,65,69.38,1008.7,URGENTE,0
U08805,SAUDE,37.8,1.665,63.57,96.35,37.85,0,2,6,61.76,951.8,NORMAL,0
U03235,TELECOM,43.78,3.215,100.04,3.47,87.04,3,0,5,91.51,1309.37,URGENTE,0
U07376,SAUDE,48.75,2.159,147.1,6.18,59.63,2,0,91,50.77,825.2,NORMAL,0
U04081,SAUDE,35.89,,105.98,72.41,52.66,2,0,26,60.51,1363.83,URGENTE,1
U01453,ENERGIA,44.13,3.778,66.75,36.51,31.89,3,1,25,42.76,688.62,NORMAL,0
U05279,SAUDE,36.82,3.12,137.94,90.43,58.45,8,1,121,74.76,738.6,NORMAL,0
U04508,AGUA,39.87,3.413,68.82,39.45,52.8,2,1,4,37.81,1218.69,NORMAL,0
U03277,AGUA,,4.04,85.24,77.2,63.73,3,0,27,29.85,1185.09,NORMAL,0
U05424,AGUA,42.12,3.759,121.07,12.51,70.54,3,0,11,45.41,1130.34,NORMAL,0
U06688,TRANSITO,48.44,2.858,93.52,117.01,61.74,4,0,109,65.32,1232.03,NORMAL,0
U02733,TRANSITO,47.36,2.765,124.07,101.14,63.3,3,2,62,49.45,944.44,NORMAL,0
U06068,TELECOM,39.1,3.201,162.24,24.59,74.8,3,1,124,49.49,917.19,NORMAL,0
U07866,ENERGIA,47.63,2.108,136.39,30.38,64.3,7,0,127,57.51,1568.32,NORMAL,0
U04806,AGUA,50.56,3.449,155.86,89.76,82.24,3,0,51,65.51,1388.11,NORMAL,0
U08841,TRANSITO,50.95,2.089,97.17,,62.89,2,1,28,56.87,1041.63,NORMAL,0
U04478,TRANSITO,49.03,1.434,108.29,8.36,42.6,2,0,106,59.57,483.66,NORMAL,0
U06117,AGUA,37.35,3.582,103.65,99.34,60.22,3,0,32,56.69,777.69,NORMAL,0
U04240,TRANSITO,53.84,0.343,70.94,18.32,48.89,0,3,58,84.52,881.14,URGENTE,0
U06050,SAUDE,39.14,2.867,131.64,52.41,74.94,2,1,108,81.71,965.31,URGENTE,0
U08352,TELECOM,56.47,3.165,163.04,28.62,84.08,7,0,20,45.16,1151.97,NORMAL,0
U04368,TRANSITO,43.16,9.356,118.08,77.62,70.39,2,1,30,65.21,1424.73,CRITICO,1
U00844,SAUDE,47.76,2.934,116.61,55.7,68.7,3,2,69,63.73,1164.7,NORMAL,0
U07887,TELECOM,43.31,2.284,87.92,9.44,53.5,2,0,74,54.32,847.45,NORMAL,0
U00215,SAUDE,42.03,2.863,96.94,43.7,65.79,2,0,14,68.81,1315.02,NORMAL,0
U09849,SAUDE,38.03,1.825,108.75,16.57,69.85,5,0,2,63.27,1253.4,NORMAL,0
U08195,TELECOM,43.2,1.946,100.38,,50.84,0,0,92,72.71,856.0,NORMAL,0
U01806,ENERGIA,50.23,2.118,86.97,91.61,47.68,3,2,40,60.15,896.17,NORMAL,0
U09127,SAUDE,43.22,3.228,128.37,46.59,81.74,4,0,8,47.11,981.19,NORMAL,0
U04113,ENERGIA,41.58,3.76,99.94,21.5,38.89,1,1,104,75.99,585.5,NORMAL,0
U05364,ENERGIA,48.42,2.632,95.06,2.0,33.48,2,1,46,48.01,793.4,NORMAL,0
U08528,AGUA,38.85,1.997,136.25,38.01,69.37,3,0,102,46.62,1318.24,URGENTE,1
U03554,SAUDE,41.95,0.932,109.14,97.24,45.82,0,0,74,58.66,545.13,NORMAL,0
U00974,SAUDE,42.66,2.109,139.01,31.58,71.67,2,0,108,59.25,1340.04,NORMAL,0
U05221,AGUA,35.46,,121.3,56.3,68.27,5,1,59,68.39,1295.06,NORMAL,0
U00336,ENERGIA,49.86,4.245,151.26,121.72,82.54,5,2,6,36.86,1338.05,NORMAL,0
U05650,ENERGIA,40.52,2.074,85.28,53.17,41.08,4,0,41,63.84,750.9,NORMAL,0
U01981,TELECOM,52.99,2.4,131.62,26.97,52.27,3,1,98,53.61,1218.85,NORMAL,0
U01058,AGUA,39.38,4.816,158.77,63.61,69.08,5,0,132,78.14,1168.08,NORMAL,0
U05890,ENERGIA,45.81,1.476,110.34,123.16,44.24,4,1,7,83.01,598.9,NORMAL,0
U07747,TELECOM,48.98,2.146,129.13,38.68,78.22,5,0,107,44.82,1211.07,NORMAL,0
U09165,TRANSITO,55.72,3.213,143.28,39.46,72.98,5,1,117,51.01,1586.13,CRITICO,1
U09336,ENERGIA,42.41,2.654,97.85,53.98,57.31,1,1,125,41.89,848.69,CRITICO,1
U03342,ENERGIA,53.05,1.262,108.31,60.44,55.19,0,1,122,51.03,1077.69,NORMAL,0
U06243,AGUA,43.87,,131.36,42.47,82.34,0,0,5,78.86,1022.95,NORMAL,0
U08783,AGUA,135.84,4.49,128.89,67.97,68.78,2,1,128,65.62,841.93,CRITICO,1
U02335,TELECOM,161.81,1.722,104.02,44.02,36.96,2,0,81,65.03,1035.26,NORMAL,0
U02860,TELECOM,54.5,3.464,136.2,31.95,65.1,3,1,74,47.72,1414.17,NORMAL,0
U04426,AGUA,41.72,3.531,99.66,47.86,71.31,3,1,115,73.74,1117.0,NORMAL,0
U08586,ENERGIA,44.81,2.592,153.1,54.74,62.15,0,0,139,58.14,986.41,NORMAL,0
U09926,TRANSITO,162.6,4.07,168.21,37.41,100.0,2,0,42,65.62,1223.11,NORMAL,0
U07110,AGUA,43.98,2.744,178.33,63.08,100.0,4,0,89,15.0,1263.69,NORMAL,0
U08471,ENERGIA,38.22,,81.56,122.39,35.75,3,0,111,42.48,872.16,NORMAL,0
U01759,SAUDE,44.72,0.178,99.74,96.02,41.54,2,0,100,83.63,831.62,NORMAL,0
U04569,ENERGIA,48.6,2.852,130.2,28.63,54.43,0,1,136,58.54,1107.82,NORMAL,0
U00461,TRANSITO,38.12,0.653,83.36,45.47,42.0,1,0,33,73.24,639.0,NORMAL,0
U00629,TELECOM,46.22,1.883,52.4,45.15,29.91,2,1,61,83.7,630.86,NORMAL,0
U01015,ENERGIA,49.43,2.68,136.05,28.88,55.79,4,0,76,55.91,1387.37,NORMAL,0
U08601,SAUDE,35.72,2.335,96.46,33.35,55.44,2,1,3,80.8,1150.12,NORMAL,0
U06779,AGUA,42.25,2.592,136.93,75.12,93.42,1,0,25,60.55,1458.88,NORMAL,0
U09039,ENERGIA,45.45,2.951,140.89,16.74,62.55,2,0,119,55.74,1364.99,NORMAL,0
U06543,SAUDE,45.26,2.676,140.76,90.49,72.95,3,0,58,57.36,1224.21,NORMAL,0
U03257,ENERGIA,50.25,2.722,134.99,50.08,89.65,6,1,63,58.36,1157.41,NORMAL,0
U02157,TELECOM,51.53,,90.99,7.41,61.25,4,0,80,75.84,1166.94,CRITICO,1
U06358,TRANSITO,53.68,4.279,117.85,15.68,77.66,1,0,2,57.86,1433.58,NORMAL,0
U09488,AGUA,33.41,4.57,91.45,49.23,67.01,2,0,45,44.29,733.25,NORMAL,0
U09238,ENERGIA,40.56,4.431,112.9,60.66,59.69,2,0,125,65.57,871.35,NORMAL,0
U07627,TELECOM,37.95,3.16,76.87,171.51,20.25,3,0,105,82.43,565.33,NORMAL,0
U00912,SAUDE,40.32,3.229,93.72,,39.1,3,0,98,56.26,717.43,NORMAL,0
U04018,AGUA,44.89,3.149,81.49,43.9,65.97,1,0,15,54.56,1071.66,NORMAL,0
U01843,AGUA,35.16,,130.85,6.69,68.55,2,0,128,59.8,862.48,NORMAL,0
U04327,TELECOM,44.75,2.621,98.0,,42.53,1,1,56,34.51,965.99,NORMAL,0
U08341,AGUA,44.45,3.033,115.01,59.85,88.89,4,1,39,85.62,1404.57,NORMAL,0
U02742,TELECOM,54.41,3.333,82.37,19.5,56.83,1,1,76,65.87,1103.26,NORMAL,0
U00460,SAUDE,110.87,2.406,124.33,18.63,50.08,1,1,84,75.1,1028.93,NORMAL,0
U01358,ENERGIA,52.26,3.275,110.46,101.38,54.23,0,0,100,76.91,1154.31,NORMAL,0
U00232,SAUDE,35.74,2.084,117.8,37.82,62.07,4,0,94,49.26,1482.47,NORMAL,0
U01657,SAUDE,41.38,2.51,94.59,34.95,47.03,5,2,64,46.87,996.85,NORMAL,0
U07448,SAUDE,43.66,,187.69,29.7,86.43,2,0,127,60.9,1649.22,NORMAL,0
U09915,SAUDE,42.78,2.262,143.97,21.42,71.51,4,0,120,49.82,1006.5,NORMAL,0
U02604,TRANSITO,46.57,1.741,79.66,12.23,34.64,3,0,20,46.78,486.63,NORMAL,0
U00703,TELECOM,39.89,1.805,77.62,61.74,30.64,2,0,124,67.84,734.31,URGENTE,0
U07066,SAUDE,40.32,3.345,136.74,55.95,54.56,3,0,98,63.04,1326.01,NORMAL,0
U03837,ENERGIA,40.56,4.049,52.73,33.24,39.82,1,0,8,26.49,516.57,NORMAL,0
U05475,TRANSITO,57.16,2.942,120.66,,78.76,3,0,63,67.75,1187.32,NORMAL,0
U08462,SAUDE,39.26,1.664,120.86,56.04,53.76,5,0,64,68.92,765.25,URGENTE,0
U00894,TRANSITO,40.77,3.101,70.66,46.72,43.3,2,0,29,84.62,819.5,CRITICO,1
U01219,TELECOM,51.63,1.61,84.47,32.23,38.4,2,1,78,62.28,705.68,URGENTE,0
U02447,AGUA,42.53,3.6,107.89,55.24,67.81,5,0,58,63.43,778.79,NORMAL,0
U08807,TRANSITO,50.93,2.555,126.33,53.61,65.08,4,0,27,42.33,1292.92,NORMAL,0
U06630,TRANSITO,33.42,,181.46,85.73,83.76,3,4,126,83.43,1126.55,NORMAL,0
U01833,ENERGIA,50.21,3.139,98.66,44.57,49.56,1,2,50,41.35,924.03,URGENTE,0
U06729,ENERGIA,52.29,3.05,116.66,21.7,38.1,5,0,131,65.2,1062.5,CRITICO,1
U04529,ENERGIA,38.32,3.734,154.95,63.01,64.59,3,0,116,59.12,1243.2,NORMAL,0
U00759,TELECOM,46.92,4.135,133.55,36.8,72.78,7,0,51,70.84,1051.25,URGENTE,0
U07169,ENERGIA,39.24,1.85,112.57,21.82,66.87,3,0,39,88.77,1303.01,NORMAL,0
U01949,TRANSITO,40.24,1.543,54.13,32.03,38.57,1,1,48,82.72,548.87,NORMAL,0
U08626,AGUA,47.28,3.615,121.44,14.73,64.89,4,0,75,54.41,1023.22,NORMAL,0
U00940,ENERGIA,46.44,3.141,92.49,7.93,47.98,0,0,62,48.26,902.2,NORMAL,0
U03727,ENERGIA,48.48,3.276,142.39,67.73,52.74,6,0,43,74.02,860.17,NORMAL,0
U09950,TELECOM,,0.993,114.12,47.0,45.85,2,0,86,47.59,1065.8,URGENTE,0
U04687,SAUDE,47.69,2.401,123.17,11.22,55.73,3,1,58,75.85,804.89,NORMAL,0
U07072,AGUA,37.46,2.699,70.9,21.34,54.5,0,0,8,29.93,827.03,NORMAL,0
U05413,SAUDE,37.06,1.778,150.15,52.93,61.55,1,2,93,58.5,1328.98,NORMAL,0
U02510,AGUA,39.35,4.168,188.53,44.3,89.67,2,0,140,71.52,1538.26,NORMAL,0
U00059,SAUDE,54.34,2.047,127.59,61.28,59.6,1,0,143,47.04,1255.29,NORMAL,0
U09041,TRANSITO,54.26,3.195,137.25,42.17,90.58,4,1,74,75.37,1821.44,NORMAL,0
U02859,SAUDE,40.61,3.014,135.19,18.23,66.08,2,0,108,65.81,1139.37,NORMAL,0
U00013,AGUA,49.18,3.018,153.42,93.18,89.63,4,0,73,27.02,1225.41,NORMAL,0
U07822,SAUDE,42.84,1.899,128.57,6.4,39.38,3,1,130,90.89,726.56,NORMAL,0
U04857,ENERGIA,24.49,1.871,109.52,5.97,41.05,1,0,119,29.62,650.32,NORMAL,0
U07569,TRANSITO,51.21,2.74,80.12,85.49,37.25,6,1,131,58.75,677.61,NORMAL,0
U00573,AGUA,39.6,3.299,136.45,28.56,61.11,4,0,32,64.05,890.76,NORMAL,0
U00906,TELECOM,48.04,3.31,111.15,36.32,50.24,1,0,129,66.11,1041.89,CRITICO,1
U07147,SAUDE,38.42,3.006,139.75,20.92,60.96,3,0,135,35.82,1415.43,NORMAL,0
U05619,ENERGIA,42.83,1.992,155.43,22.03,61.57,5,2,135,59.67,597.52,NORMAL,0
U05099,AGUA,39.6,2.284,101.98,48.18,64.32,3,2,102,61.38,1149.37,NORMAL,0
U00401,SAUDE,50.11,2.088,137.63,20.48,73.54,1,0,77,51.96,996.03,NORMAL,0
U09657,TELECOM,44.58,3.203,148.41,81.85,75.69,3,0,131,44.79,1465.62,NORMAL,0
U04631,SAUDE,50.72,3.183,132.16,14.65,73.06,3,0,140,47.91,1577.87,NORMAL,0
U02571,TELECOM,34.37,2.29,87.06,41.02,50.38,3,0,86,59.6,946.76,NORMAL,0
U07163,SAUDE,49.5,1.903,147.33,5.21,74.09,5,0,49,79.57,1163.45,URGENTE,0
U00892,AGUA,42.2,3.506,143.19,40.16,56.02,3,0,94,42.47,1172.23,NORMAL,0
U08880,ENERGIA,52.61,4.621,199.58,54.74,100.0,3,4,118,58.52,1394.62,NORMAL,0
U08911,AGUA,38.94,2.891,121.48,50.44,44.67,1,1,72,81.93,499.34,NORMAL,0
U08101,AGUA,30.03,3.129,131.14,24.59,60.73,1,2,94,87.85,1227.93,NORMAL,0
U06134,TELECOM,243.8,2.69,136.71,40.48,86.26,7,0,35,41.67,1342.33,NORMAL,0
U04985,TELECOM,51.65,2.213,113.13,94.55,66.92,5,0,7,46.23,1444.25,NORMAL,0
U07350,ENERGIA,47.95,3.225,114.63,55.59,66.76,3,1,70,61.28,874.44,URGENTE,0
U07007,ENERGIA,42.68,3.067,117.62,57.83,72.63,1,1,31,52.32,1390.06,NORMAL,0
U00521,TRANSITO,56.2,3.287,109.26,20.9,62.15,0,2,5,57.31,1029.67,NORMAL,0
U03462,SAUDE,43.99,2.514,137.91,24.52,80.42,5,1,110,49.87,1457.74,NORMAL,0
U09618,AGUA,31.39,3.427,118.12,22.49,63.2,3,2,69,84.25,779.8,NORMAL,0
U08607,ENERGIA,46.3,3.564,161.38,66.45,88.46,7,1,75,68.65,1480.75,NORMAL,0
U09826,AGUA,41.54,0.757,29.23,2.56,19.09,1,1,34,74.81,949.05,NORMAL,0
U07835,ENERGIA,43.45,3.639,82.45,21.21,47.05,3,0,100,61.6,689.6,NORMAL,0
U06840,TELECOM,35.75,3.238,118.26,39.53,49.35,4,0,87,54.02,888.79,NORMAL,0
U01663,AGUA,32.16,3.672,98.18,20.95,52.67,3,0,4,40.55,758.12,NORMAL,0
U06503,AGUA,48.15,4.386,122.18,117.59,68.84,2,0,80,54.93,1488.07,NORMAL,0
U02095,SAUDE,47.46,3.25,82.97,115.49,53.73,2,1,41,83.01,940.84,NORMAL,0
U01436,SAUDE,,1.869,121.71,56.87,58.76,3,1,137,35.8,1039.95,NORMAL,0
U08479,TELECOM,43.33,3.984,100.85,45.57,60.91,1,0,63,79.11,1002.54,NORMAL,0
U04954,SAUDE,38.58,2.276,96.68,3.99,60.13,0,1,45,57.53,1033.73,NORMAL,0
U07378,SAUDE,,2.372,167.28,33.4,68.13,2,1,100,54.67,934.58,NORMAL,0
U03215,SAUDE,45.55,1.502,128.14,21.38,61.71,4,0,144,81.41,1010.88,NORMAL,0
U09648,SAUDE,53.17,2.384,119.78,66.71,68.67,1,0,82,85.59,1238.13,NORMAL,0
U09426,ENERGIA,53.87,2.108,147.39,89.23,50.52,1,0,132,81.84,1193.86,URGENTE,0
U09284,SAUDE,47.78,,137.32,44.1,77.33,2,0,73,66.21,968.34,NORMAL,0
U09605,ENERGIA,44.04,2.653,116.08,84.83,41.21,2,1,139,46.8,872.99,NORMAL,0
U07225,TELECOM,46.9,1.781,86.59,33.85,36.1,3,0,97,80.74,673.89,NORMAL,0
U01231,AGUA,35.88,2.873,107.29,51.42,48.15,4,0,44,43.51,754.35,NORMAL,0
U06629,ENERGIA,51.88,3.46,106.59,61.0,60.96,1,0,52,56.46,1334.03,NORMAL,0
U08887,TELECOM,34.88,2.07,160.41,22.38,76.18,6,1,63,74.59,1141.03,NORMAL,0
U01338,ENERGIA,56.26,2.18,138.98,29.89,80.72,3,0,20,55.75,1023.13,NORMAL,0
U07429,AGUA,31.81,1.69,81.61,45.83,31.75,5,0,46,50.81,662.51,NORMAL,0
U08445,SAUDE,41.08,,69.14,14.33,47.46,5,0,5,56.66,1380.0,NORMAL,0
U08288,SAUDE,43.21,,115.13,60.03,57.6,1,1,88,95.44,907.34,NORMAL,0
U00736,ENERGIA,47.09,,80.48,14.32,62.59,5,1,97,73.69,1412.01,NORMAL,0
U01596,AGUA,37.03,2.796,101.08,46.56,62.71,2,0,24,34.99,1401.33,NORMAL,0
U09228,ENERGIA,49.19,2.533,131.75,36.6,63.34,3,0,42,54.68,801.58,URGENTE,0
U07911,ENERGIA,50.22,2.568,109.59,27.9,52.5,4,1,56,76.2,667.9,NORMAL,0
U06791,TRANSITO,58.89,2.417,145.29,34.29,78.58,4,0,85,58.67,1051.3,NORMAL,0
U02433,SAUDE,48.56,2.736,99.83,,47.37,0,0,73,84.45,353.58,NORMAL,0
U05307,TELECOM,54.71,1.765,96.42,16.18,62.1,5,0,57,69.11,1001.59,URGENTE,0
U05903,TELECOM,49.98,3.482,108.93,62.43,41.25,4,1,138,95.31,1154.7,NORMAL,0
U08608,ENERGIA,47.26,3.641,73.65,42.53,61.98,3,1,44,62.76,1067.65,NORMAL,0
U03503,AGUA,36.92,3.051,115.86,134.74,60.04,3,0,75,48.93,1024.43,NORMAL,0
U08529,TELECOM,54.96,2.373,157.29,21.7,67.15,3,1,142,52.47,1326.84,NORMAL,0
U02869,SAUDE,,2.8,107.04,88.99,58.36,3,0,90,43.56,1157.13,CRITICO,1
U07240,AGUA,46.65,,141.99,6.25,78.15,4,0,132,67.72,1398.18,NORMAL,0
U03419,ENERGIA,45.18,1.829,102.63,46.34,45.22,2,0,102,73.48,818.19,NORMAL,0
U03863,ENERGIA,49.37,3.367,136.9,46.53,57.27,5,0,57,100.0,981.17,URGENTE,0
U01386,TELECOM,43.51,2.683,149.97,20.72,69.01,2,0,125,52.67,774.05,NORMAL,0
U04138,TRANSITO,46.36,3.081,145.8,38.97,72.88,6,0,44,66.66,1162.66,URGENTE,1
U00190,ENERGIA,51.92,3.283,129.28,7.89,78.85,5,4,22,35.26,1421.02,NORMAL,0
U09836,TRANSITO,46.26,,106.45,135.46,92.23,3,1,55,48.83,1759.15,NORMAL,0
U09969,ENERGIA,54.04,2.74,138.2,61.35,69.39,1,0,64,68.74,936.91,NORMAL,0
U03953,AGUA,41.34,2.508,98.63,22.11,50.08,4,1,76,67.6,716.25,NORMAL,0
U04395,TELECOM,51.37,1.283,183.51,38.95,79.05,3,0,123,87.76,1346.32,NORMAL,0
U07082,TELECOM,54.79,3.198,131.34,45.04,63.3,2,1,118,57.58,913.43,NORMAL,0
U08046,AGUA,41.56,1.571,89.66,36.25,54.22,1,0,60,78.91,490.03,NORMAL,0
U04593,ENERGIA,45.66,3.933,155.35,49.45,60.22,3,2,117,54.2,1228.99,CRITICO,1
U02021,TELECOM,45.12,2.943,127.5,32.45,74.62,3,0,20,57.59,1112.24,NORMAL,0
U00290,TRANSITO,44.35,2.752,90.41,75.86,59.84,3,1,5,64.04,1179.6,NORMAL,0
U09245,AGUA,47.06,2.685,93.46,72.57,54.49,2,0,75,79.16,1185.96,CRITICO,1
U09052,SAUDE,49.34,3.784,104.73,22.58,63.76,5,2,86,73.57,968.45,NORMAL,0
U09209,ENERGIA,,2.307,134.54,11.05,62.13,4,2,6,60.82,1008.27,NORMAL,0
U07158,ENERGIA,39.35,4.072,105.97,103.96,24.92,2,0,78,59.9,806.22,NORMAL,0
U05260,ENERGIA,52.48,4.374,111.51,87.96,58.37,2,0,3,61.75,1062.2,NORMAL,0
U06841,ENERGIA,56.27,3.006,153.72,30.11,91.53,4,1,15,69.76,1571.31,NORMAL,0
U03848,ENERGIA,43.24,3.149,46.61,54.1,45.21,0,1,74,68.76,997.89,NORMAL,0
U09311,SAUDE,44.4,2.242,113.44,48.58,60.05,1,0,135,48.16,863.67,NORMAL,0
U00064,SAUDE,37.43,3.078,133.73,46.87,76.6,2,0,7,57.5,1252.09,NORMAL,0
U07027,SAUDE,36.9,1.969,76.66,92.53,54.05,2,0,15,63.88,917.25,NORMAL,0
U00646,AGUA,40.81,1.597,95.16,18.52,71.88,2,0,44,41.0,1285.01,NORMAL,0
U09133,TELECOM,49.73,2.239,108.31,22.93,42.62,2,2,69,42.33,869.32,URGENTE,0
U09747,TRANSITO,52.11,6.763,175.63,43.99,85.57,2,0,103,60.56,1266.93,CRITICO,1
U04512,ENERGIA,60.99,3.785,160.94,21.54,87.34,4,1,67,39.91,1250.23,NORMAL,0
U02834,AGUA,34.37,2.473,67.91,24.17,22.64,4,0,32,49.24,701.46,NORMAL,0
U08495,TRANSITO,,1.814,88.35,5.13,44.14,5,1,43,62.64,752.53,NORMAL,0
U03804,AGUA,48.07,2.326,150.27,19.16,92.67,2,0,42,33.11,1553.6,NORMAL,0
U04177,SAUDE,22.07,2.472,83.55,,21.88,2,0,126,58.95,444.52,NORMAL,0
U02472,AGUA,32.66,3.311,109.08,64.78,60.63,4,0,33,88.76,839.96,NORMAL,0
U09217,AGUA,29.35,2.933,93.03,27.72,53.06,2,1,62,52.32,726.25,NORMAL,0
U00870,AGUA,41.34,3.429,66.03,52.52,42.75,0,0,30,70.63,1088.16,NORMAL,0
U02301,SAUDE,49.14,1.926,159.71,54.1,76.74,4,0,70,60.22,1319.01,NORMAL,0
U07316,AGUA,39.64,1.75,102.62,21.51,57.65,3,0,92,73.14,1389.84,NORMAL,0
U03557,SAUDE,38.75,1.331,115.48,29.61,37.36,1,0,126,69.63,727.01,NORMAL,0
U05627,AGUA,36.58,3.661,64.22,56.85,40.29,0,1,68,65.53,789.5,CRITICO,1
U03975,ENERGIA,55.66,4.216,173.72,67.35,91.42,4,1,89,67.37,1614.97,NORMAL,0
U07801,ENERGIA,55.26,3.665,171.61,29.7,72.48,4,1,136,73.2,1103.79,CRITICO,1
U05408,SAUDE,51.55,3.39,109.23,59.11,87.27,3,0,26,67.43,1181.31,NORMAL,0
U09307,TELECOM,52.47,2.661,113.0,28.92,68.98,1,2,55,59.85,1201.58,URGENTE,0
U04967,AGUA,48.84,2.223,104.13,10.4,57.0,2,0,143,76.8,1030.94,NORMAL,0
U01178,ENERGIA,51.09,4.292,135.26,37.99,69.49,2,0,104,89.35,1019.14,NORMAL,0
U06605,SAUDE,40.66,2.333,89.53,36.32,46.42,0,0,44,44.95,796.8,NORMAL,0
U03652,TRANSITO,42.92,1.544,128.26,16.14,76.45,1,0,48,88.51,1232.75,NORMAL,0
U01945,ENERGIA,55.7,4.059,73.95,19.64,53.03,3,1,96,59.36,793.68,NORMAL,0
U03891,AGUA,37.44,2.59,122.43,36.35,58.12,6,1,39,47.04,980.06,NORMAL,0
U07334,AGUA,45.56,3.871,156.77,,82.92,2,1,63,80.51,1236.05,NORMAL,0
U07409,TELECOM,45.32,2.069,107.79,59.36,50.94,3,0,50,62.11,1085.52,NORMAL,0
U09493,ENERGIA,38.62,3.129,120.51,40.18,50.0,1,2,46,95.35,688.28,URGENTE,0
U00937,ENERGIA,52.41,8.261,144.13,12.07,77.56,4,0,90,50.86,1320.52,URGENTE,1
U05738,TRANSITO,48.77,2.755,102.45,129.77,66.04,4,0,30,67.92,993.07,NORMAL,0
U00237,ENERGIA,52.14,2.191,98.67,18.05,65.79,0,0,33,72.66,1264.97,NORMAL,0
U08312,TRANSITO,44.32,1.003,116.03,71.1,56.59,1,1,61,43.72,1346.93,NORMAL,0
U09762,ENERGIA,44.5,3.472,133.5,97.69,66.66,3,3,97,65.63,1213.13,URGENTE,1
U05605,SAUDE,33.14,1.33,119.39,44.63,65.08,1,1,105,63.21,700.17,NORMAL,0
U01307,ENERGIA,45.44,3.144,104.78,47.42,44.72,2,1,17,72.26,982.69,NORMAL,0
U02141,ENERGIA,53.27,2.219,126.19,57.38,63.04,4,2,128,53.36,976.35,NORMAL,0
U09223,ENERGIA,51.92,2.792,142.52,107.78,65.51,6,2,77,43.86,918.41,NORMAL,0
U00578,SAUDE,43.97,1.998,123.58,42.63,63.92,3,0,116,57.15,771.87,NORMAL,0
U07718,SAUDE,38.23,2.781,75.22,56.93,38.7,3,1,43,67.3,841.82,URGENTE,0
U02349,ENERGIA,217.33,4.318,126.77,78.44,85.75,1,0,116,81.81,1119.66,NORMAL,0
U00299,ENERGIA,51.81,2.641,104.96,55.32,57.98,3,1,46,70.23,834.67,NORMAL,0
U04451,ENERGIA,49.45,2.849,63.16,40.0,38.81,7,0,31,86.53,981.0,NORMAL,0
U02168,SAUDE,90.71,1.871,42.2,72.99,30.49,4,1,10,75.82,568.59,NORMAL,0
U02919,ENERGIA,39.8,2.692,110.2,31.7,58.07,6,2,128,64.08,927.52,NORMAL,0
U08327,AGUA,41.0,2.108,114.62,114.62,68.76,2,1,8,81.3,928.3,NORMAL,0
U04635,SAUDE,35.55,2.034,123.6,,66.1,4,1,112,66.75,1151.26,NORMAL,0
U02354,TRANSITO,48.35,4.28,138.48,103.11,85.99,3,2,108,58.11,1368.21,URGENTE,0
U01732,ENERGIA,57.11,4.853,167.89,22.98,87.29,3,0,131,55.25,1288.36,NORMAL,0
U01383,TELECOM,51.79,3.054,130.98,,79.5,2,0,82,48.94,1181.26,NORMAL,0
U07015,TRANSITO,,2.903,91.34,35.41,39.34,2,1,70,41.11,1146.18,NORMAL,0
U08595,TRANSITO,50.02,1.754,117.58,115.93,47.85,1,1,123,42.07,905.01,NORMAL,0
U05316,TRANSITO,26.69,2.94,79.8,29.0,42.73,1,0,42,81.68,941.02,NORMAL,0
U04242,AGUA,40.59,3.575,131.99,84.25,34.49,1,0,60,48.97,908.95,NORMAL,0
U01889,SAUDE,28.41,1.948,95.64,70.6,33.9,2,0,117,57.4,968.77,NORMAL,0
U09318,SAUDE,51.25,2.245,130.66,2.13,64.72,3,0,109,68.2,976.25,NORMAL,0
U06753,SAUDE,45.7,3.226,119.65,25.52,55.19,2,0,114,51.15,889.73,NORMAL,0
U05925,SAUDE,47.47,2.927,119.28,64.95,75.52,2,1,37,79.45,1249.85,NORMAL,0
U09860,ENERGIA,46.23,2.039,115.76,20.02,50.95,1,1,113,51.41,1064.08,URGENTE,0
U02774,AGUA,41.97,2.276,101.25,14.66,43.34,2,0,126,81.86,644.64,NORMAL,0
U02651,AGUA,34.35,2.849,110.93,23.94,55.64,4,1,97,46.78,713.04,NORMAL,0
U07539,AGUA,32.85,2.568,114.44,48.1,55.66,1,0,61,59.63,963.14,NORMAL,0
U03022,ENERGIA,39.55,6.762,64.79,2.95,40.46,2,2,43,36.02,1087.54,CRITICO,1
U02735,TRANSITO,47.3,,116.4,37.57,48.44,2,2,97,64.14,1261.27,URGENTE,0
U05667,SAUDE,51.76,2.024,145.33,12.37,68.59,4,2,64,72.68,691.05,NORMAL,0
U02442,TRANSITO,43.96,2.9,136.28,93.0,51.67,1,0,74,31.59,1024.9,NORMAL,0
U00668,TELECOM,42.33,1.753,134.2,42.03,53.42,1,0,116,56.85,744.96,NORMAL,0
U08474,TRANSITO,,2.836,147.49,19.49,79.69,1,0,69,69.75,1060.54,NORMAL,0
U06277,ENERGIA,48.28,3.499,174.56,33.49,100.0,2,0,75,48.27,1541.92,NORMAL,0
U08330,TRANSITO,47.02,3.272,151.02,60.16,91.12,5,0,42,57.38,1494.98,NORMAL,0
U07382,TRANSITO,,2.379,90.78,8.69,32.5,4,2,78,54.68,1013.38,NORMAL,0
U08645,TELECOM,48.69,2.95,108.52,37.46,59.17,2,0,130,91.1,1178.9,NORMAL,0
U07091,SAUDE,35.32,2.023,134.76,13.75,74.08,2,0,93,60.43,1066.12,NORMAL,0
U07914,SAUDE,45.93,3.183,126.56,63.08,65.65,2,0,56,31.73,1301.16,NORMAL,0
U07488,SAUDE,46.22,3.349,150.85,87.22,80.42,3,1,66,53.1,1062.49,URGENTE,0
U01100,SAUDE,38.34,0.603,97.6,24.69,60.67,4,0,22,52.34,951.84,NORMAL,0
U04624,SAUDE,43.42,2.447,129.48,216.26,55.4,2,2,81,82.88,817.41,NORMAL,0
U00445,ENERGIA,49.67,5.17,139.99,30.6,65.74,2,0,88,91.09,1264.59,CRITICO,0
U00542,TRANSITO,42.3,4.081,132.45,27.97,69.95,3,0,51,82.61,1355.9,NORMAL,0
U08290,ENERGIA,57.3,3.328,141.48,39.68,63.1,3,1,79,78.66,800.4,NORMAL,0
U09111,ENERGIA,47.73,1.721,33.39,17.01,5.0,0,1,142,89.23,283.88,NORMAL,0
U05306,TELECOM,50.14,3.097,133.43,11.1,65.7,5,1,95,45.69,1200.57,NORMAL,0
U00352,TRANSITO,43.73,2.746,145.97,54.42,61.35,6,0,144,54.81,900.13,NORMAL,0
U03042,TELECOM,48.42,3.01,95.14,64.44,46.21,1,1,21,69.22,924.21,NORMAL,0
U04966,ENERGIA,49.45,3.261,106.41,13.05,50.88,3,0,94,80.35,1401.65,NORMAL,0
U04210,TELECOM,52.81,2.525,102.75,43.19,64.25,5,0,15,71.96,1212.68,NORMAL,0
U09783,ENERGIA,49.15,1.942,118.11,127.48,62.78,2,0,89,49.31,1127.38,NORMAL,0
U01022,TRANSITO,41.17,1.285,51.53,76.07,27.69,1,0,11,69.91,876.26,NORMAL,0
U01868,ENERGIA,49.99,2.911,118.81,33.06,61.61,5,0,66,64.21,678.93,NORMAL,1
U07882,TRANSITO,39.18,3.529,120.43,44.42,24.0,2,1,118,58.77,736.14,NORMAL,0
U06660,TELECOM,50.61,3.22,137.67,,59.47,2,1,57,46.22,980.81,NORMAL,0
U01093,ENERGIA,53.73,4.007,181.05,105.09,96.4,6,0,4,43.49,1415.16,CRITICO,1
U01170,AGUA,35.19,1.829,88.55,22.17,52.57,4,0,101,55.04,1092.78,NORMAL,0
U08665,ENERGIA,39.61,1.903,65.19,68.53,51.2,2,1,82,65.01,1059.86,NORMAL,0
U05371,ENERGIA,53.73,2.087,86.56,28.15,49.41,4,1,11,70.88,1426.74,NORMAL,0
U00547,SAUDE,45.12,2.018,72.44,201.42,42.85,5,0,100,47.4,902.77,NORMAL,0
U01507,TRANSITO,50.04,3.478,135.71,84.83,73.11,1,1,76,71.09,741.83,NORMAL,0
U06010,AGUA,37.69,,165.94,36.11,97.15,2,0,74,61.95,919.19,NORMAL,0
U07955,ENERGIA,41.96,3.39,177.09,42.82,78.3,4,2,135,75.99,1154.4,NORMAL,0
U05694,TRANSITO,42.94,1.926,117.94,61.09,40.27,3,1,111,47.4,1269.13,NORMAL,0
U06927,ENERGIA,173.36,1.55,114.46,15.37,37.57,3,0,130,72.27,752.9,NORMAL,0
U02865,TELECOM,44.1,2.435,166.28,113.74,60.02,3,0,73,55.3,735.32,NORMAL,0
U00181,TRANSITO,39.47,4.142,178.14,138.38,80.38,5,0,88,69.97,950.9,URGENTE,0
U08666,TELECOM,52.31,3.574,114.64,,65.21,1,0,72,70.74,985.3,NORMAL,0
U01936,ENERGIA,39.81,,80.04,20.32,55.85,3,0,22,74.63,251.42,NORMAL,0
U00730,ENERGIA,57.99,3.884,109.9,,69.75,2,5,47,50.71,1160.14,URGENTE,0
U06726,AGUA,43.32,3.442,148.26,14.19,81.39,4,0,18,48.44,1225.73,NORMAL,0
U02659,TELECOM,54.03,2.533,116.53,20.03,66.14,3,0,40,59.65,862.65,NORMAL,0
U06387,AGUA,31.42,2.95,136.32,19.92,67.48,2,1,122,67.37,1234.53,NORMAL,0
U01654,TELECOM,52.72,3.513,169.92,30.43,83.38,5,0,66,54.62,1831.72,NORMAL,0
U07182,TRANSITO,50.7,2.372,77.6,23.53,41.94,1,0,50,56.69,888.88,NORMAL,0
U09806,ENERGIA,52.2,3.627,117.74,47.99,51.0,5,0,26,62.26,797.45,NORMAL,0
U00665,TELECOM,213.34,2.871,133.2,116.03,84.91,3,0,69,59.72,1919.78,NORMAL,0
U03106,ENERGIA,44.6,1.971,121.9,30.36,42.46,4,0,24,36.49,852.83,NORMAL,0
U03093,ENERGIA,39.24,3.666,64.88,77.96,31.37,0,1,98,66.42,687.98,NORMAL,0
U01895,TRANSITO,43.84,2.14,54.11,2.45,48.36,1,3,88,66.1,911.56,NORMAL,0
U03317,TELECOM,56.07,1.855,153.09,14.18,67.67,4,0,115,55.98,1427.45,NORMAL,0
U08185,TELECOM,,1.408,181.05,8.29,100.0,6,1,106,51.23,1623.4,NORMAL,0
U03001,SAUDE,43.82,1.181,144.11,46.96,79.96,5,1,102,59.21,1398.8,NORMAL,0
U02858,TELECOM,50.11,3.896,142.38,20.98,71.07,2,1,7,49.79,1193.42,NORMAL,0
U08984,TELECOM,36.61,2.314,86.83,20.07,50.14,2,1,121,41.86,1268.83,NORMAL,0
U05098,SAUDE,44.26,2.266,142.17,24.94,50.21,1,1,139,56.2,815.83,NORMAL,0
U09483,AGUA,41.85,2.235,100.1,44.66,61.85,3,0,131,77.0,1239.96,URGENTE,1
U07932,ENERGIA,48.75,4.11,102.34,117.81,44.74,2,0,97,41.96,926.38,NORMAL,0
U04139,ENERGIA,127.4,4.157,126.3,40.83,62.85,2,2,127,71.46,553.44,NORMAL,0
U04961,ENERGIA,40.54,3.037,95.12,26.65,58.91,2,0,84,43.95,1202.14,NORMAL,0
U09609,AGUA,38.36,2.298,100.86,33.33,55.92,2,1,120,51.94,1513.27,NORMAL,0
U03373,ENERGIA,48.26,2.45,108.13,48.77,39.95,6,0,127,70.16,962.65,NORMAL,0
U01220,ENERGIA,48.48,,153.15,38.03,75.8,4,0,87,99.08,1207.02,NORMAL,0
U01511,SAUDE,55.68,2.69,109.0,31.89,63.94,2,0,77,94.65,1241.27,NORMAL,0
U03632,ENERGIA,50.4,3.989,124.25,70.57,73.1,1,0,18,45.31,1519.54,NORMAL,0
U06406,ENERGIA,,3.879,136.24,49.86,62.87,3,0,130,24.11,1410.99,CRITICO,1
U07103,ENERGIA,44.0,,125.94,87.67,43.13,1,2,65,70.01,613.17,NORMAL,0
U02152,SAUDE,37.25,1.81,86.78,65.85,33.49,1,0,116,79.11,1070.27,NORMAL,0
U06973,SAUDE,39.11,0.623,96.84,47.6,40.51,4,0,15,57.84,510.61,NORMAL,0
U02355,TRANSITO,,1.146,68.83,47.93,39.18,2,2,66,65.17,487.35,NORMAL,0
U08814,ENERGIA,60.29,3.46,189.69,20.03,92.04,5,0,109,77.47,910.25,CRITICO,1
U06256,SAUDE,52.27,3.796,119.04,33.51,75.28,5,1,83,78.01,1541.56,NORMAL,0
U06523,TRANSITO,43.16,3.002,69.94,91.57,60.03,1,0,15,67.67,1070.48,NORMAL,0
U09225,SAUDE,48.62,2.371,97.43,8.42,63.06,1,0,89,47.44,1191.49,NORMAL,0
U03406,TRANSITO,200.09,2.349,108.56,42.12,64.5,3,0,13,36.04,1245.5,NORMAL,0
U04845,SAUDE,38.98,1.011,89.06,86.09,42.58,1,1,4,64.91,839.87,NORMAL,0
U04269,SAUDE,33.85,2.157,89.18,43.35,36.66,1,0,70,50.4,504.1,NORMAL,0
U02943,AGUA,38.45,3.359,121.92,37.5,84.41,3,1,23,48.23,921.99,NORMAL,0
U06304,TRANSITO,,4.541,158.9,58.42,86.23,3,0,58,44.46,1279.37,NORMAL,0
U08080,TELECOM,46.74,2.862,104.38,114.11,58.93,3,0,78,63.79,725.3,NORMAL,0
U00074,TELECOM,39.29,2.256,103.8,47.66,62.72,2,0,7,51.65,960.12,NORMAL,0
U03475,TELECOM,52.57,4.103,70.21,26.74,62.8,3,1,14,57.99,1460.36,NORMAL,0
U05931,SAUDE,41.1,1.798,131.41,38.6,43.6,3,0,99,27.79,836.62,NORMAL,0
U02552,ENERGIA,,3.44,60.93,64.89,42.69,2,2,18,44.41,1281.2,NORMAL,0
U09633,SAUDE,45.9,1.702,111.35,11.36,52.42,2,0,82,62.3,970.44,NORMAL,0
U04313,AGUA,41.1,1.705,119.34,18.67,59.47,5,0,98,59.04,1580.07,NORMAL,0
U04762,ENERGIA,51.0,3.144,108.08,60.06,38.08,3,1,106,65.74,854.76,NORMAL,0
U00248,SAUDE,41.3,1.53,86.24,52.32,50.47,3,0,95,61.17,1058.12,NORMAL,0
U00751,AGUA,46.84,2.67,94.87,23.53,74.59,2,0,58,76.14,991.96,NORMAL,0
U02703,SAUDE,43.81,2.262,121.39,29.31,66.96,0,1,3,25.01,988.21,NORMAL,0
U01563,SAUDE,38.68,1.902,117.89,72.56,63.82,2,0,94,61.01,912.93,NORMAL,0
U05586,ENERGIA,41.81,3.112,89.68,49.73,61.43,5,1,42,22.45,1389.03,NORMAL,0
U00312,TRANSITO,52.14,3.369,172.08,53.67,96.09,2,2,83,62.23,1227.02,NORMAL,0
U04735,SAUDE,36.98,0.667,134.86,,60.4,2,0,77,65.94,1031.6,NORMAL,0
U05665,TELECOM,45.99,2.444,105.1,21.64,38.83,2,2,31,77.39,694.04,NORMAL,0
U00302,ENERGIA,56.43,3.223,125.67,45.6,80.27,3,2,38,76.63,1052.84,URGENTE,1
U08305,TELECOM,51.15,3.018,163.18,35.33,92.21,3,0,69,75.96,1134.15,URGENTE,1
U03615,SAUDE,32.33,8.379,84.86,118.61,47.83,3,2,72,100.0,931.63,CRITICO,1
U03512,AGUA,40.31,1.238,130.23,38.72,66.0,4,0,74,95.08,1402.6,NORMAL,0
U00806,ENERGIA,50.9,2.783,127.94,85.9,81.08,3,0,50,80.44,983.79,NORMAL,0
U03433,ENERGIA,46.7,3.234,120.12,8.23,55.04,2,1,116,76.89,1078.71,NORMAL,0
U04904,TELECOM,44.11,,148.39,10.87,63.73,5,0,144,63.18,1248.5,NORMAL,0
U04886,ENERGIA,47.45,3.026,164.57,90.18,78.26,2,0,44,45.39,1349.24,NORMAL,0
U04836,SAUDE,40.23,2.073,136.05,44.42,67.8,5,0,102,63.03,1079.45,URGENTE,0
U02085,AGUA,45.85,4.436,152.73,94.48,69.37,4,0,47,48.78,1117.49,URGENTE,0
U01628,AGUA,45.78,2.383,166.21,25.56,59.87,2,1,28,55.73,897.41,NORMAL,0
U08504,SAUDE,47.02,3.231,170.05,12.2,94.6,7,0,12,72.21,1361.21,URGENTE,1
U07462,AGUA,41.38,10.697,143.02,92.7,62.7,1,0,41,52.9,937.53,URGENTE,1
U02137,AGUA,38.91,3.627,124.59,73.63,69.19,6,0,123,46.86,940.46,NORMAL,0
U09005,TRANSITO,45.93,3.039,146.41,21.99,75.49,3,1,36,62.98,875.42,NORMAL,0
U08653,TELECOM,45.4,3.549,51.2,11.91,30.61,2,1,37,79.73,1197.3,NORMAL,0
U09292,SAUDE,51.48,1.252,60.74,11.63,42.15,1,0,18,48.86,1111.73,NORMAL,0
U01262,AGUA,37.15,3.503,136.85,35.75,49.07,2,0,120,45.55,846.43,NORMAL,0
U06698,SAUDE,43.61,3.206,109.82,39.31,44.92,4,0,97,70.49,869.89,NORMAL,0
U00100,AGUA,43.2,3.378,146.06,18.45,91.54,4,1,22,62.07,1747.34,NORMAL,0
U02005,TELECOM,44.5,4.464,134.19,,65.79,4,2,87,27.52,1096.06,NORMAL,0
U07008,TRANSITO,105.35,1.646,133.77,67.04,54.86,3,0,68,79.7,746.97,NORMAL,0
U02282,ENERGIA,43.85,1.4,88.97,17.74,35.71,3,0,124,50.68,716.72,NORMAL,0
U00456,SAUDE,35.34,1.658,114.51,35.8,59.06,3,1,48,43.93,1132.94,NORMAL,0
U02294,SAUDE,37.56,2.073,115.85,126.08,73.78,2,2,83,31.65,1078.18,URGENTE,1
U03171,SAUDE,46.28,3.184,139.76,24.15,47.44,2,1,111,72.4,1159.03,NORMAL,0
U02273,SAUDE,43.4,1.954,154.34,85.6,57.62,4,0,64,63.38,956.65,NORMAL,0
U00778,AGUA,48.37,4.375,190.95,30.69,83.87,2,0,97,68.46,1422.2,NORMAL,0
U01293,ENERGIA,49.6,5.376,145.11,110.28,75.62,1,0,91,70.66,1199.49,NORMAL,0
U00746,ENERGIA,55.79,,92.62,56.19,57.35,6,0,31,55.9,782.26,NORMAL,0
U08542,ENERGIA,46.57,3.954,160.65,30.16,80.19,1,0,90,56.14,1188.31,URGENTE,1
U00866,SAUDE,48.86,3.43,98.01,,65.21,1,0,56,70.61,1315.16,NORMAL,0
U05015,ENERGIA,45.18,3.299,135.75,36.73,55.47,5,0,100,70.77,963.36,NORMAL,0
U04510,AGUA,195.68,1.633,103.83,36.56,52.64,3,2,48,66.39,978.03,NORMAL,0
U01253,TRANSITO,49.64,2.313,158.25,104.85,90.52,4,0,46,59.54,1335.78,NORMAL,0
U02276,AGUA,38.98,3.811,96.98,9.92,52.16,2,1,4,61.43,600.89,NORMAL,0
U02756,ENERGIA,42.54,4.123,132.6,40.99,57.45,2,0,81,64.73,1164.31,NORMAL,0
U00947,ENERGIA,39.16,3.856,94.47,77.32,28.42,2,0,70,65.04,564.24,NORMAL,0
U08538,TRANSITO,51.37,3.184,141.32,41.55,80.59,4,0,80,92.15,1217.51,NORMAL,0
U06031,SAUDE,34.88,0.636,118.12,,59.14,3,0,131,65.63,1188.53,NORMAL,0
U01699,SAUDE,43.78,2.384,93.17,108.76,53.02,2,0,34,53.73,978.37,NORMAL,0
U04316,ENERGIA,57.93,3.185,182.76,33.29,66.52,2,0,132,71.22,1862.13,CRITICO,1
U03033,ENERGIA,46.89,2.696,140.96,38.93,81.98,5,0,43,79.63,1380.34,NORMAL,0
U09251,AGUA,145.38,3.866,124.67,81.44,71.55,4,1,8,64.3,1471.87,NORMAL,0
U06742,ENERGIA,46.69,3.23,158.01,78.2,74.99,2,0,113,37.98,1345.88,CRITICO,1
U00865,TRANSITO,37.71,2.433,116.79,54.51,52.2,1,1,45,60.51,793.64,NORMAL,0
U04438,ENERGIA,48.98,3.332,72.3,10.39,57.59,0,2,8,38.79,940.76,NORMAL,0
U07529,ENERGIA,50.13,2.054,133.88,178.59,56.84,1,1,105,70.42,1123.06,NORMAL,0
U02527,TRANSITO,49.33,3.359,165.82,61.37,68.54,2,0,78,64.82,976.58,NORMAL,0
U08163,TRANSITO,45.44,1.031,115.14,120.65,36.84,1,0,130,39.1,622.2,NORMAL,0
U05730,SAUDE,36.5,2.953,113.99,63.43,56.84,1,0,69,52.65,1496.09,NORMAL,0
U00430,TELECOM,52.87,1.62,102.65,20.83,72.71,3,1,64,75.46,731.68,NORMAL,0
U00191,SAUDE,36.48,5.884,80.69,62.05,40.88,2,0,100,53.32,564.55,URGENTE,1
U09067,AGUA,39.21,1.306,131.9,70.98,60.11,0,1,52,56.66,1114.5,NORMAL,0
U08001,ENERGIA,46.67,2.644,101.55,18.7,52.33,7,1,52,55.86,1033.59,NORMAL,0
U06146,TELECOM,43.75,2.093,104.32,100.39,53.12,6,0,143,63.73,1044.12,NORMAL,0
U01793,ENERGIA,33.29,3.416,118.62,26.47,64.87,1,1,3,38.11,746.23,NORMAL,0
U01521,SAUDE,38.14,1.875,80.04,81.68,25.96,1,0,83,84.25,970.85,NORMAL,0
U06810,AGUA,30.88,2.158,139.37,113.83,60.92,1,2,126,58.84,1127.84,NORMAL,0
U01198,ENERGIA,43.94,2.688,104.17,42.73,46.66,3,0,63,45.18,762.57,NORMAL,0
U05986,AGUA,34.12,4.862,152.99,31.91,75.81,3,1,136,85.26,1297.02,CRITICO,1
U00636,TELECOM,44.04,3.697,133.02,124.79,66.53,1,1,19,60.96,994.36,NORMAL,0
U00609,AGUA,,4.596,105.4,22.3,76.09,3,2,36,48.28,1658.37,NORMAL,0
U07649,TRANSITO,51.03,3.532,94.83,8.0,63.16,3,1,121,60.32,952.19,NORMAL,0
U09053,SAUDE,36.33,3.057,84.16,25.8,54.47,2,0,93,72.49,1197.86,NORMAL,0
U00616,AGUA,30.89,2.449,84.28,88.63,47.29,3,1,106,62.04,1205.17,NORMAL,0
U01908,AGUA,43.73,2.886,112.44,108.37,56.26,2,2,45,100.0,1101.53,NORMAL,0
U05293,AGUA,45.29,7.536,162.7,41.33,86.8,4,1,116,50.96,1521.27,CRITICO,1
U06709,ENERGIA,47.22,3.272,133.16,52.65,53.29,1,0,53,81.81,803.95,NORMAL,0
U02256,ENERGIA,,4.13,106.12,17.1,60.24,4,1,43,52.39,935.5,NORMAL,0
U07489,TELECOM,44.19,3.151,127.93,30.7,70.25,2,0,93,64.68,1498.72,NORMAL,0
U05960,ENERGIA,56.51,3.594,121.67,67.92,55.88,4,0,97,89.12,911.71,NORMAL,0
U00580,TRANSITO,48.32,,132.06,12.92,78.87,5,0,95,90.58,1461.67,NORMAL,0
U06139,TRANSITO,44.32,3.664,138.9,,76.8,4,0,117,76.27,1624.74,NORMAL,0
U05248,TRANSITO,42.01,3.712,136.61,53.05,71.64,1,0,60,55.06,1000.77,NORMAL,0
U05027,ENERGIA,49.52,2.529,102.68,56.92,36.49,4,0,85,78.28,625.06,NORMAL,0
U09255,TELECOM,,2.26,73.91,22.62,34.81,3,1,96,86.92,863.7,NORMAL,0
U04049,ENERGIA,37.36,2.868,137.98,42.71,55.79,5,0,121,60.02,947.88,NORMAL,0
U00313,ENERGIA,53.15,1.453,81.13,76.34,55.1,1,0,26,78.71,925.92,NORMAL,0
U08082,ENERGIA,39.69,2.219,134.1,36.63,51.25,2,0,109,51.8,1066.63,NORMAL,0
U07263,ENERGIA,43.79,2.554,84.63,,42.87,3,0,93,73.51,607.59,NORMAL,0
U00916,SAUDE,41.93,1.605,132.7,15.18,73.15,4,0,26,88.6,1365.31,CRITICO,0
U07663,TRANSITO,98.54,3.234,157.52,96.21,83.04,5,0,79,76.08,1443.89,NORMAL,0
U03132,ENERGIA,46.02,2.966,72.89,162.5,58.87,1,0,18,69.25,1309.28,NORMAL,0
U02975,AGUA,38.72,1.424,102.64,46.7,20.7,1,0,99,44.98,790.53,NORMAL,0
U06171,ENERGIA,63.43,10.82,138.21,51.34,78.9,2,0,68,62.6,1377.05,NORMAL,1
U04983,SAUDE,34.27,1.216,71.22,27.76,24.53,0,0,85,44.36,790.06,NORMAL,0
U07912,TRANSITO,,2.867,82.6,36.58,42.0,2,0,52,38.14,1095.13,CRITICO,1
U03597,ENERGIA,39.23,1.895,38.39,,20.99,0,1,48,51.06,781.54,URGENTE,0
U08427,SAUDE,45.09,2.912,105.64,27.22,56.89,1,0,57,48.75,1003.48,CRITICO,1
U05389,ENERGIA,55.42,3.127,114.54,36.32,57.69,2,0,8,57.0,736.69,NORMAL,0
U08454,ENERGIA,44.42,2.796,104.37,13.62,52.64,3,0,121,41.69,910.42,NORMAL,0
U09628,SAUDE,40.32,1.785,105.38,19.49,57.43,2,2,34,56.2,865.47,NORMAL,0
U09899,TRANSITO,184.15,2.27,139.95,60.18,72.23,5,1,126,35.58,1167.65,NORMAL,0
U02046,ENERGIA,43.99,3.392,162.88,2.67,63.05,5,1,128,61.29,620.8,NORMAL,0
U00857,TELECOM,46.93,2.631,139.21,93.06,74.33,3,0,43,33.65,1536.07,NORMAL,0
U09023,ENERGIA,48.31,3.822,164.15,152.75,74.26,4,0,93,80.43,1255.85,NORMAL,0
U06970,SAUDE,39.07,,131.05,26.22,43.7,2,2,47,64.75,768.4,NORMAL,0
U07068,ENERGIA,58.46,2.26,74.8,170.08,35.33,1,1,52,78.47,663.57,NORMAL,0
U00171,SAUDE,53.44,1.954,108.55,32.61,60.97,0,1,7,58.62,1501.08,NORMAL,0
U02266,ENERGIA,50.25,4.095,164.25,,72.89,5,1,78,27.95,1456.06,URGENTE,1
U09179,TRANSITO,51.66,1.471,53.99,38.7,50.57,1,2,5,78.93,911.94,NORMAL,0
U07519,SAUDE,41.31,2.665,131.64,77.48,48.17,4,1,39,41.95,643.68,NORMAL,0
U01393,SAUDE,35.36,2.517,56.43,15.73,50.98,4,0,9,58.19,886.27,NORMAL,0
U00081,ENERGIA,50.51,2.981,123.88,69.41,51.36,0,0,133,47.53,865.07,NORMAL,0
U01391,SAUDE,41.94,2.124,129.97,45.29,51.9,1,0,133,96.11,673.34,NORMAL,0
U07895,AGUA,38.33,2.174,93.32,49.58,43.74,2,1,122,51.52,572.59,URGENTE,1
U06170,ENERGIA,45.66,2.164,94.09,32.82,27.34,3,1,138,45.37,705.61,NORMAL,0
U04790,TRANSITO,47.56,2.04,142.58,13.46,84.05,2,0,92,51.86,1412.58,NORMAL,0
U05868,ENERGIA,49.29,3.164,137.76,35.34,67.54,0,0,115,55.28,1672.45,NORMAL,0
U06074,AGUA,37.99,0.961,77.75,58.64,34.53,1,1,103,67.91,950.34,NORMAL,0
U02696,AGUA,,2.445,81.49,146.43,53.58,6,1,37,83.76,969.83,NORMAL,0
U01884,ENERGIA,44.18,4.23,136.13,13.8,66.86,5,0,128,15.0,1321.04,NORMAL,0
U04690,TRANSITO,52.52,0.75,154.56,18.68,69.16,1,1,81,81.84,1137.03,NORMAL,0
U00764,AGUA,33.07,1.582,132.16,132.33,60.02,3,0,14,59.48,1165.53,NORMAL,0
U04979,TRANSITO,,2.793,141.96,38.14,80.79,1,1,5,45.75,1000.31,NORMAL,0
U07907,ENERGIA,39.72,3.103,103.9,70.29,31.76,5,3,128,62.03,835.47,NORMAL,0
U05617,TRANSITO,50.84,2.92,105.2,12.18,66.77,4,0,35,68.35,989.58,NORMAL,0
U08159,ENERGIA,53.89,3.925,124.4,67.46,53.59,2,0,137,48.15,759.2,NORMAL,0
U02799,ENERGIA,43.46,,53.83,63.15,39.34,1,1,83,27.6,1090.63,URGENTE,0
U05467,SAUDE,46.62,3.806,147.65,35.99,76.88,3,1,88,65.45,1531.74,NORMAL,0
U08297,SAUDE,41.97,1.155,94.18,20.93,52.39,4,1,136,67.68,1175.78,NORMAL,0
U08998,ENERGIA,42.05,2.432,68.52,110.02,54.12,1,0,134,57.75,1254.61,NORMAL,0
U09002,TRANSITO,40.99,2.199,75.31,30.7,25.73,1,0,131,51.45,749.19,URGENTE,0
U02022,SAUDE,43.34,3.643,84.27,64.39,48.74,3,0,37,56.1,575.13,NORMAL,0
U09078,ENERGIA,37.44,3.355,66.69,35.59,35.44,0,0,25,42.19,156.3,NORMAL,0
U04912,ENERGIA,63.26,3.004,131.84,132.45,64.1,0,1,35,91.3,324.24,NORMAL,0
U09033,ENERGIA,40.54,2.804,112.66,2.19,63.69,4,0,137,81.01,1011.21,NORMAL,0
U01950,AGUA,42.23,4.336,141.71,74.36,88.05,3,0,55,59.91,1273.52,NORMAL,0
U02550,SAUDE,43.74,2.51,124.2,89.34,61.13,1,0,128,70.51,991.97,URGENTE,1
U02615,SAUDE,30.03,3.971,101.89,52.69,58.15,1,0,53,48.22,792.55,NORMAL,0
U07299,TRANSITO,39.16,1.716,106.45,89.96,60.31,1,0,21,43.2,887.66,NORMAL,0
U05770,TELECOM,47.3,3.532,125.28,,68.47,2,1,17,53.28,1146.11,URGENTE,0
U04662,SAUDE,44.07,0.006,72.21,55.58,42.24,1,1,68,53.62,748.06,NORMAL,0
U01278,ENERGIA,41.76,,108.64,65.62,51.08,3,0,54,50.0,1144.13,NORMAL,0
U00146,SAUDE,42.18,2.34,127.3,33.13,61.1,0,1,35,55.02,1388.34,NORMAL,0
U04817,AGUA,38.84,3.131,103.39,60.77,47.67,1,0,82,69.93,864.64,NORMAL,0
U08661,ENERGIA,52.95,3.51,155.3,77.17,59.3,4,2,99,79.59,1627.69,NORMAL,0
U08837,SAUDE,,2.712,147.11,44.82,84.37,2,1,102,52.12,992.78,NORMAL,0
U05651,SAUDE,42.04,2.837,116.47,7.44,67.45,3,0,17,68.65,896.11,NORMAL,0
U00664,ENERGIA,56.63,1.765,91.32,34.91,35.99,0,0,119,56.08,797.15,URGENTE,0
U04380,TRANSITO,42.23,3.943,93.62,42.45,46.68,4,1,107,45.94,1323.48,NORMAL,0
U01478,TRANSITO,47.04,1.39,161.18,93.27,63.78,0,0,136,46.61,1054.76,NORMAL,0
U07687,AGUA,37.93,3.277,128.64,57.12,70.74,5,0,43,70.7,1095.12,URGENTE,1
U05387,TRANSITO,44.31,2.229,102.31,18.75,41.29,3,0,136,62.27,823.33,NORMAL,0
U04012,TRANSITO,44.92,3.158,73.32,27.54,30.99,4,1,144,73.18,697.35,NORMAL,0
U05427,AGUA,44.0,2.974,116.32,66.69,61.84,2,1,127,67.88,628.03,NORMAL,0
U04005,TRANSITO,50.11,1.706,67.96,29.76,42.77,3,2,5,65.65,935.91,NORMAL,0
U00288,TELECOM,52.21,2.185,131.4,12.17,84.06,2,0,135,32.34,1235.46,NORMAL,0
U09267,TELECOM,48.33,1.81,143.0,3.9,77.35,3,0,46,49.38,1205.11,NORMAL,0
U01704,SAUDE,39.35,4.269,95.55,19.56,55.63,0,0,120,85.32,1005.04,NORMAL,0
U08788,SAUDE,,,156.77,19.71,92.15,3,2,16,59.73,1371.28,NORMAL,0
U09804,ENERGIA,43.01,2.076,140.21,66.75,56.07,4,0,123,86.24,1121.03,NORMAL,0
U04590,AGUA,42.63,2.271,113.85,16.01,45.73,2,1,141,77.6,552.32,NORMAL,0
U00755,SAUDE,37.43,1.568,108.42,69.41,51.66,3,0,82,72.31,1056.49,NORMAL,0
U05633,TELECOM,53.29,0.918,218.59,20.66,91.81,3,0,136,56.05,911.31,NORMAL,0
U01709,AGUA,42.33,1.981,54.46,39.73,30.73,2,1,18,93.75,890.96,NORMAL,0
U03744,SAUDE,43.1,2.781,107.97,100.02,76.91,4,1,84,52.3,1437.25,URGENTE,0
U07485,ENERGIA,51.39,8.921,146.44,57.51,69.6,0,1,144,83.41,1218.89,CRITICO,1
U01257,ENERGIA,48.5,2.098,91.18,41.79,47.91,3,0,64,68.24,797.94,NORMAL,0
U08779,SAUDE,50.2,1.026,131.52,8.18,79.53,3,2,120,69.89,978.61,NORMAL,0
U06677,SAUDE,35.46,3.167,157.42,14.15,74.34,1,0,134,64.69,1062.58,CRITICO,1
U05606,AGUA,47.08,3.705,104.58,120.13,61.95,1,0,132,39.31,1059.95,CRITICO,1
U01633,ENERGIA,60.54,3.759,113.15,82.87,78.62,3,0,39,68.9,1481.4,NORMAL,0
U09025,SAUDE,43.21,2.339,128.37,57.97,64.37,3,0,134,77.8,1192.45,NORMAL,0
U07573,ENERGIA,41.96,3.798,134.96,51.98,69.55,3,0,90,67.45,1358.29,NORMAL,0
U08747,ENERGIA,54.13,3.45,144.18,38.78,52.89,1,0,103,57.42,844.79,NORMAL,0
U02123,TRANSITO,164.34,2.851,83.27,24.8,55.97,1,0,4,54.73,985.87,NORMAL,0
U00373,TRANSITO,46.74,2.495,108.0,15.83,68.0,2,0,12,76.22,1005.73,NORMAL,0
U03668,TELECOM,44.67,2.237,125.05,123.4,64.57,3,1,143,59.99,1072.58,NORMAL,0
U07601,TRANSITO,142.66,2.106,103.8,,48.08,4,1,3,62.76,970.9,NORMAL,0
U06626,TELECOM,49.74,3.746,132.42,28.01,56.28,4,0,119,69.23,819.31,NORMAL,0
U09260,TELECOM,29.38,2.313,63.93,42.45,39.07,1,0,80,71.7,946.82,NORMAL,0
U00899,AGUA,151.55,4.508,160.59,64.82,100.0,4,0,111,15.0,1279.18,NORMAL,0
U02217,TRANSITO,47.34,3.363,175.64,82.56,73.18,3,0,128,51.89,1159.86,NORMAL,0
U05204,ENERGIA,47.3,2.772,70.96,74.14,30.21,2,0,24,68.28,717.26,URGENTE,0
U08689,ENERGIA,54.6,3.063,120.82,24.81,63.68,0,2,39,80.12,1132.49,NORMAL,0
U00116,SAUDE,43.63,,124.34,143.18,57.56,1,0,40,67.05,1215.9,NORMAL,0
U02529,SAUDE,38.14,3.102,155.73,7.64,70.56,4,0,139,76.43,801.76,NORMAL,0
U06713,AGUA,,2.263,110.65,40.16,59.69,2,2,12,64.89,936.01,NORMAL,0
U07099,SAUDE,41.06,4.02,164.48,94.27,98.66,2,1,4,31.24,1562.56,NORMAL,0
U02150,ENERGIA,142.49,10.197,143.65,70.06,71.21,3,1,55,70.89,1219.4,URGENTE,1
U04550,TRANSITO,46.42,3.108,122.85,128.27,66.38,4,1,92,67.54,1154.36,NORMAL,0
U03822,ENERGIA,47.49,3.981,118.79,42.64,52.65,2,0,101,62.75,962.18,NORMAL,0
U02088,TRANSITO,42.11,1.258,132.11,18.8,57.22,2,1,85,62.32,809.37,NORMAL,0
U05490,TRANSITO,37.57,2.946,101.23,40.86,43.72,4,0,133,87.16,1026.57,NORMAL,0
U01813,TELECOM,48.89,1.432,159.99,63.61,74.21,1,0,137,70.81,1422.23,NORMAL,0
U06974,ENERGIA,51.89,3.153,132.94,61.81,61.5,2,0,44,66.82,1099.5,NORMAL,0
U00422,ENERGIA,,2.584,71.66,143.98,25.27,2,0,101,49.34,427.94,NORMAL,0
U00559,ENERGIA,48.66,3.722,81.4,40.4,49.41,1,0,65,64.5,868.85,NORMAL,0
U06759,SAUDE,40.39,2.079,83.9,12.49,59.1,1,1,34,79.96,1178.8,CRITICO,0
U03133,TRANSITO,46.71,2.509,98.6,98.73,57.18,2,1,82,31.42,1327.45,NORMAL,0
U08909,ENERGIA,52.26,3.871,125.11,43.33,67.26,2,0,81,71.82,1076.89,NORMAL,0
U04251,SAUDE,55.46,3.177,158.32,13.44,100.0,0,0,4,44.61,1546.89,NORMAL,0
U03414,TRANSITO,,1.982,95.67,74.5,56.05,3,0,39,38.4,1078.51,NORMAL,0
U09086,SAUDE,41.69,2.305,153.91,164.42,82.52,6,1,49,51.92,1190.13,NORMAL,0
U05897,TRANSITO,55.49,3.222,94.54,17.59,77.22,3,1,5,68.97,988.45,NORMAL,0
U09497,SAUDE,38.74,3.346,145.84,18.94,72.95,2,0,89,48.06,1323.91,NORMAL,0
U07806,ENERGIA,48.55,3.468,108.07,48.69,58.09,6,0,121,94.35,869.31,URGENTE,0
U06199,AGUA,33.04,1.436,100.2,41.24,53.22,4,1,134,65.39,823.85,NORMAL,0
U04208,AGUA,38.22,1.993,110.85,27.1,73.62,7,1,7,73.68,1008.86,NORMAL,0
U04028,TELECOM,51.63,2.035,94.86,21.48,78.03,1,0,25,41.25,1363.34,NORMAL,0
U02521,SAUDE,37.93,1.666,77.0,61.92,44.66,6,0,74,80.21,826.8,NORMAL,0
U05833,SAUDE,41.17,3.008,129.89,124.79,70.0,4,0,131,66.28,1040.52,NORMAL,0
U08916,SAUDE,35.26,2.723,57.86,53.08,34.11,1,1,11,82.69,447.98,NORMAL,0
U01517,ENERGIA,40.51,2.409,71.62,43.84,35.36,1,1,25,44.33,807.37,NORMAL,0
U00715,SAUDE,48.06,1.399,69.64,104.96,44.67,0,0,53,63.78,1179.65,NORMAL,0
U07289,AGUA,48.99,3.345,157.18,86.97,66.04,3,0,4,52.29,1108.59,NORMAL,0
U01883,AGUA,39.15,3.611,140.09,28.74,71.09,3,0,79,58.43,919.4,NORMAL,0
U00275,ENERGIA,,2.26,81.58,40.92,34.11,2,0,82,50.39,1042.11,NORMAL,0
U06259,SAUDE,43.22,3.41,145.55,109.96,73.31,4,1,91,64.58,1605.02,NORMAL,0
U08640,AGUA,37.87,3.712,127.97,92.55,69.43,4,0,48,46.76,972.16,NORMAL,0
U08100,TELECOM,42.3,2.595,140.61,33.29,59.0,1,2,5,74.36,899.65,NORMAL,0
U08449,ENERGIA,46.47,2.542,134.48,34.58,67.43,3,0,57,55.93,1253.77,NORMAL,0
U07917,TELECOM,46.98,3.079,115.23,,59.65,0,0,68,65.1,741.39,NORMAL,0
U05621,AGUA,40.79,2.533,124.54,34.15,52.22,2,0,51,83.83,830.3,NORMAL,0
U08413,AGUA,29.56,2.249,111.7,5.72,60.75,2,1,114,63.32,1423.56,NORMAL,0
U07100,TRANSITO,49.16,2.357,181.33,9.26,87.05,2,1,117,69.41,1315.32,NORMAL,0
U05263,TRANSITO,,1.785,135.37,44.29,55.76,4,1,83,61.39,1146.23,URGENTE,0
U05450,TELECOM,47.8,2.371,103.21,20.14,49.85,1,0,115,37.08,663.35,NORMAL,0
U02421,AGUA,38.01,2.317,106.13,58.16,53.6,2,0,37,48.31,1090.68,NORMAL,0
U04221,TRANSITO,45.09,2.073,124.65,35.33,62.98,1,1,2,60.23,1026.35,NORMAL,0
U05005,ENERGIA,45.33,3.669,57.35,50.92,15.55,5,0,135,58.22,518.85,NORMAL,0
U07486,TELECOM,55.39,3.08,108.77,68.32,51.8,2,1,113,48.75,792.0,NORMAL,0
U04116,AGUA,40.51,2.654,109.86,49.97,59.3,1,1,139,56.2,1199.52,NORMAL,0
U04542,ENERGIA,44.88,7.221,78.19,41.84,56.0,0,0,47,43.53,1144.2,CRITICO,1
U07197,SAUDE,49.41,2.795,154.69,18.36,76.28,3,0,144,56.31,1221.65,NORMAL,0
U01143,TELECOM,113.62,2.748,123.64,3.53,53.3,2,1,93,33.93,1135.33,NORMAL,0
U02658,AGUA,35.71,2.382,138.38,8.24,65.23,4,0,125,63.34,1003.98,NORMAL,0
U03026,TRANSITO,50.55,3.388,147.0,20.09,77.13,1,0,120,41.79,1172.01,NORMAL,0
U06735,TELECOM,50.29,1.952,136.24,106.02,57.33,1,1,123,40.83,1208.62,NORMAL,0
U05998,SAUDE,46.66,3.914,164.19,40.31,74.46,3,0,121,49.2,1137.07,NORMAL,0
U02229,ENERGIA,44.21,3.737,140.27,6.63,75.93,6,0,107,65.83,1173.88,URGENTE,0
U02961,TRANSITO,54.07,4.048,166.33,7.49,80.98,3,1,56,63.7,1228.03,NORMAL,0
U02549,AGUA,89.15,,51.92,36.74,28.08,1,0,22,70.5,1117.01,NORMAL,0
U06294,ENERGIA,43.9,3.759,119.03,127.56,38.18,1,0,110,63.8,803.83,NORMAL,0
U06867,TRANSITO,35.81,2.643,70.14,80.06,40.91,0,0,48,67.44,1408.12,NORMAL,0
U03528,AGUA,41.33,4.306,43.82,37.46,45.45,2,4,45,71.16,876.33,NORMAL,0
U08357,TRANSITO,49.8,2.865,122.48,23.31,76.68,4,1,12,86.59,1304.06,NORMAL,0
U04596,SAUDE,39.72,3.151,43.2,115.2,45.07,4,0,26,42.23,474.52,URGENTE,1
U08800,TELECOM,46.95,,137.48,34.35,80.98,3,0,121,53.0,918.35,CRITICO,1
U03673,ENERGIA,55.35,2.952,142.69,27.21,64.87,3,0,136,92.97,1446.21,NORMAL,0
U03808,ENERGIA,48.13,2.809,161.01,27.28,76.8,1,0,61,54.26,1292.61,NORMAL,0
U01531,ENERGIA,55.72,2.921,95.81,14.33,49.46,5,1,69,78.99,938.3,NORMAL,0
U07524,TELECOM,,2.139,143.1,17.0,82.52,2,0,141,55.97,1602.35,NORMAL,0
U06996,AGUA,46.98,2.746,146.51,36.05,46.95,2,0,125,59.56,495.18,NORMAL,0
U05866,SAUDE,46.52,1.464,132.66,142.02,56.41,5,0,45,67.6,910.95,NORMAL,0
U07033,AGUA,51.8,2.226,110.54,64.6,42.98,3,0,8,83.38,769.88,NORMAL,0
U06662,TELECOM,43.15,1.953,80.09,19.93,16.13,0,3,119,49.57,587.02,NORMAL,0
U05562,TRANSITO,45.33,2.901,90.19,18.18,66.89,4,0,5,98.79,1203.95,NORMAL,0
U09056,ENERGIA,52.76,3.45,119.34,36.22,66.7,2,0,133,74.0,1294.45,NORMAL,0
U01191,ENERGIA,40.67,2.872,107.1,48.98,53.45,2,0,115,17.27,933.45,NORMAL,0
U07156,ENERGIA,52.24,4.45,122.16,59.13,68.07,1,0,99,54.55,1152.0,CRITICO,1
U09182,TELECOM,42.94,3.244,141.08,25.73,68.82,5,1,124,80.77,653.13,NORMAL,0
U07951,SAUDE,44.85,2.708,100.11,176.31,46.11,1,0,72,66.09,1214.12,NORMAL,0
U08933,AGUA,44.39,4.727,163.8,20.7,81.33,2,0,67,71.43,1249.75,NORMAL,0
U02338,SAUDE,33.56,1.226,74.44,62.53,40.21,1,2,132,76.8,1220.34,NORMAL,0
U05190,ENERGIA,103.99,2.488,72.99,9.82,24.22,1,1,5,82.93,875.81,NORMAL,0
U04192,SAUDE,50.08,,140.6,33.51,60.8,2,0,29,83.98,939.85,NORMAL,0
U00431,AGUA,43.23,2.006,101.36,15.96,31.95,1,0,138,59.95,839.87,NORMAL,0
U00507,ENERGIA,44.18,3.204,86.94,81.3,45.86,1,2,16,76.97,812.02,NORMAL,0
U06799,ENERGIA,53.65,2.89,146.72,38.83,88.79,2,0,5,67.8,1687.57,NORMAL,0
U00564,TRANSITO,131.91,1.273,127.86,13.55,36.91,1,0,76,57.1,798.64,NORMAL,0
U00927,SAUDE,46.52,3.937,126.29,28.27,72.56,3,0,41,79.07,1678.43,NORMAL,0
U09754,TRANSITO,54.47,3.214,189.96,64.99,100.0,5,1,87,69.35,899.05,NORMAL,0
U00969,TELECOM,41.8,2.154,111.47,64.38,61.85,3,1,69,76.5,1362.5,NORMAL,0
U03983,ENERGIA,37.5,2.375,84.64,61.8,58.37,4,0,16,73.68,912.44,NORMAL,0
U02981,SAUDE,46.64,2.928,146.06,21.21,70.53,3,0,108,57.65,1215.45,NORMAL,0
U02060,TELECOM,59.03,2.355,165.18,40.59,58.42,3,0,137,91.42,1026.55,URGENTE,0
U02541,TRANSITO,54.41,4.596,135.19,125.84,87.17,4,0,14,81.92,1099.4,CRITICO,1
U04974,SAUDE,44.79,6.711,81.77,,63.67,2,0,13,58.91,1017.89,NORMAL,1
U08443,TRANSITO,46.79,3.585,181.82,133.75,100.0,5,1,101,91.04,1416.55,URGENTE,1
U03775,ENERGIA,58.37,3.346,172.29,24.55,96.1,3,1,86,64.14,1337.3,NORMAL,0
U00607,TELECOM,48.01,2.272,126.05,,48.87,0,1,62,51.19,1010.26,CRITICO,0
U01848,SAUDE,44.33,3.503,167.11,17.66,83.87,4,0,56,78.99,1614.51,NORMAL,0
U04619,SAUDE,45.82,3.543,123.52,31.58,70.41,3,0,28,44.91,1643.86,NORMAL,0
U04013,TELECOM,44.65,1.237,93.38,10.98,42.88,0,0,37,51.46,860.31,NORMAL,0
U05118,TELECOM,50.17,,128.93,52.28,67.97,4,1,12,40.75,1143.75,NORMAL,0
U03917,ENERGIA,47.34,3.111,113.42,27.43,62.81,0,0,62,60.93,1092.62,NORMAL,0
U07466,TELECOM,59.18,3.779,190.66,30.62,90.87,2,1,70,58.56,1429.83,URGENTE,0
U01860,ENERGIA,47.73,4.16,116.21,165.14,49.48,3,0,80,47.95,1255.69,CRITICO,1
U03167,AGUA,47.42,3.186,132.0,111.24,67.14,6,0,20,89.26,1149.74,NORMAL,0
U02429,SAUDE,36.32,3.463,146.15,30.67,59.31,4,0,132,48.76,1161.04,NORMAL,0
U04363,TRANSITO,41.73,3.634,134.37,53.91,68.97,2,0,121,46.73,720.64,NORMAL,0
U01010,SAUDE,37.51,2.236,120.66,77.38,75.58,3,1,119,52.42,1194.71,NORMAL,0
U02655,ENERGIA,47.79,2.621,39.87,8.23,28.31,2,0,44,55.08,830.67,NORMAL,0
U08174,AGUA,39.36,2.954,88.28,30.29,53.26,3,0,14,62.82,873.1,NORMAL,0
U01322,TELECOM,51.19,2.546,84.97,21.76,59.06,4,0,7,68.55,1017.54,NORMAL,0
U00108,TRANSITO,50.58,3.608,138.44,80.13,63.97,3,1,109,68.49,908.62,NORMAL,0
U07764,TELECOM,57.61,2.658,133.6,34.78,77.7,2,1,47,58.66,1055.38,NORMAL,0
U07703,TELECOM,51.84,2.009,122.51,58.91,75.08,2,0,53,43.41,1621.17,URGENTE,0
U08482,AGUA,46.2,1.924,111.56,89.12,65.11,2,2,43,61.06,1550.41,NORMAL,0
U05707,SAUDE,39.84,3.25,106.58,97.85,54.29,2,1,137,31.52,853.78,NORMAL,0
U07999,SAUDE,35.89,0.893,94.46,65.2,41.51,1,0,95,41.35,969.05,NORMAL,0
U04730,ENERGIA,49.85,2.3,64.79,63.94,29.37,2,0,91,42.91,455.32,NORMAL,0
U02973,ENERGIA,44.8,3.391,101.75,70.6,61.58,1,0,87,94.32,1177.15,NORMAL,0
U06127,TRANSITO,46.39,3.437,159.28,,64.9,5,0,136,76.39,1467.44,NORMAL,0
U06102,ENERGIA,62.54,4.363,157.64,76.4,100.0,5,0,85,77.82,1157.31,URGENTE,0
U03090,AGUA,40.72,3.74,156.91,29.39,67.26,3,0,124,60.79,793.07,NORMAL,0
U09537,TELECOM,51.17,2.348,117.74,45.69,57.36,1,0,68,59.47,1115.76,NORMAL,0
U04094,ENERGIA,49.37,2.59,87.03,34.99,29.79,0,0,52,94.7,1053.64,NORMAL,0
U02738,SAUDE,42.35,2.253,78.5,77.3,46.29,3,3,108,69.13,754.11,NORMAL,0
U02976,AGUA,42.69,7.959,109.94,33.81,57.4,3,3,102,55.31,1116.44,URGENTE,1
U00189,AGUA,33.95,3.949,112.72,82.91,60.58,1,0,33,35.52,1099.45,NORMAL,0
U09603,SAUDE,37.88,3.466,110.05,86.94,69.92,3,0,64,78.79,1285.49,NORMAL,0
U01140,ENERGIA,46.12,4.38,113.09,11.08,67.26,4,0,138,77.26,1318.29,NORMAL,0
U08845,AGUA,39.89,1.35,107.01,77.23,43.72,1,0,40,74.91,1234.23,URGENTE,0
U05976,AGUA,36.19,2.956,76.8,63.62,45.47,1,1,24,97.96,1012.03,URGENTE,0
U05126,TRANSITO,50.28,2.247,148.83,13.74,69.91,2,2,28,54.3,971.49,NORMAL,0
U01164,SAUDE,94.4,,149.73,12.17,70.13,0,1,140,62.27,984.24,NORMAL,0
U05895,SAUDE,54.24,,163.37,74.72,92.16,6,2,40,63.95,1381.27,NORMAL,0
U04464,ENERGIA,48.29,4.594,147.72,62.65,61.1,2,0,21,46.69,577.38,NORMAL,0
U06145,ENERGIA,58.16,3.281,103.47,100.7,49.56,0,2,65,46.11,1068.84,URGENTE,0
U04774,SAUDE,48.38,3.093,138.08,25.07,60.49,1,2,80,60.96,1010.82,NORMAL,0
U00141,AGUA,29.72,,107.9,57.8,59.31,5,1,31,75.28,1036.63,URGENTE,0
U01973,SAUDE,35.56,1.949,90.59,37.6,52.85,6,1,44,78.68,1410.73,URGENTE,0
U06992,TELECOM,46.4,2.439,103.57,62.01,66.63,3,2,6,77.31,1312.27,NORMAL,0
U03758,SAUDE,38.68,2.459,141.2,59.2,53.55,1,0,48,44.61,1323.39,NORMAL,0
U07216,AGUA,36.74,3.39,148.62,51.09,66.33,3,0,128,70.87,1384.97,NORMAL,0
U04860,SAUDE,48.23,2.412,119.23,115.9,59.82,2,0,68,70.14,684.45,NORMAL,0
U01272,SAUDE,36.0,1.365,99.26,53.33,33.88,5,0,85,67.81,694.91,NORMAL,0
U05304,ENERGIA,44.22,5.123,90.65,107.88,60.35,1,0,42,68.8,854.06,CRITICO,1
U04004,SAUDE,39.77,1.928,93.45,15.48,61.4,3,0,136,100.0,1178.35,URGENTE,0
U06077,AGUA,38.74,3.306,105.93,63.77,44.61,2,1,101,52.26,969.82,CRITICO,1
U07995,SAUDE,35.46,3.258,146.65,26.09,70.4,3,1,16,28.56,1189.82,NORMAL,0
U09353,ENERGIA,40.29,3.395,115.55,49.17,54.93,3,0,133,60.73,1464.17,NORMAL,0
U09115,ENERGIA,53.84,1.437,95.81,106.09,52.4,3,1,20,91.12,838.34,NORMAL,0
U02690,ENERGIA,,3.117,169.65,75.61,75.16,4,0,67,77.61,884.01,NORMAL,0
U05917,ENERGIA,48.28,8.495,188.38,31.87,82.5,5,1,93,62.46,1100.73,CRITICO,1
U07174,TRANSITO,37.93,2.078,112.63,12.58,55.23,2,1,39,49.48,1312.22,NORMAL,0
U04930,TELECOM,51.42,3.353,126.63,81.05,79.58,5,0,118,63.47,1292.98,NORMAL,0
U04206,ENERGIA,40.96,2.129,124.04,41.71,39.49,4,0,112,62.5,634.04,NORMAL,0
U00627,ENERGIA,51.56,4.879,127.67,18.3,70.7,3,1,133,98.55,1171.77,NORMAL,0
U04017,ENERGIA,33.98,3.387,119.76,83.49,51.63,3,1,78,93.92,944.05,NORMAL,0
U02356,TELECOM,51.75,2.34,167.19,38.07,69.98,3,1,47,62.7,1094.75,NORMAL,0
U01897,SAUDE,53.34,3.536,167.29,27.85,92.32,0,2,102,98.14,1092.04,CRITICO,1
U00890,AGUA,38.98,2.011,106.68,21.37,54.87,4,1,124,77.3,1027.42,NORMAL,0
U09604,SAUDE,42.31,0.002,95.72,19.41,36.14,0,3,74,53.02,609.91,NORMAL,0
U07574,TRANSITO,42.95,2.103,151.69,194.6,67.15,2,1,137,91.92,973.53,NORMAL,0
U02026,SAUDE,55.73,2.715,157.03,75.16,78.84,5,1,96,49.21,1459.13,NORMAL,0
U01583,AGUA,42.72,4.413,138.94,23.25,74.88,0,0,105,52.74,1234.17,NORMAL,0
U08232,AGUA,45.92,1.903,131.87,48.51,65.24,4,0,136,70.35,1140.3,NORMAL,0
U09621,AGUA,37.44,2.436,105.33,62.23,56.56,3,1,111,57.98,1128.28,NORMAL,0
U05858,SAUDE,38.71,7.513,90.36,60.52,49.71,2,0,59,68.1,1264.81,CRITICO,1
U03063,TRANSITO,45.12,3.215,74.63,17.51,45.77,2,0,88,83.36,730.03,NORMAL,0
U06032,TRANSITO,49.57,,143.61,80.62,61.97,2,1,122,82.73,1218.78,NORMAL,0
U07990,ENERGIA,,2.635,119.3,62.2,59.35,0,0,83,77.07,1011.71,NORMAL,0
U09107,AGUA,,4.418,110.47,22.3,65.08,3,2,92,17.81,1366.44,URGENTE,1
U01976,TELECOM,51.53,2.309,145.98,12.38,84.08,3,1,93,47.61,1108.39,NORMAL,0
U09772,ENERGIA,42.4,3.391,108.49,76.49,54.0,2,0,35,54.63,1051.9,NORMAL,0
U07969,TRANSITO,,2.945,189.95,32.76,97.7,6,0,91,87.61,1521.3,URGENTE,0
U06821,SAUDE,41.36,2.325,152.29,141.37,85.6,0,1,13,68.22,1553.76,NORMAL,0
U03173,AGUA,34.93,1.962,89.42,90.03,45.45,3,0,59,46.38,665.61,NORMAL,0
U05522,AGUA,43.61,2.894,138.63,73.15,69.33,4,1,105,38.69,1405.41,CRITICO,1
U01382,TRANSITO,48.2,3.745,128.7,52.88,71.02,3,1,13,55.96,979.48,URGENTE,0
U03623,TRANSITO,49.72,3.458,160.47,41.3,99.53,4,0,49,76.83,1646.23,URGENTE,1
U07191,SAUDE,43.14,2.751,130.23,94.22,73.37,2,0,56,83.7,1084.41,NORMAL,0
U04215,ENERGIA,45.68,3.339,136.31,23.19,62.01,1,0,127,53.65,1179.66,NORMAL,1
U06846,TELECOM,41.48,1.299,114.32,63.8,33.72,2,1,74,37.51,945.27,NORMAL,0
U09818,SAUDE,37.47,1.991,96.11,50.07,52.24,1,0,21,53.28,813.97,NORMAL,0
U06620,SAUDE,41.86,2.157,71.62,14.64,50.81,3,0,34,90.75,637.22,NORMAL,0
U04968,AGUA,41.03,,49.63,16.08,30.31,1,0,23,75.09,601.31,NORMAL,0
U04649,ENERGIA,46.95,2.811,70.96,30.11,40.14,3,1,37,33.73,696.05,NORMAL,0
U00888,ENERGIA,64.98,3.774,143.93,51.72,86.31,3,0,70,37.73,1426.79,NORMAL,0
U07988,TRANSITO,43.41,1.641,107.5,64.82,54.15,2,0,36,77.63,1469.29,NORMAL,0
U09099,TELECOM,49.75,1.44,63.22,62.06,49.69,2,1,32,46.74,1263.82,NORMAL,0
U08714,SAUDE,38.47,2.856,152.9,41.79,63.1,5,1,113,67.81,1496.62,CRITICO,0
U05504,AGUA,37.85,3.637,64.47,16.01,34.71,0,0,26,48.04,1088.1,NORMAL,0
U06262,SAUDE,45.49,3.346,52.41,62.12,48.07,4,0,35,42.14,876.77,NORMAL,0
U06236,AGUA,,2.931,103.07,136.67,44.45,1,1,128,52.35,799.8,URGENTE,0
U02987,ENERGIA,53.7,5.502,155.06,42.58,100.0,7,0,17,80.8,1225.12,URGENTE,1
U00579,SAUDE,46.71,3.017,115.52,14.38,77.05,3,2,28,67.68,1477.39,NORMAL,0
U00541,AGUA,41.49,3.332,87.15,39.65,30.68,4,0,53,68.43,807.28,NORMAL,0
U00502,ENERGIA,52.6,3.205,148.06,138.68,86.29,6,1,138,64.11,761.54,CRITICO,0
U01091,TELECOM,50.6,1.742,118.39,76.23,63.55,1,1,101,51.3,896.6,NORMAL,0
U02199,TRANSITO,,3.618,140.31,92.74,88.3,5,0,94,27.39,1343.98,NORMAL,0
U03384,ENERGIA,121.22,4.1,66.91,34.9,21.95,1,1,118,76.87,549.94,NORMAL,0
U04818,AGUA,37.39,2.063,98.51,38.16,49.03,3,0,123,49.5,912.34,URGENTE,1
U06338,ENERGIA,,2.593,106.48,56.25,57.73,4,0,15,48.9,1585.7,NORMAL,0
U04779,TELECOM,,2.33,149.19,102.63,84.14,4,1,46,53.43,1526.19,URGENTE,0
U03460,SAUDE,41.3,2.869,76.59,34.47,50.77,3,1,39,56.33,924.87,NORMAL,0
U09880,ENERGIA,46.62,1.481,62.43,66.47,26.94,1,0,26,74.01,808.45,NORMAL,0
U08693,SAUDE,53.99,1.626,130.86,58.41,65.98,3,3,60,56.22,1221.16,NORMAL,0
U09907,AGUA,36.41,3.173,110.94,55.59,74.79,1,0,113,66.46,1218.23,CRITICO,1
U09334,AGUA,46.0,4.142,151.02,91.27,84.14,5,1,96,83.67,1466.3,NORMAL,0
U09576,ENERGIA,,3.016,78.03,19.02,47.99,2,0,67,63.86,558.85,NORMAL,0
U04881,TELECOM,54.03,5.042,180.72,87.81,86.76,4,1,69,47.97,1284.83,CRITICO,1
U08544,SAUDE,50.5,,133.67,42.53,64.58,2,1,37,44.8,1283.81,NORMAL,0
U07450,SAUDE,37.81,2.792,127.33,20.49,57.65,2,0,108,70.64,1189.06,NORMAL,0
U05557,TELECOM,41.46,2.306,112.31,61.36,72.04,1,0,141,76.49,857.85,NORMAL,0
U05944,TRANSITO,43.96,4.093,95.83,13.76,73.6,3,0,2,70.9,963.99,NORMAL,0
U08485,TELECOM,52.63,9.926,154.93,10.75,85.81,7,1,79,63.09,1349.31,CRITICO,1
U05933,SAUDE,40.14,1.799,118.83,140.61,51.51,4,0,88,79.48,736.12,NORMAL,0
U03692,SAUDE,41.89,2.134,79.71,42.07,52.67,2,0,73,28.93,913.9,NORMAL,0
U00026,ENERGIA,58.44,4.556,146.38,168.78,86.59,4,0,106,72.83,1704.0,CRITICO,1
U01179,SAUDE,,3.556,106.28,28.22,90.45,5,1,48,82.9,1250.4,NORMAL,1
U08264,TRANSITO,37.52,2.69,89.66,137.34,52.15,4,2,80,77.11,1350.99,NORMAL,0
U03265,ENERGIA,50.1,2.535,113.15,52.2,48.2,0,0,127,43.54,785.51,NORMAL,1
U06053,TELECOM,51.14,3.128,101.33,9.14,57.71,3,1,99,50.28,709.76,NORMAL,0
U01979,TRANSITO,,3.368,101.85,42.13,50.11,2,0,43,59.35,756.29,NORMAL,0
U05133,TELECOM,42.52,2.381,115.56,14.4,55.16,5,2,5,53.12,894.12,NORMAL,0
U01856,AGUA,39.05,3.627,152.26,73.4,62.62,1,0,87,67.06,987.88,NORMAL,0
U07075,AGUA,141.54,3.392,96.44,37.31,49.56,2,1,110,57.09,469.51,URGENTE,0
U00076,AGUA,33.68,3.014,70.21,42.25,34.65,4,1,68,72.06,880.8,NORMAL,0
U03751,AGUA,49.75,2.648,158.57,161.62,70.08,3,0,84,76.1,1216.81,NORMAL,0
U05416,ENERGIA,35.39,3.739,132.24,32.66,58.51,2,1,34,61.41,1072.39,NORMAL,0
U02758,SAUDE,48.18,1.557,158.71,196.15,81.51,2,0,113,68.48,1076.53,URGENTE,0
U06228,AGUA,39.2,1.835,49.65,10.22,43.58,2,1,53,74.29,797.43,NORMAL,0
U07826,ENERGIA,49.15,3.096,128.5,22.66,47.35,1,2,141,55.92,808.81,NORMAL,0
U00833,ENERGIA,47.71,,109.66,98.57,65.26,0,1,98,82.35,1191.49,NORMAL,0
U05990,ENERGIA,41.78,2.363,132.66,31.96,49.05,1,2,88,61.64,786.01,NORMAL,0
U03955,TRANSITO,43.35,2.441,38.2,86.25,24.19,0,0,63,33.63,626.73,NORMAL,0
U02038,AGUA,47.41,4.07,88.55,40.28,55.32,5,1,41,75.35,1245.66,NORMAL,0
U06369,TELECOM,61.88,2.853,142.37,92.3,74.33,1,0,11,51.32,1274.82,NORMAL,0
U08455,ENERGIA,58.26,3.027,185.8,19.59,86.94,1,0,125,73.26,1706.9,URGENTE,1
U06784,AGUA,42.96,,105.95,4.12,49.19,0,1,63,53.0,1293.88,NORMAL,0
U03303,SAUDE,44.97,2.327,147.07,42.04,62.45,3,1,92,67.92,910.48,NORMAL,0
U02386,TRANSITO,46.98,2.158,140.83,31.96,75.94,6,0,109,92.56,1059.18,URGENTE,0
U05675,TRANSITO,36.49,2.386,83.83,26.91,27.88,1,1,83,57.17,419.55,NORMAL,0
U02104,TELECOM,40.72,1.785,103.7,59.99,55.05,2,1,17,71.58,750.06,NORMAL,0
U09243,TELECOM,55.53,1.358,157.22,19.7,76.8,3,0,118,36.8,826.94,NORMAL,0
U03284,TRANSITO,50.13,3.673,135.05,15.45,75.09,0,0,86,58.51,1191.61,NORMAL,0
U07415,SAUDE,36.17,1.373,88.09,59.98,50.52,4,0,130,72.94,1010.0,NORMAL,0
U04290,ENERGIA,42.3,3.881,132.12,125.74,72.05,0,0,71,50.65,1354.36,NORMAL,0
U01910,SAUDE,41.94,2.171,93.76,167.93,56.57,2,0,31,57.43,856.59,NORMAL,0
U05528,TRANSITO,51.38,2.776,129.29,16.44,50.5,1,1,120,34.88,845.35,NORMAL,0
U09931,AGUA,83.63,2.924,105.55,24.61,45.37,3,0,46,96.19,952.91,NORMAL,0
U04647,AGUA,41.44,,54.92,65.43,41.51,0,0,85,75.39,862.12,NORMAL,0
U05640,SAUDE,47.82,2.105,165.99,5.23,81.6,5,1,135,72.54,1282.56,NORMAL,0
U02178,TELECOM,47.26,,150.41,40.03,80.6,3,0,51,51.1,1232.37,NORMAL,0
U00766,ENERGIA,45.23,2.237,122.4,160.09,57.6,4,0,113,63.52,649.55,NORMAL,0
U06091,TRANSITO,50.04,,73.08,12.91,78.94,2,0,10,76.54,1062.1,NORMAL,0
U06003,AGUA,34.12,1.923,158.73,39.49,58.55,4,0,122,40.78,1078.01,CRITICO,1
U07950,SAUDE,50.98,2.6,143.62,48.06,84.06,0,1,93,78.85,1121.12,NORMAL,0
U09555,SAUDE,40.2,2.706,135.25,39.57,62.06,1,0,105,77.21,1220.1,NORMAL,0
U00630,ENERGIA,39.42,2.35,73.12,40.91,38.13,3,0,121,100.0,608.09,NORMAL,0
U07676,ENERGIA,49.96,2.29,75.41,60.09,36.19,2,0,58,54.88,819.54,NORMAL,0
U08594,AGUA,35.99,2.373,93.63,44.44,45.44,1,0,134,76.25,837.82,NORMAL,0
U04216,SAUDE,43.2,2.962,73.72,19.28,26.48,1,1,3,66.83,661.79,NORMAL,0
U05541,AGUA,28.9,1.365,54.61,33.78,48.13,2,0,49,66.85,843.86,NORMAL,0
U07807,SAUDE,42.41,2.826,131.77,38.14,60.27,4,0,50,44.93,943.86,NORMAL,0
U04500,SAUDE,49.86,2.779,125.52,50.07,58.62,3,0,144,70.44,492.37,NORMAL,0
U05381,SAUDE,46.67,2.644,190.64,120.66,74.07,2,1,143,67.91,1013.27,NORMAL,0
U03880,AGUA,37.11,1.941,164.02,88.59,73.55,0,0,122,25.5,1356.56,URGENTE,1
U08019,TELECOM,59.78,2.829,130.28,6.16,77.95,4,0,95,45.18,1019.13,URGENTE,1
U04601,TRANSITO,50.97,2.352,120.91,61.2,56.47,0,0,104,84.25,1063.63,NORMAL,0
U09777,SAUDE,41.06,0.737,109.47,36.92,43.64,3,0,22,73.05,660.54,NORMAL,0
U06976,ENERGIA,49.92,2.969,149.48,41.72,89.16,4,0,89,77.23,1259.82,CRITICO,1
U05039,SAUDE,36.32,2.981,87.78,78.29,60.06,3,0,50,39.96,893.31,NORMAL,0
U04712,ENERGIA,41.26,2.956,70.15,67.93,47.74,4,0,17,82.91,1344.25,NORMAL,0
U04075,SAUDE,45.09,1.768,111.04,64.83,52.39,3,3,2,77.78,899.13,NORMAL,0
U01821,AGUA,29.77,3.116,91.51,41.91,40.23,2,0,13,64.51,717.01,NORMAL,0
U01963,SAUDE,43.12,1.639,121.52,105.09,60.9,3,2,51,86.23,1219.73,NORMAL,0
U05758,ENERGIA,49.09,3.687,176.6,20.13,100.0,3,0,116,53.81,1577.89,NORMAL,0
U01372,TRANSITO,41.61,2.017,141.27,66.86,64.05,2,0,142,75.28,1479.92,NORMAL,0
U05604,TELECOM,40.65,1.597,146.23,64.01,71.35,2,3,41,55.15,1188.76,NORMAL,0
U07925,AGUA,47.39,3.451,178.32,24.02,76.56,4,2,115,89.18,1172.59,NORMAL,0
U09117,ENERGIA,45.71,3.813,85.04,32.91,48.22,1,0,46,71.46,1249.23,NORMAL,0
U08634,TRANSITO,47.06,1.891,55.47,55.82,54.02,5,0,4,59.85,510.84,NORMAL,0
U06642,SAUDE,34.67,3.123,146.52,89.89,91.4,6,0,21,47.81,1348.83,NORMAL,0
U00436,SAUDE,28.18,2.252,78.73,54.5,46.39,2,0,101,81.96,1212.0,NORMAL,0
U07470,ENERGIA,43.8,1.142,103.32,57.38,44.95,2,0,103,67.85,544.85,NORMAL,0
U03350,SAUDE,45.66,2.758,94.57,21.73,49.64,2,0,63,64.35,1035.63,NORMAL,0
U04658,ENERGIA,46.86,3.131,115.5,44.1,69.15,3,0,131,64.85,1007.41,NORMAL,0
U05636,TELECOM,49.13,1.687,117.74,100.16,76.53,2,1,49,59.84,1026.57,NORMAL,0
U01195,SAUDE,37.03,0.754,144.32,30.43,52.18,3,0,115,49.24,1015.27,URGENTE,0
U04302,SAUDE,45.13,2.656,160.13,70.77,65.5,5,1,104,49.07,542.9,CRITICO,1
U07468,ENERGIA,56.16,4.392,79.65,29.52,64.24,2,1,44,40.69,1223.5,NORMAL,0
U04667,AGUA,38.87,4.358,184.83,44.76,90.45,4,0,134,58.39,1417.99,NORMAL,0
U04234,AGUA,36.93,1.794,100.87,28.26,53.27,0,0,43,48.32,1323.48,NORMAL,0
U06591,TRANSITO,42.1,2.346,121.07,86.82,58.76,2,1,70,61.88,1194.06,NORMAL,0
U02707,TRANSITO,,2.144,102.97,23.42,61.85,0,0,47,56.02,1220.35,NORMAL,0
U02013,SAUDE,39.7,1.384,131.4,53.33,57.19,3,0,141,57.12,719.95,NORMAL,0
U00734,SAUDE,46.91,2.329,109.58,89.16,70.14,2,0,52,78.1,1428.69,NORMAL,0
U01686,ENERGIA,40.56,2.26,75.95,28.11,41.15,6,0,105,51.73,1106.87,NORMAL,0
U08773,TRANSITO,40.96,4.405,108.24,80.71,52.04,3,1,132,64.13,1213.59,NORMAL,0
U02788,ENERGIA,51.08,4.975,152.24,39.51,66.83,2,0,59,58.11,1325.23,URGENTE,1
U05309,AGUA,42.19,2.864,145.01,25.24,59.33,1,0,114,58.39,963.35,NORMAL,0
U05843,ENERGIA,52.7,4.184,125.14,,74.28,3,0,91,70.94,1404.26,URGENTE,1
U04929,TRANSITO,42.56,3.667,134.53,13.04,75.61,5,0,139,57.02,1033.79,NORMAL,0
U01156,SAUDE,35.0,1.665,146.5,101.62,63.45,1,1,129,68.3,1193.1,NORMAL,0
U09797,TRANSITO,,2.157,119.42,59.8,59.48,5,0,103,64.6,1170.65,NORMAL,0
U00472,AGUA,45.66,2.356,177.96,,94.44,6,0,136,63.38,1276.47,URGENTE,1
U07844,ENERGIA,,2.651,89.79,29.72,43.09,2,1,124,87.08,505.94,NORMAL,0
U02645,AGUA,35.66,2.992,136.34,81.95,77.67,1,0,71,48.58,1381.56,NORMAL,0
U00509,ENERGIA,49.65,3.175,130.71,82.96,76.67,1,1,48,91.01,1422.68,NORMAL,0
U05376,TELECOM,50.77,,87.74,,49.21,4,1,67,72.16,791.18,NORMAL,0
U06087,ENERGIA,49.72,3.237,103.05,94.14,39.66,1,0,64,36.22,1177.6,NORMAL,0
U09780,ENERGIA,51.97,3.203,131.47,32.46,70.47,2,0,140,46.95,1094.32,NORMAL,0
U01075,ENERGIA,43.69,1.972,116.33,11.61,50.41,4,0,60,41.41,1140.89,NORMAL,0
U03826,AGUA,35.07,3.614,131.0,59.84,46.68,3,0,121,33.63,1113.76,NORMAL,0
U00384,SAUDE,48.81,1.862,146.78,63.18,78.94,1,0,121,62.9,1284.14,NORMAL,0
U03359,SAUDE,40.85,2.701,135.81,2.9,69.27,1,0,125,85.81,889.53,NORMAL,0
U02194,ENERGIA,46.01,3.287,127.17,45.0,64.72,3,0,133,54.63,1234.0,NORMAL,0
U07644,SAUDE,47.57,2.471,108.73,128.19,59.61,4,1,6,89.76,1157.42,NORMAL,0
U03306,ENERGIA,39.82,2.206,144.23,130.21,66.9,2,0,46,63.19,1290.06,NORMAL,0
U05498,AGUA,44.24,2.973,115.93,,78.06,7,0,18,30.65,1429.81,NORMAL,0
U08461,AGUA,40.73,3.684,163.44,62.17,91.37,3,1,110,80.14,1492.23,NORMAL,0
U06571,TELECOM,49.24,2.379,119.53,79.06,49.78,2,1,115,69.52,939.59,NORMAL,0
U07656,ENERGIA,55.32,1.904,152.77,10.5,85.51,3,1,41,55.29,1438.92,NORMAL,0
U08765,SAUDE,45.91,2.57,124.09,41.61,66.18,4,0,74,60.77,1353.47,NORMAL,0
U09752,ENERGIA,48.28,3.595,133.01,10.21,70.76,3,1,17,31.04,1284.97,NORMAL,0
U05362,TRANSITO,38.26,1.051,118.41,,50.13,3,1,111,87.87,1053.2,NORMAL,0
U08158,AGUA,38.02,3.852,140.01,34.63,76.72,5,0,2,56.32,1014.24,NORMAL,0
U00115,ENERGIA,47.38,4.035,111.11,25.33,41.95,0,2,45,74.07,1203.7,NORMAL,0
U03337,ENERGIA,56.2,2.453,156.6,89.95,56.74,2,0,95,85.41,783.88,NORMAL,0
U06143,TRANSITO,,0.812,113.61,25.83,63.07,2,1,46,44.12,878.58,CRITICO,1
U01073,SAUDE,,2.387,127.17,37.82,56.66,3,0,120,64.9,1037.53,NORMAL,0
U06982,ENERGIA,49.37,4.466,126.7,66.59,67.08,3,0,129,65.37,1173.0,URGENTE,1
U02121,ENERGIA,51.93,3.68,132.31,51.94,90.17,4,0,27,40.08,1186.66,NORMAL,0
U01212,TELECOM,49.61,4.214,156.0,51.38,80.72,7,1,53,47.88,1404.37,URGENTE,0
U04674,ENERGIA,47.37,3.743,122.52,90.65,65.93,2,1,93,60.37,871.11,NORMAL,0
U07022,SAUDE,40.77,1.559,87.9,33.01,43.21,1,0,35,53.39,593.88,NORMAL,0
U09438,SAUDE,43.27,2.053,92.63,33.27,60.04,2,0,68,77.48,943.0,URGENTE,0
U04973,ENERGIA,54.6,2.576,119.7,44.98,56.51,3,0,46,77.1,853.13,NORMAL,0
U09252,SAUDE,39.7,2.657,117.69,59.97,54.61,1,2,48,54.99,850.44,NORMAL,0
U00427,ENERGIA,117.07,,148.97,13.28,66.21,2,1,136,84.45,847.64,NORMAL,0
U04984,AGUA,42.26,4.36,139.81,19.96,62.7,3,0,91,55.89,1188.88,NORMAL,0
U02072,SAUDE,39.23,2.151,62.83,2.0,16.78,2,2,142,79.65,770.1,NORMAL,0
U06299,TRANSITO,45.95,2.021,109.8,19.18,45.07,2,0,108,79.18,859.76,NORMAL,0
U08579,ENERGIA,42.64,1.675,83.39,31.24,37.36,0,0,141,41.61,573.15,NORMAL,0
U03323,ENERGIA,57.4,3.291,118.17,59.17,68.9,6,0,24,78.03,1197.74,NORMAL,0
U03041,TRANSITO,42.1,,116.21,38.28,60.9,3,0,60,67.87,1169.61,URGENTE,1
U00042,ENERGIA,175.72,3.15,81.11,47.58,44.31,1,0,43,42.83,699.44,NORMAL,0
U08803,ENERGIA,53.35,1.92,127.09,79.92,53.11,5,0,136,34.27,475.26,NORMAL,0
U03207,ENERGIA,49.75,3.129,77.35,17.69,40.54,1,0,29,81.25,973.75,NORMAL,0
U09338,TRANSITO,33.49,3.107,90.79,80.87,47.83,1,0,44,56.91,1209.79,NORMAL,0
U07787,ENERGIA,56.63,3.009,95.72,54.3,54.95,3,1,94,81.34,1352.77,URGENTE,0
U09939,AGUA,41.44,2.558,187.47,65.48,84.29,7,1,100,64.09,1448.89,NORMAL,0
U00615,TRANSITO,42.08,3.351,101.87,74.97,54.0,2,0,18,88.76,864.61,NORMAL,0
U02966,TELECOM,45.53,1.96,118.34,,40.86,3,0,127,44.31,819.75,NORMAL,0
U09414,ENERGIA,41.97,3.846,59.84,,43.33,0,0,9,60.41,958.47,NORMAL,0
U05033,AGUA,42.06,3.272,108.05,24.99,67.21,3,0,5,47.26,1283.18,NORMAL,0
U02768,SAUDE,45.7,1.577,134.37,56.92,51.72,1,1,130,40.02,1002.37,NORMAL,0
U09755,TRANSITO,34.68,1.978,123.17,29.32,66.96,4,2,12,42.79,939.94,NORMAL,0
U05327,TRANSITO,50.01,3.208,172.65,23.16,100.0,4,1,105,68.37,1435.68,NORMAL,0
U00220,SAUDE,44.13,2.298,139.59,23.78,82.51,5,0,63,66.64,1143.55,NORMAL,0
U04878,AGUA,44.74,1.049,117.45,37.57,49.37,3,1,104,38.66,751.02,NORMAL,0
U00510,TRANSITO,151.18,2.957,134.76,13.06,73.77,6,2,74,30.49,1156.62,NORMAL,0
U01751,SAUDE,45.94,1.537,143.28,75.13,80.68,3,3,120,56.9,1772.96,NORMAL,0
U02514,AGUA,46.88,1.266,150.99,72.27,82.98,4,0,25,62.25,1377.0,NORMAL,0
U00002,AGUA,47.58,4.147,145.09,86.47,73.78,3,0,133,55.46,1151.19,URGENTE,0
U00030,ENERGIA,41.09,3.389,106.65,98.05,61.56,4,0,142,75.68,686.89,CRITICO,1
U06562,TRANSITO,43.97,3.52,108.17,19.76,42.41,1,2,130,72.16,1018.27,NORMAL,0
U08000,TRANSITO,38.85,3.342,112.55,21.53,50.37,2,0,138,84.92,942.21,NORMAL,0
U00494,AGUA,55.2,3.802,106.16,5.27,58.74,3,0,119,57.99,1588.01,NORMAL,0
U03142,ENERGIA,48.05,3.787,120.69,,79.31,2,0,8,70.12,1348.34,NORMAL,0
U09641,TRANSITO,47.2,2.653,113.34,,52.42,1,0,63,83.52,977.61,NORMAL,0
U09349,SAUDE,38.07,2.71,84.07,52.82,57.49,4,0,34,66.85,995.51,NORMAL,0
U03717,ENERGIA,52.62,2.148,160.56,31.84,89.49,1,1,119,71.81,1449.66,NORMAL,0
U08017,TRANSITO,50.68,1.297,133.27,21.88,68.3,2,0,52,50.64,1342.09,URGENTE,0
U09358,SAUDE,35.27,2.782,127.09,36.89,57.3,1,0,126,65.18,1195.16,NORMAL,0
U05560,TELECOM,49.59,2.456,113.44,47.54,66.53,2,1,143,47.86,1318.7,URGENTE,0
U08988,TRANSITO,,1.965,110.53,24.74,65.57,3,0,67,33.46,1293.41,NORMAL,0
U08772,AGUA,45.64,3.781,151.73,44.52,84.01,2,1,80,67.54,1269.21,NORMAL,0
U04463,ENERGIA,55.7,4.395,147.56,163.12,86.43,3,0,93,58.07,1394.16,URGENTE,1
U05110,ENERGIA,44.79,3.895,118.79,61.5,59.6,6,0,7,66.34,1051.36,URGENTE,1
U07777,SAUDE,43.48,2.946,96.12,128.02,49.9,2,0,74,37.74,441.26,NORMAL,0
U02128,TRANSITO,47.15,1.668,142.86,3.47,75.26,7,2,68,77.84,851.43,URGENTE,0
U03390,ENERGIA,50.25,1.909,174.95,24.02,75.96,2,0,108,54.85,1591.91,NORMAL,0
U09718,ENERGIA,54.76,3.088,137.07,53.4,75.28,5,0,112,65.4,1175.31,NORMAL,0
U07085,SAUDE,49.67,2.394,167.23,30.17,88.56,2,0,54,80.77,857.99,NORMAL,0
U07901,ENERGIA,132.12,3.921,115.12,13.35,55.9,2,1,81,70.27,808.37,NORMAL,0
U00172,ENERGIA,42.0,2.099,66.38,54.81,36.81,1,0,47,70.64,633.21,CRITICO,1
U00882,AGUA,43.16,1.129,139.54,70.15,61.22,3,2,132,40.88,908.04,NORMAL,0
U00309,ENERGIA,43.67,3.142,129.84,49.53,65.75,4,1,25,95.32,984.88,NORMAL,0
U02431,ENERGIA,39.65,3.7,122.8,200.92,50.64,3,0,94,58.56,435.64,NORMAL,0
U03639,AGUA,46.32,3.254,82.07,80.14,45.01,4,0,78,90.06,876.24,NORMAL,0
U04610,TRANSITO,,2.035,120.89,58.01,84.42,4,1,4,39.94,1281.71,URGENTE,1
U09623,TRANSITO,47.79,3.447,122.8,24.58,71.0,3,0,14,78.17,1225.76,NORMAL,0
U01830,SAUDE,33.36,2.121,125.93,28.77,55.12,0,0,139,48.99,1258.2,URGENTE,0
U05955,SAUDE,39.93,1.885,97.62,51.22,44.27,3,0,80,72.43,727.79,NORMAL,0
U06255,ENERGIA,47.1,3.16,110.54,40.72,55.7,3,1,45,77.05,799.21,NORMAL,0
U02055,ENERGIA,50.94,3.985,112.99,25.44,71.05,4,2,84,53.02,1007.02,NORMAL,0
U06813,ENERGIA,43.5,2.489,104.74,123.58,52.11,3,0,61,88.36,757.27,URGENTE,0
U03895,TRANSITO,47.16,2.206,130.0,56.43,51.45,3,0,98,74.98,721.59,NORMAL,0
U02852,ENERGIA,50.13,3.743,85.25,24.99,61.37,1,0,41,44.52,1158.57,NORMAL,0
U05333,ENERGIA,37.17,3.329,92.07,48.05,42.53,2,0,142,52.23,755.41,NORMAL,0
U04673,ENERGIA,241.39,3.269,113.2,,89.55,5,0,21,73.6,1142.79,CRITICO,1
U06639,AGUA,39.21,3.016,112.68,23.3,56.52,3,1,129,91.4,1000.98,NORMAL,0
U03479,TRANSITO,43.66,2.9,41.04,,28.91,0,1,38,57.04,836.27,NORMAL,0
U04532,SAUDE,49.24,2.379,156.34,71.97,97.52,1,1,74,65.04,1889.24,CRITICO,1
U08359,SAUDE,,0.962,54.64,132.65,40.65,1,0,32,77.01,790.67,NORMAL,0
U00388,TELECOM,35.88,,68.47,28.54,61.48,2,1,18,61.5,863.48,NORMAL,0
U03186,TRANSITO,48.72,2.5,141.41,35.39,60.33,0,0,141,38.58,843.7,NORMAL,0
U04403,AGUA,49.9,3.19,77.71,95.36,43.71,1,0,22,34.46,984.18,NORMAL,0
U03311,SAUDE,47.41,1.804,185.94,67.37,96.18,4,0,121,62.1,1732.51,NORMAL,0
U09846,SAUDE,49.65,2.319,114.55,27.97,69.87,1,1,23,72.8,902.26,NORMAL,0
U06702,ENERGIA,65.34,2.244,129.65,21.84,88.68,2,0,33,60.32,932.32,NORMAL,0
U06924,AGUA,51.6,3.306,128.74,15.42,56.82,5,0,120,39.29,1279.7,NORMAL,0
U02695,TRANSITO,,1.073,83.6,35.05,50.57,2,0,35,72.93,1360.75,NORMAL,0
U09218,SAUDE,,1.557,101.3,69.87,66.09,0,0,109,100.0,1099.9,NORMAL,0
U02019,TRANSITO,43.87,0.788,88.67,41.23,57.3,0,0,3,71.2,1031.35,NORMAL,0
U08167,SAUDE,46.45,3.211,117.14,,79.63,3,2,95,69.75,1233.36,NORMAL,0
U07970,SAUDE,,0.615,109.75,145.91,55.1,5,0,112,70.41,1676.88,URGENTE,0
U04519,TELECOM,42.74,2.202,121.67,59.04,59.47,3,0,45,41.87,1531.14,NORMAL,0
U01072,TRANSITO,50.93,2.122,87.41,84.95,43.75,2,0,87,95.74,879.89,NORMAL,0
U01721,TELECOM,51.1,2.339,61.64,48.93,40.03,3,2,36,44.87,722.14,NORMAL,0
U04080,ENERGIA,43.27,2.732,96.29,30.92,41.46,2,2,89,64.23,690.76,URGENTE,0
U08856,AGUA,39.47,2.185,159.73,17.2,76.46,4,0,74,32.12,931.01,NORMAL,0
U06084,SAUDE,46.21,2.331,146.76,138.86,90.67,2,1,68,57.29,1135.18,NORMAL,0
U00638,TRANSITO,41.93,1.741,93.67,67.63,55.57,4,0,26,70.32,1121.22,NORMAL,0
U04167,TELECOM,49.53,2.829,101.69,79.5,63.12,5,1,68,62.69,913.87,CRITICO,1
U02226,TELECOM,46.83,1.784,147.05,86.07,73.79,3,1,109,73.46,1091.94,NORMAL,0
U07948,ENERGIA,121.97,2.7,153.11,,56.94,0,1,139,40.48,1225.35,CRITICO,1
U02719,SAUDE,43.37,0.432,64.56,5.91,46.95,0,2,63,64.41,901.08,NORMAL,0
U07971,AGUA,48.94,3.924,79.83,123.36,49.9,1,0,134,75.37,1012.33,NORMAL,0
U01562,AGUA,40.98,3.802,154.01,47.73,67.43,8,0,128,32.86,898.05,NORMAL,0
U09630,SAUDE,44.92,2.797,184.8,29.68,77.44,4,1,20,45.22,1180.46,NORMAL,0
U02815,ENERGIA,46.15,1.811,96.89,62.16,37.22,1,2,144,63.76,745.88,NORMAL,0
U06051,SAUDE,47.28,3.31,152.67,19.79,79.74,0,0,102,71.56,1467.89,NORMAL,0
U07427,ENERGIA,45.17,2.436,83.17,50.58,37.8,0,1,63,90.56,863.39,URGENTE,1
U03831,TRANSITO,49.24,2.825,133.31,35.2,67.01,3,0,109,47.45,1072.56,NORMAL,0
U02850,SAUDE,50.01,2.984,132.68,26.39,54.22,2,1,74,67.97,1412.15,NORMAL,0
U01217,SAUDE,50.03,2.546,120.5,40.83,49.24,2,1,125,58.04,814.73,NORMAL,0
U05217,AGUA,37.31,1.231,82.12,65.21,38.77,1,0,75,100.0,666.97,NORMAL,0
U00752,SAUDE,47.42,2.55,147.98,,53.78,2,0,123,91.3,954.14,NORMAL,0
U09690,SAUDE,39.39,2.169,119.14,111.08,57.62,3,1,143,81.3,1170.15,NORMAL,0
U09241,ENERGIA,44.64,3.692,74.52,84.92,42.6,2,0,38,25.05,694.23,NORMAL,0
U05956,TELECOM,42.45,1.393,23.85,41.0,36.9,5,0,7,55.67,965.83,NORMAL,0
U09676,AGUA,46.86,5.068,125.09,49.5,66.03,4,1,103,87.48,1304.56,URGENTE,0
U06985,TELECOM,,2.335,107.71,,46.25,2,0,41,50.9,968.27,URGENTE,0
U04224,ENERGIA,42.99,3.887,100.38,83.1,39.49,3,0,115,41.25,1052.53,NORMAL,0
U03620,SAUDE,49.22,2.576,130.81,21.81,59.09,1,1,63,70.72,1294.37,NORMAL,0
U08070,ENERGIA,55.58,2.069,119.58,8.98,50.32,3,0,136,62.6,928.56,NORMAL,0
U05117,ENERGIA,47.64,3.574,103.65,48.22,64.75,1,0,41,72.26,1220.11,URGENTE,0
U02118,ENERGIA,51.84,3.729,138.59,71.96,58.37,2,1,117,55.8,794.76,NORMAL,0
U02181,AGUA,47.13,2.622,116.39,121.8,65.88,0,1,40,31.13,714.54,CRITICO,1
U07436,ENERGIA,41.81,2.914,73.95,46.69,47.79,4,0,60,73.85,939.81,NORMAL,0
U02974,AGUA,35.74,3.571,99.54,29.05,60.65,4,0,41,39.38,1303.78,NORMAL,0
U03838,ENERGIA,43.8,3.235,182.84,41.59,100.0,7,0,69,55.65,1138.9,CRITICO,1
U07834,ENERGIA,42.37,9.413,141.39,39.93,51.72,2,1,137,50.35,1039.75,CRITICO,1
U01913,TRANSITO,39.73,2.146,141.99,61.9,65.55,2,3,137,44.96,1121.44,NORMAL,0
U03094,SAUDE,35.67,,56.86,37.67,62.46,2,0,75,68.18,875.95,NORMAL,0
U01615,TRANSITO,51.58,7.583,159.98,21.72,89.2,4,0,76,46.55,1149.09,CRITICO,1
U00142,ENERGIA,52.98,1.889,130.42,79.36,63.91,2,0,136,47.4,1370.11,NORMAL,0
U06434,ENERGIA,65.99,3.818,87.8,9.62,67.03,6,1,34,72.85,990.69,NORMAL,0
U02759,SAUDE,56.06,2.279,122.37,19.91,67.15,8,1,113,58.57,1177.14,NORMAL,0
U08337,ENERGIA,51.19,2.493,121.47,45.9,67.63,3,0,16,54.79,1457.11,NORMAL,0
U00205,TRANSITO,45.7,2.682,125.44,23.34,66.41,2,0,50,66.64,1074.02,NORMAL,0
U01711,SAUDE,42.53,4.664,105.78,51.98,56.99,2,0,132,57.8,840.75,NORMAL,0
U03018,AGUA,43.72,0.796,65.45,32.36,41.53,3,0,88,76.44,662.32,NORMAL,0
U00402,SAUDE,38.15,0.451,102.01,129.17,47.64,1,1,55,49.26,1447.85,NORMAL,0
U05918,TRANSITO,50.37,1.51,71.35,48.9,48.82,2,2,6,71.15,844.44,NORMAL,0
U09467,TELECOM,46.1,2.173,127.46,143.5,62.6,3,0,18,96.61,1050.09,NORMAL,0
U00169,SAUDE,46.46,1.95,126.13,15.88,64.37,3,0,116,72.33,951.6,NORMAL,0
U01345,AGUA,101.3,3.666,92.28,32.07,46.7,2,0,73,54.84,434.79,NORMAL,0
U09379,SAUDE,31.04,1.388,96.76,72.73,50.94,2,0,15,54.15,703.43,NORMAL,0
U02803,ENERGIA,51.91,3.232,100.15,58.14,72.6,1,0,28,33.17,1035.02,NORMAL,0
U08247,TELECOM,45.32,1.572,130.33,25.8,59.48,6,0,114,77.34,1057.66,CRITICO,1
U03417,ENERGIA,45.62,3.058,107.97,79.78,60.04,3,0,39,50.23,919.15,NORMAL,0
U02167,SAUDE,42.97,2.5,108.97,30.09,55.38,3,1,42,39.06,1076.29,NORMAL,0
U06121,TELECOM,49.53,2.964,142.03,81.7,75.44,4,0,66,69.16,951.66,NORMAL,0
U04264,TELECOM,44.37,1.549,89.03,43.63,53.22,2,0,22,59.34,470.61,CRITICO,0
U00545,TRANSITO,43.27,,116.3,52.67,52.05,3,0,109,43.76,1011.8,NORMAL,0
U09314,TRANSITO,43.76,1.698,147.51,72.51,64.27,3,0,76,64.81,1015.47,NORMAL,0
U03270,TRANSITO,51.83,3.603,124.33,20.01,91.74,2,0,85,67.3,1432.34,URGENTE,1
U07293,AGUA,41.55,2.142,167.31,45.76,79.04,5,1,104,53.52,1073.37,URGENTE,1
U07868,TELECOM,48.31,,133.45,107.9,64.0,1,0,59,77.09,885.48,CRITICO,0
U07314,SAUDE,43.8,3.56,152.77,9.83,69.51,2,1,21,66.23,1336.89,NORMAL,0
U09559,ENERGIA,45.68,2.467,110.69,69.93,64.89,2,0,95,73.08,1031.21,NORMAL,0
U00242,TELECOM,52.7,3.338,139.22,27.38,65.53,1,0,125,66.51,1033.97,NORMAL,0
U02796,ENERGIA,41.62,3.963,146.04,45.58,74.57,4,0,107,49.05,1015.66,NORMAL,0
U02777,TELECOM,51.64,1.831,117.1,70.42,57.55,1,0,130,49.36,1333.6,NORMAL,0
U03576,SAUDE,,1.777,55.01,47.32,14.29,2,1,55,41.26,271.46,NORMAL,0
U02930,SAUDE,35.7,1.883,89.31,8.66,44.42,3,0,64,79.43,802.94,NORMAL,0
U06008,SAUDE,48.94,3.823,159.22,40.03,76.31,2,2,117,80.64,1675.78,NORMAL,0
U09443,ENERGIA,45.04,2.828,111.28,31.47,51.93,2,0,121,47.68,986.19,NORMAL,0
U07499,ENERGIA,45.55,2.384,116.32,46.75,59.69,3,0,102,83.25,1191.56,NORMAL,0
U04645,AGUA,31.92,4.643,110.83,19.19,40.29,6,0,99,62.46,737.48,URGENTE,1
U07986,ENERGIA,192.38,3.608,105.22,173.22,68.66,7,2,95,45.5,1286.41,NORMAL,0
U07242,ENERGIA,128.95,4.599,136.94,19.3,83.4,6,1,25,69.76,1271.57,NORMAL,0
U00130,AGUA,43.76,3.751,138.01,150.29,86.19,5,1,14,56.98,1528.57,NORMAL,0
U01939,TRANSITO,61.73,2.212,103.31,63.29,60.45,1,1,140,67.15,1025.62,NORMAL,0
U01685,SAUDE,,1.87,107.19,84.22,72.64,4,1,12,53.3,1408.02,NORMAL,0
U07786,TELECOM,53.96,2.273,99.3,11.27,64.6,1,1,41,41.81,1133.11,NORMAL,0
U03430,ENERGIA,51.68,4.337,160.22,54.39,84.61,2,0,129,59.43,1435.96,CRITICO,1
U08674,SAUDE,36.56,1.961,106.16,18.46,51.61,1,0,39,68.66,1066.84,NORMAL,0
U01086,AGUA,41.51,3.317,82.53,126.1,73.95,0,0,31,53.23,1070.66,NORMAL,0
U06767,AGUA,41.1,1.248,76.71,101.35,33.42,1,0,129,72.87,1227.25,NORMAL,0
U01580,ENERGIA,47.81,1.792,115.49,33.69,36.08,2,1,60,48.74,517.78,NORMAL,0
U05395,ENERGIA,54.68,4.026,161.03,9.26,83.76,1,0,20,66.71,1288.99,NORMAL,0
U03096,ENERGIA,,3.167,161.03,75.42,84.06,6,1,86,75.15,1562.6,NORMAL,0
U05038,TRANSITO,39.81,,99.1,103.93,40.96,2,0,71,78.14,1031.83,NORMAL,0
U07905,SAUDE,,0.947,139.07,21.38,85.15,1,1,120,32.84,982.37,NORMAL,0
U09750,SAUDE,40.75,2.328,110.39,187.3,45.41,4,0,96,64.08,1247.54,NORMAL,0
U06363,SAUDE,33.43,3.153,137.08,8.68,82.07,3,1,119,74.41,1384.54,URGENTE,1
U05928,TELECOM,44.73,3.021,150.66,39.27,56.57,5,1,119,69.77,816.78,URGENTE,0
U08921,SAUDE,38.27,2.828,73.89,35.64,47.32,0,0,8,63.47,957.7,NORMAL,0
U06708,AGUA,,3.591,81.18,34.5,38.26,1,1,2,70.6,719.83,URGENTE,0
U05519,SAUDE,35.77,1.507,75.87,40.66,38.11,3,0,26,55.27,648.93,URGENTE,0
U01185,AGUA,36.63,3.13,137.4,26.45,58.29,2,0,69,36.36,1046.63,NORMAL,0
U01101,ENERGIA,47.56,3.509,121.93,52.2,48.13,2,0,110,38.95,859.39,NORMAL,0
U04742,TRANSITO,37.88,2.949,84.91,43.91,38.61,3,1,76,41.91,1076.25,NORMAL,0
U03882,SAUDE,150.09,2.779,105.86,111.3,77.98,2,1,78,99.97,1123.57,NORMAL,0
U05785,ENERGIA,56.44,3.426,121.21,42.71,69.14,3,0,75,55.94,1048.85,NORMAL,0
U08235,ENERGIA,47.94,2.708,150.94,23.85,52.99,2,0,109,72.55,1048.0,NORMAL,0
U04943,ENERGIA,,3.395,116.81,9.12,58.06,1,5,7,79.71,1071.24,NORMAL,0
U01787,AGUA,101.75,2.352,115.94,100.85,47.05,3,1,118,51.39,690.23,NORMAL,0
U03411,ENERGIA,50.14,4.914,145.16,92.87,65.75,6,0,117,47.79,1013.67,CRITICO,1
U01776,SAUDE,46.14,3.19,140.13,51.76,78.66,3,2,115,75.89,855.96,NORMAL,0
U04384,TELECOM,58.41,3.613,137.34,52.96,84.3,2,0,29,44.39,1641.76,NORMAL,0
U09753,SAUDE,40.11,3.012,174.63,61.49,63.49,3,0,78,73.78,964.62,NORMAL,0
U01261,TELECOM,39.83,3.135,157.66,58.4,70.14,1,3,109,78.77,742.99,URGENTE,0
U06664,ENERGIA,33.69,2.556,81.67,88.68,48.1,5,0,22,53.87,1012.07,NORMAL,0
U09992,ENERGIA,48.21,3.845,102.15,69.14,63.94,2,1,51,60.31,780.14,NORMAL,0
U05537,SAUDE,37.51,2.161,120.6,32.33,69.04,7,0,128,75.17,789.36,URGENTE,0
U00944,SAUDE,48.91,3.501,129.92,32.23,62.85,1,1,111,69.15,1213.49,NORMAL,0
U08318,TRANSITO,47.07,3.117,94.35,81.3,54.38,1,0,68,45.23,1070.54,URGENTE,0
U07878,ENERGIA,67.75,3.854,178.94,100.17,83.36,6,0,116,100.0,1121.91,NORMAL,0
U08368,TRANSITO,47.57,2.877,152.81,16.69,96.79,1,1,16,69.56,1503.2,NORMAL,0
U06201,SAUDE,38.46,3.257,127.43,32.83,37.26,2,0,138,57.26,1067.42,NORMAL,0
U00624,ENERGIA,47.55,3.47,123.63,70.96,66.38,4,3,66,35.14,1145.97,CRITICO,1
U03885,TRANSITO,56.79,2.975,122.78,20.89,69.0,3,1,122,62.12,1051.01,NORMAL,0
U02206,ENERGIA,51.41,2.823,130.34,80.37,75.22,0,0,129,68.27,1078.82,NORMAL,0
U08950,SAUDE,43.76,2.763,148.23,145.14,66.43,1,0,137,47.73,1291.48,NORMAL,0
U02446,ENERGIA,50.52,2.69,61.04,31.7,40.03,0,0,65,37.16,1301.78,NORMAL,0
U09445,AGUA,36.72,2.272,139.06,22.53,69.6,3,1,69,55.66,746.42,URGENTE,1
U09410,AGUA,37.47,3.498,137.01,67.64,75.15,5,1,47,80.21,1081.59,NORMAL,0
U08859,SAUDE,45.24,,76.42,25.81,48.34,2,0,54,54.72,944.84,NORMAL,0
U09646,SAUDE,39.69,2.266,126.06,23.46,49.38,3,0,100,67.6,679.48,NORMAL,0
U03820,ENERGIA,52.66,2.846,121.64,60.26,47.22,0,1,108,73.81,1112.15,NORMAL,0
U07071,ENERGIA,55.22,4.011,125.43,40.5,62.34,5,1,81,45.63,1343.54,CRITICO,1
U07192,TRANSITO,48.31,1.755,121.82,72.13,65.7,3,0,40,53.33,1431.4,NORMAL,0
U05367,ENERGIA,47.87,2.888,134.35,,56.52,1,1,60,80.74,699.58,NORMAL,0
U02622,SAUDE,48.51,,113.94,31.92,59.66,4,1,98,72.73,1079.86,URGENTE,0
U00199,ENERGIA,51.37,3.236,142.61,80.34,75.65,1,0,113,61.2,1076.62,NORMAL,0
U06598,TRANSITO,49.0,4.164,120.19,10.34,60.73,3,2,34,34.32,1105.37,NORMAL,0
U02303,AGUA,134.72,3.809,179.48,22.52,95.26,3,0,67,62.5,1323.59,URGENTE,0
U08685,SAUDE,40.16,1.528,121.33,41.7,56.38,2,0,3,75.34,1345.16,NORMAL,0
U09378,TRANSITO,34.3,3.085,114.59,34.44,46.06,1,0,133,44.11,993.72,NORMAL,0
U08849,AGUA,38.87,1.53,66.35,,47.94,0,0,29,47.48,594.11,NORMAL,0
U07661,AGUA,46.2,1.902,191.57,61.93,81.98,0,0,126,82.9,1843.05,URGENTE,0
U07309,ENERGIA,50.4,4.775,111.31,82.87,50.18,2,0,85,68.49,488.77,NORMAL,0
U04295,TRANSITO,53.58,2.369,149.07,43.65,81.63,2,0,55,75.97,1374.71,NORMAL,0
U06399,SAUDE,29.17,2.22,111.84,24.79,61.1,3,0,64,72.63,979.65,NORMAL,0
U01366,TELECOM,43.84,0.789,102.56,144.99,58.41,3,2,88,71.01,898.43,NORMAL,0
U07413,SAUDE,42.41,2.327,180.27,31.6,100.0,7,0,88,79.08,1047.88,NORMAL,0
U06594,ENERGIA,56.44,3.365,143.67,17.61,55.51,4,0,86,79.3,1074.35,NORMAL,0
U07035,ENERGIA,52.66,9.111,130.2,62.56,39.51,6,0,88,60.02,573.89,URGENTE,1
U02016,SAUDE,147.35,1.746,130.22,66.91,58.56,2,1,66,90.58,1088.66,NORMAL,0
U03785,TELECOM,49.27,2.698,89.63,44.35,52.11,1,1,71,92.09,1069.88,NORMAL,0
U09452,AGUA,48.32,3.806,137.49,23.29,100.0,4,1,10,66.6,1388.66,NORMAL,0
U01131,TRANSITO,47.91,2.872,151.06,12.18,85.57,4,0,64,54.87,1900.6,NORMAL,0
U07658,SAUDE,42.39,2.352,124.51,34.09,49.94,2,1,106,29.06,996.95,NORMAL,0
U02711,SAUDE,182.05,2.784,157.76,54.27,67.39,6,0,136,71.19,1327.25,URGENTE,1
U00799,SAUDE,42.35,0.865,50.73,48.61,17.14,1,1,31,47.02,188.27,URGENTE,0
U02905,TRANSITO,42.87,1.917,82.31,82.46,42.51,2,0,122,48.08,1218.49,NORMAL,0
U01872,TRANSITO,40.06,1.985,59.16,11.71,34.63,1,0,18,33.85,844.89,NORMAL,0
U02892,ENERGIA,41.01,2.359,111.82,21.6,38.43,1,1,132,84.97,813.19,NORMAL,0
U00854,ENERGIA,56.26,1.893,90.41,40.12,21.73,0,0,139,54.99,621.7,NORMAL,0
U07795,SAUDE,48.27,4.281,172.5,21.63,82.51,2,0,99,59.02,1799.39,NORMAL,0
U07445,SAUDE,43.57,3.537,137.81,25.73,96.25,3,1,13,73.31,1392.69,NORMAL,0
U05804,ENERGIA,41.85,3.908,107.78,152.63,50.58,4,0,106,75.52,816.56,NORMAL,0
U06613,SAUDE,,1.58,150.6,51.59,76.17,2,1,26,62.18,1226.08,NORMAL,0
U08006,TRANSITO,48.85,2.07,119.15,51.88,62.08,2,1,63,98.29,1156.44,URGENTE,0
U08373,TRANSITO,44.45,2.62,80.46,26.87,48.24,1,0,126,68.94,952.47,NORMAL,0
U07497,SAUDE,43.33,2.444,155.91,24.85,86.99,3,0,84,27.46,1408.56,NORMAL,0
U02851,ENERGIA,53.26,3.239,108.38,58.91,79.44,3,1,66,96.13,1178.29,NORMAL,0
U08066,SAUDE,125.84,3.418,95.37,58.84,70.49,5,0,26,83.96,1011.32,NORMAL,0
U00025,ENERGIA,36.38,3.176,131.85,21.39,76.68,3,1,60,80.82,1098.34,NORMAL,0
U00296,ENERGIA,60.98,2.632,143.22,65.56,73.66,7,1,44,87.68,1140.38,NORMAL,0
U04576,ENERGIA,52.57,4.133,136.26,208.6,76.47,5,2,40,27.3,1140.23,CRITICO,1
U09387,ENERGIA,43.31,2.42,126.59,42.86,67.47,5,0,129,54.08,959.47,NORMAL,0
U09987,TELECOM,189.23,3.436,161.55,39.39,71.71,4,0,97,84.53,1066.95,NORMAL,0
U00943,AGUA,43.18,3.05,155.45,72.98,75.14,1,3,91,63.52,1534.46,URGENTE,0
U09077,TELECOM,41.05,1.481,90.2,,30.08,1,0,14,59.7,691.24,NORMAL,0
U04155,ENERGIA,61.12,4.294,79.57,29.61,74.32,5,1,69,88.07,1222.74,URGENTE,1
U05469,SAUDE,56.64,2.319,167.34,53.7,100.0,7,0,52,69.47,1203.66,CRITICO,1
U08804,TRANSITO,129.71,2.04,82.08,234.29,47.65,2,0,13,86.98,537.33,NORMAL,0
U01933,AGUA,37.55,2.73,71.08,164.59,35.22,1,1,38,50.63,970.8,NORMAL,0
U01905,AGUA,41.92,2.289,96.26,82.0,43.92,4,0,76,49.57,1080.81,NORMAL,0
U06317,ENERGIA,54.02,4.723,141.2,32.68,79.03,2,1,85,44.8,1798.18,NORMAL,0
U09577,SAUDE,39.87,1.638,164.09,90.73,86.28,5,0,58,72.75,1536.7,URGENTE,1
U04079,ENERGIA,40.82,2.947,109.23,74.55,55.89,2,0,77,91.91,1361.33,NORMAL,0
U00686,TRANSITO,34.8,1.913,47.2,28.14,21.71,3,1,126,69.1,701.74,URGENTE,1
U08379,SAUDE,31.19,2.56,139.52,47.36,92.81,2,0,68,58.27,1538.45,CRITICO,1
U02522,ENERGIA,40.46,2.805,119.08,42.81,54.04,5,0,44,69.23,956.12,NORMAL,0
U05599,TRANSITO,44.8,1.381,118.9,49.82,76.45,3,0,43,72.96,904.91,NORMAL,0
U06209,SAUDE,24.97,1.748,86.88,39.24,49.93,0,1,12,77.34,550.43,NORMAL,0
U07884,ENERGIA,52.49,3.8,110.23,10.17,79.73,2,0,22,72.68,1352.33,NORMAL,0
U05877,ENERGIA,152.42,3.338,84.41,264.66,54.49,2,1,54,53.68,838.12,NORMAL,0
U07845,TELECOM,48.06,2.29,89.82,51.43,44.51,4,0,40,68.78,782.58,NORMAL,0
U01678,AGUA,42.0,4.146,194.48,27.87,97.58,2,0,99,80.61,1651.53,NORMAL,0
U08756,ENERGIA,55.83,4.296,75.4,26.62,41.09,0,1,63,76.88,700.66,NORMAL,0
U04015,SAUDE,41.96,2.651,99.42,44.12,79.83,2,0,19,71.69,1300.3,NORMAL,0
U08683,ENERGIA,,,126.73,95.46,59.48,1,0,105,42.03,863.28,NORMAL,0
U05815,SAUDE,,3.511,103.93,14.1,55.48,2,0,138,55.96,936.22,NORMAL,0
U04770,AGUA,43.0,4.437,127.59,32.26,69.82,3,1,143,93.85,904.0,NORMAL,0
U00458,TRANSITO,54.91,3.035,170.87,34.21,80.74,8,0,95,83.83,1021.91,CRITICO,1
U06675,TRANSITO,49.01,1.898,102.89,172.6,62.35,5,1,96,55.57,1117.93,NORMAL,0
U04555,TRANSITO,45.59,3.833,148.15,5.87,100.0,2,1,126,89.43,1180.26,CRITICO,1
U03606,ENERGIA,56.96,2.769,125.85,29.84,63.87,4,0,96,69.2,988.21,NORMAL,0
U06064,ENERGIA,54.46,,110.59,28.2,67.51,1,0,76,63.28,1491.67,NORMAL,0
U03835,AGUA,47.64,2.504,58.42,90.61,33.93,3,1,46,66.89,531.89,URGENTE,0
U06657,TRANSITO,49.85,2.548,84.26,22.56,70.42,5,0,21,47.09,1110.33,NORMAL,0
U06885,SAUDE,38.18,3.393,88.17,32.89,46.38,0,2,97,50.19,780.82,NORMAL,0
U08749,TELECOM,49.44,1.979,83.49,36.62,47.67,6,1,98,44.69,1138.4,NORMAL,0
U05624,TELECOM,40.41,1.307,90.04,19.07,57.59,0,2,34,72.68,1066.31,NORMAL,0
U05548,TRANSITO,43.85,1.717,134.95,111.8,79.77,5,1,51,89.05,1090.09,NORMAL,0
U03241,ENERGIA,193.7,3.36,86.83,87.07,42.3,4,0,24,74.45,807.1,NORMAL,0
U00571,TRANSITO,,3.048,126.8,10.76,71.61,0,1,81,63.39,978.37,NORMAL,0
U05620,ENERGIA,50.33,3.743,124.2,80.44,45.8,1,0,119,42.28,470.84,NORMAL,0
U05653,ENERGIA,51.44,4.039,67.72,46.02,47.4,4,2,123,18.51,672.04,NORMAL,0
U06827,ENERGIA,45.64,3.574,79.25,26.3,28.53,1,0,20,57.7,484.21,NORMAL,0
U00606,ENERGIA,47.65,2.586,115.72,30.09,52.36,2,0,38,87.05,951.89,NORMAL,0
U04664,ENERGIA,56.9,3.769,103.43,83.92,63.35,2,0,60,90.29,806.76,NORMAL,0
U06843,TRANSITO,51.16,2.886,177.05,65.24,81.86,3,2,136,52.39,1341.32,NORMAL,0
U01452,AGUA,56.82,3.47,203.88,54.37,99.47,7,1,85,86.59,1152.21,NORMAL,0
U00860,ENERGIA,47.82,2.563,134.51,59.3,57.84,5,1,113,57.28,989.65,NORMAL,0
U02032,ENERGIA,51.17,2.802,98.98,67.08,47.45,2,0,31,66.14,1138.68,NORMAL,0
U01946,AGUA,38.86,3.476,114.43,40.53,49.82,4,2,94,52.38,564.87,NORMAL,0
U02156,SAUDE,130.81,3.728,120.65,52.62,54.77,2,0,107,55.75,733.65,NORMAL,0
U03048,SAUDE,34.2,,143.99,81.38,74.68,8,0,59,43.05,1110.91,NORMAL,0
U04640,TRANSITO,50.85,2.378,120.62,99.36,62.81,4,1,25,34.26,1094.51,NORMAL,0
U04252,TELECOM,54.49,3.282,111.89,25.65,52.95,4,1,47,60.43,1031.54,NORMAL,0
U09072,SAUDE,47.37,2.449,105.97,4.25,67.66,1,0,46,85.36,998.99,NORMAL,0
U09515,SAUDE,38.2,2.865,155.36,4.33,76.43,3,0,124,80.98,1042.56,NORMAL,0
U03067,ENERGIA,58.03,4.323,106.77,87.97,59.56,2,1,66,48.34,575.18,NORMAL,0
U04456,ENERGIA,47.71,3.033,149.44,10.17,57.08,2,1,141,73.48,1082.2,NORMAL,0
U00840,AGUA,43.17,2.922,145.29,20.29,68.41,4,2,128,64.61,1112.91,NORMAL,0
U06628,TELECOM,46.07,1.661,118.79,,56.47,3,0,87,59.69,967.94,NORMAL,0
U03862,ENERGIA,51.93,3.426,113.38,55.04,55.96,3,1,114,68.88,998.92,NORMAL,0
U01344,ENERGIA,35.38,2.563,64.26,34.76,57.17,1,1,5,44.78,857.19,NORMAL,0
U06097,ENERGIA,,2.56,66.2,99.03,20.61,1,0,19,75.27,710.98,NORMAL,0
U05629,SAUDE,43.37,2.179,127.63,34.98,76.69,4,1,66,62.0,887.29,NORMAL,0
U07003,SAUDE,33.51,,62.36,5.77,34.39,2,0,27,94.59,821.68,NORMAL,0
U09807,SAUDE,,2.764,110.73,45.24,47.68,1,1,107,66.7,703.06,NORMAL,0
U06379,ENERGIA,41.14,2.614,80.75,34.65,22.91,1,1,142,48.05,601.62,NORMAL,0
U07380,TRANSITO,36.21,1.852,134.78,16.73,59.42,2,1,27,73.31,1424.83,NORMAL,0
U07694,SAUDE,40.07,1.038,58.89,12.46,20.59,2,1,59,84.82,638.26,NORMAL,0
U07042,SAUDE,49.35,2.796,92.77,15.92,56.23,0,0,19,71.38,759.75,NORMAL,0
U03209,SAUDE,45.53,3.3,146.96,65.29,76.99,3,2,143,53.4,1356.64,NORMAL,0
U03212,TELECOM,177.89,1.673,132.79,46.37,64.81,3,0,52,72.22,1137.57,NORMAL,0
U02601,ENERGIA,41.93,2.526,110.07,34.11,42.51,4,0,41,60.38,410.35,URGENTE,0
U01783,ENERGIA,55.7,2.389,127.77,42.92,65.16,2,3,45,48.66,973.85,NORMAL,0
U07424,TRANSITO,,3.794,149.39,72.34,78.5,1,0,130,75.24,1242.1,NORMAL,0
U07249,ENERGIA,161.33,4.105,110.0,31.35,59.18,2,0,42,73.68,872.79,NORMAL,0
U05073,ENERGIA,55.1,3.553,128.11,,79.73,0,2,67,24.71,1533.14,NORMAL,0
U04831,TELECOM,47.46,1.712,166.3,,79.2,4,0,13,72.5,1250.16,NORMAL,0
U04873,TRANSITO,40.38,1.813,98.55,8.07,51.98,0,0,18,76.59,1256.38,NORMAL,0
U07987,SAUDE,40.24,3.02,125.48,55.98,41.59,2,0,69,83.02,1005.73,NORMAL,0
U08522,ENERGIA,50.5,3.768,97.24,34.95,57.15,2,0,26,76.52,1124.9,NORMAL,0
U01877,SAUDE,38.15,1.708,127.13,50.02,65.77,6,1,140,95.81,1252.85,NORMAL,0
U09673,TELECOM,40.03,2.053,141.6,22.88,73.34,3,0,126,71.95,969.12,NORMAL,0
U01193,TRANSITO,,3.221,136.86,86.11,91.16,2,2,66,84.02,1182.23,NORMAL,0
U08827,ENERGIA,43.4,3.283,92.17,51.06,38.8,3,1,130,81.26,780.82,NORMAL,0
U05438,ENERGIA,55.12,2.728,123.05,152.83,47.05,4,1,133,78.6,656.89,CRITICO,1
U06760,ENERGIA,45.05,3.518,147.42,,70.22,1,0,111,47.1,1071.25,NORMAL,0
U06085,SAUDE,37.54,1.875,91.57,26.82,42.29,1,0,104,71.51,924.29,NORMAL,0
U08641,AGUA,31.78,2.682,118.41,46.11,44.97,3,0,96,42.16,860.35,NORMAL,0
U05334,TRANSITO,49.74,,127.36,67.28,74.07,1,0,15,80.82,1044.44,NORMAL,0
U06320,SAUDE,38.48,1.55,71.38,40.79,52.0,3,0,7,73.32,896.79,NORMAL,0
U07112,SAUDE,50.09,1.901,146.54,39.32,60.68,2,0,98,96.02,949.65,NORMAL,0
U06281,ENERGIA,48.54,2.591,127.23,84.9,49.85,1,0,142,94.92,1420.47,NORMAL,0
U09196,AGUA,42.72,2.418,134.2,76.44,41.93,0,1,80,71.18,772.8,NORMAL,0
U05945,TRANSITO,50.4,3.634,118.38,133.76,71.82,1,1,74,56.72,1107.22,NORMAL,0
U00170,ENERGIA,51.46,2.881,81.24,100.61,35.56,0,0,106,64.64,1159.32,NORMAL,0
U05301,ENERGIA,49.13,3.322,122.59,60.25,58.29,3,1,131,71.78,1012.25,NORMAL,0
U09073,SAUDE,34.59,2.958,124.21,40.81,87.07,2,0,73,59.72,1446.5,CRITICO,1
U03198,SAUDE,33.38,2.938,103.18,26.46,51.56,5,0,144,73.92,1151.37,URGENTE,0
U04890,TELECOM,47.6,3.319,112.15,81.99,73.29,2,0,28,60.13,1769.68,NORMAL,0
U03821,SAUDE,44.83,2.298,114.37,91.24,66.56,4,0,38,77.68,773.54,NORMAL,0
U05485,TELECOM,46.13,2.24,122.39,18.69,47.92,2,2,87,59.94,683.75,NORMAL,0
U05157,TELECOM,49.22,3.867,161.47,67.29,90.64,4,0,19,49.04,1754.48,NORMAL,0
U03956,ENERGIA,53.68,2.478,124.11,53.57,80.93,1,1,26,45.54,1028.21,NORMAL,0
U08861,TRANSITO,47.2,1.79,160.76,104.75,65.66,1,1,37,84.08,1293.66,NORMAL,0
U08260,AGUA,41.41,4.301,68.74,2.0,59.55,2,0,51,61.79,973.61,CRITICO,0
U03858,AGUA,37.09,3.624,119.34,49.85,66.55,4,0,103,41.63,971.98,NORMAL,0
U02833,TELECOM,41.2,1.338,102.99,155.5,55.54,3,0,23,76.65,932.81,NORMAL,0
U04014,AGUA,49.75,2.914,137.27,54.88,88.87,5,0,70,41.69,1145.95,NORMAL,0
U08075,AGUA,101.3,2.431,100.34,2.82,27.96,1,0,143,59.19,905.62,URGENTE,1
U01377,AGUA,39.29,2.0,116.87,19.93,66.14,0,1,41,32.37,1200.88,NORMAL,0
U08020,TELECOM,,3.326,116.73,20.91,57.02,1,0,136,78.93,1353.99,NORMAL,0
U09864,ENERGIA,45.56,2.415,65.96,98.24,37.05,4,0,25,51.85,929.85,NORMAL,0
U08228,TELECOM,46.75,1.945,147.64,49.34,75.14,3,0,93,46.06,903.97,NORMAL,0
U04195,ENERGIA,45.04,3.596,82.77,,32.99,1,1,81,61.27,694.08,NORMAL,0
U00284,AGUA,49.43,3.031,133.86,86.53,94.32,3,0,6,45.42,1201.28,URGENTE,0
U06319,AGUA,35.83,3.985,168.2,48.53,60.33,3,0,144,83.68,950.68,NORMAL,0
U04495,SAUDE,36.37,0.727,61.85,63.72,36.66,3,0,15,38.86,1362.13,NORMAL,0
U09250,SAUDE,39.58,2.105,66.54,54.9,30.12,1,2,68,55.34,806.37,NORMAL,0
U03695,ENERGIA,48.57,4.414,84.19,144.27,53.93,2,0,61,75.43,1120.3,NORMAL,0
U05380,TELECOM,53.48,1.335,142.28,33.51,85.42,4,3,65,58.13,1253.18,NORMAL,0
U02751,TELECOM,50.49,2.324,96.84,39.62,56.32,1,0,29,47.98,908.37,NORMAL,0
U05124,SAUDE,46.27,2.52,117.65,17.55,67.5,2,1,37,67.31,1419.39,NORMAL,0
U04893,TRANSITO,44.37,,96.87,30.82,57.63,1,1,7,64.7,1284.34,NORMAL,0
U05733,TELECOM,35.77,1.39,87.91,21.89,53.36,3,0,47,73.33,672.7,NORMAL,0
U05320,TELECOM,54.48,1.415,116.53,26.13,60.64,2,0,29,76.21,1427.33,NORMAL,0
U06716,TRANSITO,41.38,2.007,119.77,61.75,75.51,2,0,63,58.74,1216.76,NORMAL,0
U03052,TELECOM,50.51,3.282,154.73,49.97,88.06,4,0,92,45.18,1029.64,NORMAL,0
U02287,AGUA,47.48,3.692,155.87,,69.07,1,1,73,63.45,1384.44,NORMAL,0
U07825,ENERGIA,62.59,3.222,138.11,29.18,59.2,3,0,101,53.96,1017.35,NORMAL,0
U09588,AGUA,41.56,3.202,126.25,143.94,51.24,3,1,136,42.11,787.97,NORMAL,0
U01844,SAUDE,31.88,3.317,95.59,67.28,72.3,4,1,16,58.45,1252.2,NORMAL,0
U02079,TELECOM,43.64,2.175,121.28,,61.2,2,0,43,44.17,1382.84,NORMAL,0
U09254,SAUDE,39.86,3.731,128.19,17.61,88.58,2,0,12,49.97,1346.33,NORMAL,0
U06596,TELECOM,51.63,3.989,170.56,17.58,77.04,4,1,137,62.32,1705.64,CRITICO,1
U06631,SAUDE,26.18,3.572,113.79,101.03,65.74,4,1,73,74.4,1311.84,NORMAL,0
U00554,TRANSITO,35.74,1.813,83.83,,38.05,3,1,131,70.02,681.99,NORMAL,0
U08489,TELECOM,54.81,3.924,118.45,19.95,75.52,3,0,56,52.36,1543.28,URGENTE,1
U01607,ENERGIA,46.46,,101.79,121.99,46.3,1,0,80,69.31,980.23,NORMAL,0
U02877,ENERGIA,53.09,4.908,167.56,43.18,83.69,6,0,115,48.32,1175.31,URGENTE,1
U04002,ENERGIA,46.22,2.472,72.07,130.95,49.75,5,0,112,76.36,567.53,NORMAL,0
U04300,TRANSITO,53.59,2.761,135.59,49.79,57.75,3,1,117,45.22,1121.19,NORMAL,0
U01688,TRANSITO,47.74,2.957,111.25,22.84,86.3,2,0,53,52.28,1432.06,NORMAL,0
U07142,TRANSITO,40.63,2.691,132.75,56.48,62.99,2,0,88,35.97,1315.14,CRITICO,1
U07437,SAUDE,47.09,3.154,97.59,23.94,51.79,2,0,101,84.49,1029.24,NORMAL,0
U00150,ENERGIA,49.54,3.276,105.96,,55.68,0,2,7,47.99,835.84,NORMAL,0
U03188,AGUA,,1.123,81.41,41.9,42.89,0,0,134,67.75,726.19,NORMAL,0
U07652,TELECOM,51.27,2.573,133.91,11.61,65.41,3,2,113,73.21,1221.29,NORMAL,0
U03404,ENERGIA,53.13,1.914,101.6,24.92,44.61,2,1,70,90.98,857.31,NORMAL,0
U07268,ENERGIA,47.22,2.3,85.95,17.69,59.84,4,1,92,72.45,1040.85,NORMAL,0
U01283,TRANSITO,51.5,2.12,78.09,14.65,37.03,4,0,141,65.43,1008.65,NORMAL,0
U09048,TRANSITO,46.95,2.75,85.59,32.19,40.78,4,1,123,70.58,1254.98,NORMAL,0
U09108,TELECOM,58.83,2.339,146.05,26.8,58.25,2,0,96,61.8,824.48,URGENTE,0
U09957,TELECOM,37.15,2.071,55.64,29.39,20.99,0,2,77,56.99,619.45,NORMAL,0
U07460,SAUDE,39.77,2.492,116.29,28.56,70.8,3,1,2,81.32,1463.7,NORMAL,0
U01805,ENERGIA,56.12,2.724,110.71,29.11,49.72,1,1,125,51.69,1153.26,NORMAL,0
U09120,ENERGIA,44.83,3.886,133.97,55.0,77.41,1,0,28,61.61,1112.87,NORMAL,0
U03802,SAUDE,48.29,1.887,105.16,17.1,57.7,1,0,51,36.84,914.78,NORMAL,0
U07132,TRANSITO,44.5,2.824,132.03,102.93,64.54,0,0,86,23.11,1401.13,NORMAL,0
U04033,AGUA,45.0,2.804,123.62,114.94,47.81,1,0,133,61.11,1341.71,NORMAL,0
U06902,TELECOM,45.54,3.88,150.07,81.68,58.71,3,0,81,77.97,1132.09,NORMAL,0
U05566,TRANSITO,63.09,3.531,98.92,27.75,66.54,5,0,6,69.34,1062.83,NORMAL,0
U04841,SAUDE,37.19,2.416,127.33,44.2,43.57,4,1,77,70.18,623.6,NORMAL,0
U06026,TELECOM,48.77,2.585,133.39,120.59,73.42,1,0,67,68.06,1030.91,NORMAL,0
U02623,ENERGIA,48.01,2.783,118.12,82.8,71.05,2,1,57,60.0,913.12,NORMAL,0
U01676,ENERGIA,52.62,2.114,123.06,29.19,63.21,3,0,28,39.44,1456.92,NORMAL,0
U00077,SAUDE,44.94,3.288,151.23,44.25,80.86,5,0,68,60.99,808.23,NORMAL,0
U09308,SAUDE,45.58,2.168,126.26,19.82,69.48,4,1,95,67.08,1200.8,NORMAL,0
U02557,SAUDE,40.76,2.738,140.59,36.8,53.04,2,1,109,84.73,666.98,NORMAL,0
U04439,TRANSITO,55.64,3.653,129.23,12.88,74.54,1,1,21,79.02,645.49,NORMAL,0
U00961,TRANSITO,37.15,2.762,91.84,38.78,63.08,5,0,81,63.42,760.19,NORMAL,0
U05201,ENERGIA,54.46,,149.78,14.95,73.21,2,1,46,36.87,1112.3,NORMAL,0
U07714,TELECOM,191.24,1.633,126.39,4.65,64.99,2,0,44,49.56,751.83,NORMAL,0
U01411,SAUDE,,0.614,48.94,24.19,40.23,2,1,83,81.49,1050.35,NORMAL,0
U00684,AGUA,36.8,4.603,161.86,99.72,52.52,3,1,138,61.2,936.57,NORMAL,0
U04067,TRANSITO,41.77,1.105,61.8,17.42,24.27,0,0,21,41.62,730.35,NORMAL,0
U03605,ENERGIA,51.4,4.262,137.47,34.55,77.55,0,1,96,67.23,1294.6,NORMAL,0
U01030,TRANSITO,48.16,2.007,157.88,21.26,84.66,5,0,105,54.94,1208.47,NORMAL,0
U08620,AGUA,36.91,2.68,124.43,69.04,51.89,4,1,43,51.16,1145.49,NORMAL,0
U02950,TELECOM,84.69,2.779,139.66,58.48,59.15,2,1,122,69.52,813.22,NORMAL,0
U08835,ENERGIA,50.06,,112.2,31.8,67.08,3,0,20,69.66,1216.71,URGENTE,1
U04144,ENERGIA,164.2,2.604,150.53,130.26,78.0,3,0,74,100.0,1140.97,NORMAL,0
U02390,ENERGIA,57.32,3.797,84.4,48.87,66.53,1,1,51,67.06,554.52,NORMAL,0
U02910,ENERGIA,44.79,2.603,96.1,32.01,59.43,9,1,9,64.45,832.88,NORMAL,0
U05969,TELECOM,50.65,3.433,125.39,61.41,73.95,5,1,18,52.49,768.32,NORMAL,0
U09582,AGUA,41.17,3.001,128.84,37.75,81.19,2,0,28,59.3,1245.72,NORMAL,0
U07727,SAUDE,45.04,2.562,95.57,41.71,56.98,1,2,64,85.35,1226.53,NORMAL,0
U00012,TELECOM,47.45,2.39,149.24,14.96,75.7,5,0,118,67.68,1601.95,NORMAL,0
U04754,TRANSITO,48.73,2.084,139.81,123.69,56.59,0,0,105,84.11,1161.96,NORMAL,0
U00484,ENERGIA,53.07,3.784,178.91,39.64,75.5,4,0,83,67.37,1498.92,NORMAL,0
U00020,SAUDE,43.04,2.102,144.25,79.73,64.94,0,0,139,98.87,1148.48,NORMAL,0
U02000,TRANSITO,44.16,2.247,84.63,55.52,44.28,3,0,90,79.53,865.85,NORMAL,0
U07681,SAUDE,,3.328,117.29,52.66,67.73,4,0,52,57.43,1155.73,CRITICO,1
U09324,AGUA,37.38,1.803,105.88,7.5,80.26,1,0,64,66.35,1314.11,NORMAL,0
U09368,SAUDE,40.11,2.621,135.35,32.2,88.79,1,0,15,76.6,869.03,NORMAL,0
U06274,SAUDE,31.67,,159.21,149.24,85.17,3,0,60,73.79,1323.05,NORMAL,0
U01653,AGUA,43.6,2.451,92.79,55.08,51.2,3,1,68,70.86,740.36,NORMAL,0
U03131,TRANSITO,156.68,2.307,82.86,36.21,50.43,3,1,28,80.08,972.14,NORMAL,0
U01279,SAUDE,38.63,2.47,105.25,32.6,51.94,1,3,76,57.67,935.08,NORMAL,0
U05966,SAUDE,29.89,1.759,119.33,,51.16,1,1,95,41.84,1023.43,NORMAL,0
U01405,ENERGIA,59.26,4.086,131.15,19.76,86.41,2,1,42,62.36,1458.62,NORMAL,0
U08901,AGUA,43.23,2.31,114.33,55.08,62.92,2,0,11,46.53,1412.5,NORMAL,0
U06467,TRANSITO,43.34,2.452,136.85,21.17,61.0,3,0,105,59.22,1254.16,CRITICO,1
U02932,SAUDE,43.84,1.687,91.28,42.57,42.4,4,0,60,48.46,781.0,NORMAL,0
U05007,ENERGIA,49.13,2.694,98.25,92.74,60.17,5,1,131,72.47,785.86,NORMAL,0
U02723,TRANSITO,54.08,1.75,142.71,47.5,50.1,8,1,84,53.9,913.28,NORMAL,0
U05647,TELECOM,43.15,3.475,138.79,,82.27,7,0,5,51.73,1276.07,URGENTE,1
U01795,TELECOM,53.4,,103.26,58.88,72.38,2,2,76,41.3,1277.77,URGENTE,0
U06982,ENERGIA,49.37,4.466,126.7,66.59,67.08,3,0,129,65.37,1173.0,URGENTE,1
U01820,ENERGIA,52.46,4.037,159.47,36.74,87.34,7,0,68,78.29,1522.86,NORMAL,0
U05357,TRANSITO,50.23,3.211,123.75,45.97,68.67,2,2,43,22.96,1003.62,NORMAL,0
U05819,TELECOM,48.34,3.486,133.72,44.67,77.47,6,0,79,54.17,1130.64,NORMAL,0
U05842,SAUDE,43.13,1.95,139.71,16.54,57.53,2,1,58,84.11,1191.14,NORMAL,0
U08299,TRANSITO,46.88,3.783,148.77,66.12,89.66,7,2,14,68.84,1320.57,NORMAL,0
U05394,ENERGIA,53.2,2.972,123.7,54.49,66.82,2,0,130,84.42,681.7,NORMAL,0
U01419,TRANSITO,,3.537,162.62,67.77,86.83,4,1,93,69.76,1205.22,NORMAL,0
U05272,TELECOM,58.09,1.335,112.68,,62.28,2,0,84,72.83,1383.43,NORMAL,0
U01462,SAUDE,49.48,1.774,114.31,130.34,78.79,3,0,119,58.65,1237.68,NORMAL,0
U00357,ENERGIA,48.39,1.574,141.29,114.02,53.47,1,3,123,56.73,947.69,NORMAL,0
U03978,SAUDE,45.2,,139.64,173.56,84.8,2,0,60,57.32,1619.86,NORMAL,0
U00539,TRANSITO,45.99,3.71,129.48,18.3,51.93,0,1,68,42.8,1188.23,NORMAL,0
U04938,TRANSITO,48.28,2.549,64.86,64.08,39.26,2,0,10,67.45,752.29,NORMAL,0
U08095,ENERGIA,48.36,2.294,121.74,17.93,47.04,2,0,125,52.66,773.64,NORMAL,0
U05992,SAUDE,43.67,0.492,53.08,53.33,19.61,2,0,49,86.71,680.96,URGENTE,1
U01292,ENERGIA,53.1,3.188,123.77,16.9,74.04,2,0,115,33.89,1445.27,NORMAL,0
U09732,TRANSITO,43.96,1.929,103.94,62.94,62.73,1,0,50,64.34,1196.47,NORMAL,0
U04469,ENERGIA,40.86,1.838,116.81,62.46,74.22,4,0,44,53.71,1125.1,URGENTE,0
U06431,ENERGIA,42.88,3.521,118.98,66.25,70.1,2,0,101,66.06,1125.39,NORMAL,0
U05723,TRANSITO,55.64,1.619,93.79,100.59,51.42,0,0,86,91.31,1545.34,NORMAL,0
U01797,TELECOM,49.69,0.779,69.82,29.49,59.24,2,0,5,67.98,1059.87,NORMAL,0
U03548,ENERGIA,47.63,2.82,98.29,47.82,30.46,0,0,76,38.64,613.19,NORMAL,0
U03181,AGUA,42.72,2.871,65.49,103.44,42.39,1,1,10,56.55,783.81,NORMAL,0
U06461,SAUDE,47.51,2.189,121.79,108.55,62.95,1,0,101,67.67,1043.1,NORMAL,0
U03924,AGUA,44.54,3.811,124.86,7.25,60.35,3,0,28,73.03,786.38,NORMAL,0
U06508,SAUDE,48.96,3.229,139.06,79.57,77.94,7,2,107,54.72,1455.82,URGENTE,0
U08791,SAUDE,46.19,0.783,89.43,53.61,60.35,2,2,73,85.85,1360.03,NORMAL,0
U01266,ENERGIA,37.27,2.428,102.07,30.9,43.31,4,0,20,99.95,685.01,NORMAL,0
U00003,ENERGIA,62.18,2.892,96.76,165.28,56.46,3,0,41,75.69,1097.16,NORMAL,0
U07343,TRANSITO,42.95,1.962,120.54,82.35,62.52,6,0,137,63.99,1204.19,NORMAL,0
U09595,SAUDE,46.03,1.799,104.49,99.14,61.68,4,0,80,70.43,1047.91,NORMAL,0
U06446,TRANSITO,46.2,6.651,73.32,11.98,49.17,4,0,65,66.76,1091.36,NORMAL,1
U06309,TELECOM,48.14,3.461,128.11,30.2,68.07,2,2,64,59.8,830.44,NORMAL,0
U07037,TRANSITO,45.58,3.635,104.17,37.45,39.28,5,0,128,77.15,544.32,NORMAL,0
U01983,ENERGIA,,1.633,51.08,117.5,34.68,0,0,23,84.28,945.57,NORMAL,0
U03051,SAUDE,,3.016,131.14,8.63,67.59,2,0,101,58.95,1474.55,NORMAL,0
U05851,SAUDE,41.63,3.657,173.64,91.1,88.04,6,1,51,78.2,1500.95,URGENTE,1
U04852,SAUDE,40.31,2.014,101.38,169.74,54.3,2,0,60,74.19,621.92,NORMAL,0
U04592,TRANSITO,51.49,2.135,96.75,82.95,76.38,2,0,24,73.83,1726.04,URGENTE,0
U02345,TELECOM,42.44,2.122,105.49,44.51,65.58,0,2,8,72.12,1014.08,NORMAL,0
U02001,AGUA,39.22,2.931,128.23,12.23,45.13,0,1,110,59.11,1013.05,NORMAL,0
U01520,ENERGIA,45.75,1.661,54.99,29.96,13.0,2,0,89,31.67,514.5,NORMAL,0
U07241,SAUDE,44.91,,123.43,29.11,64.95,2,0,41,64.03,1014.75,NORMAL,0
U03685,TELECOM,49.38,1.691,98.28,21.95,42.98,4,0,112,61.16,540.65,NORMAL,0
U01430,TELECOM,52.94,,130.87,40.36,69.64,2,1,25,66.73,1313.11,URGENTE,0
U03238,SAUDE,49.73,3.15,139.1,82.76,86.73,4,1,77,62.73,1381.87,NORMAL,0
U04070,ENERGIA,45.45,3.325,122.85,30.11,44.58,5,2,89,69.11,680.59,CRITICO,1
U01254,AGUA,47.22,3.48,122.7,46.99,72.49,4,0,55,37.7,1064.13,NORMAL,0
U01543,SAUDE,162.26,3.215,111.8,22.75,62.23,1,1,107,59.22,1186.63,NORMAL,0
U04927,AGUA,,,157.7,41.22,61.66,1,1,123,63.26,776.48,NORMAL,0
U02589,ENERGIA,189.32,3.137,153.4,35.2,88.66,5,1,9,36.12,1356.39,NORMAL,0
U05340,SAUDE,44.92,3.328,162.43,126.3,84.84,1,0,66,64.47,885.9,NORMAL,0
U00672,TRANSITO,48.41,3.873,174.88,79.57,91.74,5,1,131,77.17,1141.09,NORMAL,0
U06648,ENERGIA,48.71,,150.5,59.21,56.75,1,0,141,60.57,626.1,NORMAL,0
U08748,SAUDE,41.42,2.679,134.67,24.89,59.98,4,0,85,100.0,642.61,NORMAL,0
U03782,ENERGIA,49.94,2.209,63.76,39.63,47.69,1,2,135,92.16,909.38,NORMAL,0
U00243,TELECOM,54.03,2.299,171.56,55.56,97.13,6,0,33,44.07,1793.73,NORMAL,0
U08029,TRANSITO,44.71,2.479,110.34,50.64,50.98,0,1,42,50.46,682.85,NORMAL,0
U07799,SAUDE,42.36,2.37,80.21,4.71,35.98,4,0,14,42.82,1258.14,NORMAL,0
U01616,AGUA,39.05,3.375,108.95,118.79,52.78,3,0,43,87.27,875.65,NORMAL,0
U08194,TRANSITO,41.98,2.704,110.7,79.48,63.1,2,1,123,49.34,1399.05,URGENTE,0
U09489,TELECOM,55.28,2.184,134.43,39.09,70.77,2,0,94,68.03,928.52,NORMAL,0
U02525,TELECOM,41.08,2.835,130.13,,63.05,2,1,61,65.01,1143.45,NORMAL,0
U02558,TELECOM,48.97,2.288,38.57,59.84,24.74,3,0,110,94.36,644.59,NORMAL,0
U04711,TELECOM,57.3,3.638,162.66,,83.24,4,1,129,58.84,1442.43,CRITICO,1
U05633,TELECOM,53.29,0.918,218.59,20.66,91.81,3,0,136,56.05,911.31,NORMAL,0
U04105,AGUA,42.14,3.756,113.26,116.74,59.33,1,0,4,81.56,1003.98,NORMAL,0
U05409,TELECOM,138.27,1.782,112.73,127.8,49.41,1,0,115,47.08,1058.0,CRITICO,0
U05535,ENERGIA,45.49,3.013,128.25,54.18,75.68,2,2,11,76.94,955.42,NORMAL,0
U01594,TRANSITO,46.05,2.741,108.21,49.68,44.85,1,0,101,78.67,250.4,NORMAL,0
U05532,SAUDE,43.47,1.719,94.48,77.88,44.49,2,0,67,52.82,1318.44,NORMAL,0
U05163,AGUA,41.43,3.853,168.98,44.98,65.58,5,1,132,44.25,1294.81,NORMAL,0
U07508,SAUDE,36.65,1.45,122.25,8.91,58.1,2,0,87,64.99,1038.59,NORMAL,0
U04170,AGUA,32.13,1.155,94.25,48.16,52.5,4,1,42,86.97,1149.35,NORMAL,0
U00898,AGUA,,1.634,76.71,12.01,21.06,1,0,83,71.78,931.41,NORMAL,0
U04244,TELECOM,,2.17,107.12,23.17,51.67,5,0,87,61.62,1324.46,NORMAL,0
U09121,ENERGIA,51.78,3.019,131.94,11.52,59.63,1,0,74,47.14,933.22,NORMAL,0
U08978,TRANSITO,43.52,2.37,125.14,9.59,70.71,2,0,89,86.56,1327.91,NORMAL,0
U00998,SAUDE,40.88,1.223,150.93,28.37,68.9,0,0,144,73.27,1011.5,NORMAL,0
U01659,ENERGIA,42.2,4.452,136.77,37.23,75.61,6,1,47,50.45,1214.45,NORMAL,0
U02198,TRANSITO,53.12,2.775,188.99,59.31,89.67,1,0,111,62.72,1579.2,NORMAL,0
U04951,TRANSITO,34.85,2.331,51.2,24.98,35.73,5,1,98,38.27,962.01,NORMAL,0
U03518,AGUA,45.49,,97.56,34.35,46.04,2,0,99,57.81,599.21,NORMAL,0
U05626,ENERGIA,51.6,2.056,112.95,26.57,49.22,3,0,84,97.38,624.78,NORMAL,0
U08945,ENERGIA,46.5,2.434,166.4,43.53,70.09,7,0,96,45.35,656.75,NORMAL,0
U08498,SAUDE,112.55,2.099,133.95,84.67,59.91,2,0,50,63.66,774.68,NORMAL,0
U05704,TRANSITO,46.23,3.796,121.3,73.52,68.2,3,0,116,43.81,890.67,NORMAL,0
U08113,SAUDE,37.72,1.917,172.26,18.6,76.45,1,0,97,73.13,1168.65,NORMAL,0
U09499,AGUA,32.7,4.871,131.93,45.77,78.11,3,0,23,80.84,949.13,NORMAL,0
U00750,TRANSITO,167.79,3.982,115.44,,60.16,3,0,3,63.44,956.94,CRITICO,1
U04053,SAUDE,45.59,3.445,151.04,26.63,85.33,2,0,41,58.17,1429.87,NORMAL,0
U04276,AGUA,51.47,2.198,152.69,60.72,72.26,4,0,142,43.73,794.08,NORMAL,0
U03129,TRANSITO,50.08,3.097,178.95,9.35,90.51,5,0,112,47.13,1376.06,NORMAL,0
U07060,TRANSITO,42.03,2.94,160.54,18.88,74.66,2,0,71,67.04,693.73,NORMAL,0
U00884,TRANSITO,,1.767,91.68,22.47,43.38,6,0,2,73.45,903.13,NORMAL,0
U07775,TELECOM,40.84,1.681,153.52,33.81,78.85,2,3,87,72.46,838.73,NORMAL,0
U01189,AGUA,50.41,2.956,107.95,107.17,75.61,3,1,29,74.42,1311.27,NORMAL,0
U08036,SAUDE,41.66,1.988,151.33,29.22,77.28,3,0,46,70.58,1086.47,NORMAL,0
U06938,TRANSITO,37.31,,93.14,81.55,46.61,2,0,3,56.37,866.05,NORMAL,0
U05016,SAUDE,40.22,2.898,80.02,55.39,41.29,2,0,12,73.06,1055.37,NORMAL,0
U06326,TRANSITO,46.07,2.577,103.44,27.24,55.47,2,0,57,57.28,616.51,NORMAL,0
U00478,TELECOM,46.63,2.402,75.49,12.41,65.36,5,0,68,64.53,1079.46,NORMAL,0
U02112,AGUA,42.93,,84.77,23.56,35.15,1,0,105,63.13,231.8,NORMAL,0
U08453,ENERGIA,53.66,2.006,149.06,52.73,67.84,6,0,129,57.54,924.56,NORMAL,0
U03723,TRANSITO,50.71,3.881,192.96,60.86,87.15,5,0,126,78.94,1452.32,CRITICO,1
U05223,AGUA,41.17,,125.34,126.99,72.08,4,0,103,74.08,1806.51,URGENTE,1
U08891,TRANSITO,29.21,2.977,100.29,103.44,55.92,2,1,30,60.42,865.81,NORMAL,0
U09897,TRANSITO,41.01,2.879,134.89,157.6,58.06,0,1,103,59.96,1129.48,URGENTE,0
U08993,ENERGIA,52.52,1.689,80.96,15.35,36.68,3,1,34,16.41,1177.24,NORMAL,0
U02191,AGUA,48.52,3.12,170.84,27.71,80.1,6,1,128,60.33,1133.88,NORMAL,0
U03487,TRANSITO,38.5,4.786,105.03,49.69,64.71,2,0,46,55.44,1106.32,NORMAL,0
U04617,ENERGIA,49.15,2.347,115.74,27.54,44.35,1,1,78,55.75,951.3,NORMAL,0
U03892,SAUDE,31.79,0.93,90.45,4.8,30.03,3,1,44,61.76,1008.7,NORMAL,0
U00749,ENERGIA,34.65,2.475,79.08,55.65,40.29,1,1,85,65.95,726.96,NORMAL,0
U06286,ENERGIA,42.52,4.012,165.94,61.68,72.72,2,0,143,61.98,894.39,NORMAL,0
U07535,SAUDE,42.09,2.238,74.14,21.72,46.67,1,0,113,57.24,849.02,NORMAL,0
U07730,SAUDE,34.52,2.508,89.01,33.43,41.34,0,0,59,49.79,520.5,NORMAL,0
U08644,SAUDE,,2.67,114.59,44.07,61.49,3,0,56,46.79,771.14,NORMAL,0
U03897,TELECOM,47.58,0.0,124.06,102.92,41.27,3,0,108,46.67,799.95,NORMAL,0
U05935,SAUDE,42.17,1.839,63.56,103.62,40.76,0,2,13,30.11,1389.32,NORMAL,0
U00948,SAUDE,47.44,2.939,168.96,52.33,100.0,2,0,86,52.01,1398.47,NORMAL,0
U04233,ENERGIA,52.3,3.457,115.02,20.72,59.95,2,0,111,49.43,1252.6,URGENTE,0
U09923,TRANSITO,52.69,1.462,157.43,26.11,69.05,2,0,138,59.69,1255.13,NORMAL,0
U00524,AGUA,41.83,2.348,113.6,21.4,58.96,2,1,45,58.35,1129.79,NORMAL,0
U08154,ENERGIA,46.83,,160.99,43.9,64.07,5,2,97,60.47,1043.91,NORMAL,0
U03798,AGUA,42.61,2.621,126.47,41.56,62.64,2,0,107,31.76,1111.25,NORMAL,0
U07127,TELECOM,,2.211,117.06,41.43,49.53,1,0,33,44.31,906.15,NORMAL,0
U08031,TRANSITO,37.83,2.18,88.98,11.75,38.27,1,2,119,43.5,909.47,NORMAL,0
U07784,ENERGIA,51.05,,116.62,50.15,59.0,1,1,34,52.95,421.04,NORMAL,0
U05526,AGUA,34.81,2.308,147.81,36.02,59.77,0,0,101,61.38,1128.07,NORMAL,0
U07315,ENERGIA,44.66,3.179,95.43,29.75,64.88,0,3,36,81.24,1218.81,NORMAL,0
U00497,AGUA,32.99,1.591,116.25,39.45,34.49,2,0,136,67.0,946.71,NORMAL,0
U05700,ENERGIA,58.32,4.026,168.51,53.75,82.69,3,1,46,49.45,1503.66,NORMAL,0
U09165,TRANSITO,55.72,3.213,143.28,39.46,72.98,5,1,117,51.01,1586.13,CRITICO,1
U04246,TELECOM,36.81,3.058,109.85,29.74,64.89,3,0,22,62.53,615.36,NORMAL,0
U00156,SAUDE,45.5,2.545,188.94,9.89,99.38,4,0,42,48.06,1631.18,NORMAL,0
U01076,SAUDE,43.74,2.614,120.87,36.88,59.67,1,0,37,56.7,1183.08,NORMAL,0
U08450,SAUDE,44.06,3.244,135.68,24.16,65.41,4,1,99,52.65,1370.04,NORMAL,0
U01109,AGUA,,3.168,168.47,27.45,79.16,1,0,80,53.85,1452.57,NORMAL,0
U06069,TELECOM,54.05,3.519,120.66,5.44,78.31,6,0,52,59.52,1563.94,CRITICO,1
U09299,SAUDE,43.88,,97.66,46.21,53.93,2,0,34,96.22,1348.58,NORMAL,0
U04103,TRANSITO,194.67,1.052,93.7,33.73,35.97,2,0,112,100.0,804.58,NORMAL,0
U04027,TELECOM,36.65,0.744,61.71,41.95,41.49,0,0,104,46.03,878.7,NORMAL,0
U01919,ENERGIA,52.26,2.336,89.69,65.5,55.75,2,0,35,52.2,1069.8,URGENTE,0
U02737,SAUDE,37.02,5.975,123.64,114.25,55.29,1,1,132,47.44,956.85,CRITICO,1
U03795,AGUA,43.52,1.773,82.96,57.26,64.8,4,1,65,79.67,1076.28,NORMAL,0
U02130,SAUDE,42.36,2.058,123.59,170.14,51.25,1,0,78,45.79,840.76,NORMAL,0
U09206,ENERGIA,51.63,,145.87,36.87,87.14,8,0,96,41.71,950.4,CRITICO,1
U06458,TRANSITO,48.68,2.651,119.4,67.39,63.91,6,0,93,73.05,797.97,NORMAL,0
U01106,AGUA,47.98,4.042,153.97,11.62,68.75,2,0,122,47.75,904.14,NORMAL,0
U03937,AGUA,42.89,3.572,105.06,51.24,50.76,3,0,45,61.58,539.84,NORMAL,0
U07555,SAUDE,29.21,1.19,105.85,16.51,43.82,0,2,48,70.67,947.42,URGENTE,0
U05095,TRANSITO,43.74,3.756,83.31,13.18,67.91,5,1,18,43.13,1053.59,NORMAL,0
U09829,ENERGIA,,1.309,111.99,21.15,72.63,3,0,48,54.63,1564.44,NORMAL,0
U03938,SAUDE,43.69,1.971,131.59,87.33,78.77,4,0,90,64.67,1504.21,NORMAL,0
U07819,SAUDE,41.75,2.617,135.77,96.05,77.73,3,3,67,66.82,1234.81,NORMAL,0
U03295,ENERGIA,52.76,3.804,197.82,82.7,85.5,1,0,102,15.0,1411.34,NORMAL,0
U07347,ENERGIA,57.4,3.087,133.21,37.54,62.97,3,0,60,79.55,646.9,NORMAL,0
U04850,ENERGIA,46.38,4.861,170.23,39.17,66.4,6,1,143,64.01,1401.7,CRITICO,1
U00399,AGUA,37.41,3.592,124.13,14.86,60.08,4,0,50,57.81,1306.7,NORMAL,0
U07428,ENERGIA,48.97,,112.78,75.32,51.84,3,1,38,74.55,1065.07,URGENTE,1
U09421,TRANSITO,37.94,1.381,31.17,9.41,39.58,4,1,39,74.56,1042.37,NORMAL,0
U08417,AGUA,44.82,2.464,162.98,89.51,67.44,5,1,128,73.29,730.61,NORMAL,0
U07214,SAUDE,113.56,2.576,125.37,79.42,67.34,5,2,86,43.11,877.07,NORMAL,0
U04652,TRANSITO,,3.247,86.66,14.5,52.21,2,1,51,70.6,930.76,URGENTE,0
U07643,TELECOM,,2.42,168.79,50.97,86.02,2,1,99,69.59,1768.6,CRITICO,1
U01758,ENERGIA,49.56,3.192,98.09,31.39,62.91,5,0,88,42.08,1249.69,NORMAL,0
U02363,AGUA,32.27,2.012,96.69,68.65,55.44,2,0,26,40.1,1158.67,URGENTE,0
U08073,TELECOM,42.72,2.655,113.88,41.48,64.9,3,0,37,80.71,1327.68,NORMAL,0
U05628,ENERGIA,,2.518,154.25,110.73,66.69,2,0,111,90.97,1008.52,NORMAL,0
U02614,SAUDE,45.22,3.062,156.93,124.71,96.94,4,0,4,67.47,1800.43,URGENTE,1
U02745,ENERGIA,37.9,3.483,58.14,86.06,17.92,2,3,144,57.67,580.83,NORMAL,0
U09316,SAUDE,41.57,3.199,99.62,79.25,68.82,2,0,11,95.22,1539.26,NORMAL,0
U08702,ENERGIA,45.78,3.004,91.48,57.42,67.53,6,0,10,58.31,966.9,NORMAL,0
U05147,ENERGIA,160.76,4.285,133.94,107.49,90.0,5,0,12,99.01,1543.47,NORMAL,0
U08436,AGUA,48.99,4.063,209.22,22.92,100.0,1,0,15,53.61,1615.42,NORMAL,0
U05011,TRANSITO,41.84,2.389,118.05,15.02,79.28,1,1,35,57.88,1141.23,NORMAL,0
U06142,TRANSITO,45.2,1.245,126.92,36.14,48.84,2,1,21,47.87,685.56,NORMAL,0
U00201,TRANSITO,51.8,2.392,121.07,134.08,64.29,1,0,72,100.0,1101.43,NORMAL,0
U05952,SAUDE,48.43,2.301,135.84,125.64,69.4,2,0,74,74.82,1280.6,NORMAL,0
U07011,TELECOM,146.98,1.85,108.73,147.92,35.71,0,0,93,32.1,959.05,NORMAL,0
U07269,TRANSITO,46.55,3.275,120.39,12.38,69.62,2,0,66,66.08,792.13,NORMAL,0
U05328,ENERGIA,52.4,4.805,127.22,21.75,67.52,3,0,65,51.69,1336.35,URGENTE,1
U04407,SAUDE,46.2,7.432,109.0,181.07,76.74,3,0,49,100.0,1814.85,CRITICO,1
U06027,TRANSITO,51.49,3.006,129.93,6.55,74.83,4,0,93,85.18,1854.7,NORMAL,0
U07778,ENERGIA,60.73,2.928,64.48,36.92,70.25,3,0,8,77.06,1159.12,NORMAL,0
U00410,TRANSITO,48.81,2.019,136.12,105.07,69.99,3,2,32,15.0,1074.67,NORMAL,0
U05171,ENERGIA,232.56,2.754,78.93,32.63,30.46,2,1,79,54.6,645.82,NORMAL,0
U04586,SAUDE,56.0,1.687,92.7,28.63,57.7,2,0,2,89.0,638.08,NORMAL,0
U03715,ENERGIA,45.44,5.104,87.56,55.17,66.72,2,2,36,49.27,1202.63,NORMAL,0
U08244,ENERGIA,56.7,1.867,128.97,75.28,48.16,1,0,110,51.46,672.73,NORMAL,0
U01649,ENERGIA,42.29,3.655,55.28,40.53,31.83,1,0,83,62.97,784.32,URGENTE,0
U03485,ENERGIA,51.65,8.613,112.78,65.57,81.72,2,2,30,63.11,1373.83,CRITICO,1
U06321,SAUDE,42.23,1.787,115.46,35.28,55.38,2,1,76,77.03,784.31,NORMAL,0
U03244,SAUDE,45.57,1.929,97.08,51.67,56.56,4,0,27,87.99,1225.48,NORMAL,0
U08302,TRANSITO,44.52,2.355,116.56,22.13,54.47,3,1,113,70.1,1327.32,URGENTE,0
U05682,ENERGIA,44.36,2.256,72.31,125.44,48.3,3,2,89,62.16,1036.39,NORMAL,0
U01477,TELECOM,43.08,,129.62,12.62,56.38,5,1,108,76.32,934.72,NORMAL,0
U06039,AGUA,33.43,2.867,133.17,8.37,53.32,0,1,25,54.03,650.22,NORMAL,0
U09699,SAUDE,46.85,,177.1,48.48,68.48,0,0,97,74.4,954.86,NORMAL,0
U00885,SAUDE,54.45,7.083,162.1,36.05,67.21,1,1,132,80.9,1122.79,CRITICO,1
U03367,SAUDE,48.29,2.343,164.65,66.11,88.68,2,0,99,75.98,1558.47,URGENTE,0
U04320,ENERGIA,49.28,3.353,146.85,18.27,83.32,2,2,121,60.45,1451.62,NORMAL,0
U02640,TELECOM,46.07,8.649,152.69,120.7,82.43,4,0,87,92.48,1216.98,URGENTE,1
U09696,SAUDE,37.01,1.751,119.69,27.41,55.78,2,0,41,72.18,1240.26,NORMAL,0
U01603,SAUDE,48.47,1.149,143.44,30.83,72.09,3,0,131,44.08,796.79,NORMAL,0
U00597,TRANSITO,48.29,2.864,157.43,37.58,69.71,2,0,122,59.17,1279.37,NORMAL,0
U00253,SAUDE,43.65,3.055,157.19,43.35,87.76,2,1,83,88.83,1789.71,URGENTE,1
U00939,ENERGIA,43.64,1.93,130.34,83.67,63.92,2,2,45,51.89,974.65,NORMAL,0
U04050,TRANSITO,28.45,2.662,111.46,17.44,32.26,4,2,143,57.65,446.17,NORMAL,0
U00569,AGUA,,3.017,106.3,10.56,47.48,3,0,142,50.41,1072.71,NORMAL,0
U03023,ENERGIA,173.11,9.831,177.86,57.14,86.17,5,2,132,28.22,1473.68,CRITICO,1
U09749,TRANSITO,38.31,,100.39,127.19,27.3,2,0,88,87.98,594.47,NORMAL,0
U01742,TRANSITO,43.88,2.748,132.39,58.75,62.38,2,0,93,57.59,1543.32,NORMAL,0
U02824,TRANSITO,51.1,,133.77,25.25,64.1,1,0,35,79.36,1004.64,NORMAL,0
U08932,ENERGIA,47.75,9.718,99.59,23.89,56.41,5,4,93,52.81,552.42,URGENTE,1
U06817,TRANSITO,41.48,3.288,89.53,69.75,40.77,2,0,41,68.09,757.56,NORMAL,0
U04505,TRANSITO,42.14,0.894,60.35,37.47,36.42,1,0,64,74.43,756.99,NORMAL,0
U05277,TRANSITO,49.33,1.856,104.75,,53.49,2,1,60,94.75,980.29,NORMAL,0
U04257,ENERGIA,42.01,3.131,96.95,97.91,51.08,1,0,27,52.3,933.76,NORMAL,0
U03942,ENERGIA,45.71,2.888,82.72,34.72,66.84,3,1,22,29.71,822.39,NORMAL,0
U08173,AGUA,38.89,2.378,65.72,37.96,48.75,2,0,5,58.01,824.64,NORMAL,0
U04019,SAUDE,34.57,1.982,50.7,123.59,31.06,1,1,20,72.18,986.74,NORMAL,0
U04894,ENERGIA,37.49,3.695,131.27,22.37,67.24,3,0,102,43.34,1393.85,NORMAL,0
U04795,SAUDE,,2.778,131.95,52.28,50.91,4,0,129,52.56,1163.4,URGENTE,1
U06786,SAUDE,54.32,2.213,100.17,85.66,73.89,2,0,19,68.11,1390.56,NORMAL,0
U06771,SAUDE,38.06,2.051,119.36,147.2,40.29,0,0,118,63.48,783.33,NORMAL,0
U04114,ENERGIA,47.81,3.116,133.1,29.5,73.33,5,0,88,88.19,1740.88,NORMAL,0
U05314,ENERGIA,51.69,1.95,94.75,134.02,61.25,3,1,41,45.66,1079.1,NORMAL,0
U02646,ENERGIA,51.41,3.061,134.19,80.86,68.24,6,1,29,77.98,1062.97,NORMAL,0
U08493,TELECOM,54.66,3.686,164.46,,70.03,5,2,87,46.69,764.96,NORMAL,0
U08919,TRANSITO,103.75,0.434,98.68,29.6,49.97,1,0,108,58.51,943.73,NORMAL,0
U09508,ENERGIA,43.87,3.65,79.2,72.21,43.93,3,0,85,57.82,919.39,URGENTE,1
U08204,ENERGIA,49.57,3.978,91.65,109.16,53.49,3,0,15,81.75,683.82,NORMAL,0
U04978,TRANSITO,49.07,2.598,130.24,75.94,66.57,8,0,49,57.32,1126.35,NORMAL,0
U01854,ENERGIA,51.04,2.577,110.41,33.28,38.4,2,2,133,58.06,674.79,NORMAL,0
U07633,TRANSITO,162.29,2.297,107.13,10.1,65.16,0,0,32,40.92,628.15,NORMAL,0
U08989,SAUDE,52.82,1.594,138.92,68.39,73.68,3,0,97,50.28,1207.72,URGENTE,0
U09201,SAUDE,35.85,6.167,105.34,27.05,54.24,4,0,15,56.89,974.29,CRITICO,1
U02312,AGUA,42.21,3.082,133.04,51.91,83.0,2,0,62,70.04,1033.31,NORMAL,0
U02496,TRANSITO,33.63,3.821,107.71,36.28,54.55,4,0,7,29.43,1248.67,NORMAL,0
U00812,TRANSITO,43.36,2.378,106.57,51.37,55.9,1,2,41,56.98,1181.06,NORMAL,0
U08943,AGUA,49.77,2.917,148.63,40.56,69.64,2,0,78,64.58,884.53,NORMAL,0
U06727,ENERGIA,46.38,,116.4,21.19,71.13,1,1,73,40.34,1653.97,NORMAL,0
U09590,SAUDE,,2.23,118.57,17.31,54.54,0,0,112,61.82,1187.93,NORMAL,0
U05685,TRANSITO,148.6,2.928,154.96,43.87,70.08,5,0,55,46.59,876.87,CRITICO,1
U03689,ENERGIA,49.43,2.106,145.43,31.49,72.44,1,1,111,76.55,1262.63,NORMAL,0
U01907,ENERGIA,44.11,3.554,141.24,40.59,83.34,3,0,138,69.05,784.67,NORMAL,0
U01046,ENERGIA,46.61,3.394,155.69,30.28,89.45,2,0,63,64.42,1376.52,NORMAL,0
U09509,TRANSITO,42.49,1.729,69.49,26.42,29.91,1,1,99,52.49,661.01,NORMAL,0
U04921,ENERGIA,49.51,4.531,168.33,22.83,80.64,9,0,133,62.25,1383.96,CRITICO,1
U08344,TRANSITO,48.25,1.607,116.76,56.59,65.67,4,0,13,78.15,1155.0,NORMAL,0
U08612,AGUA,49.83,3.523,158.56,58.43,91.11,2,1,115,89.15,1119.46,NORMAL,0
U08171,AGUA,40.81,,96.12,31.0,51.52,2,1,43,88.16,861.07,NORMAL,0
U08651,ENERGIA,48.95,12.275,141.39,43.5,64.33,4,1,127,60.24,1249.52,CRITICO,1
U08166,TELECOM,41.35,1.278,122.82,65.84,48.61,6,0,87,67.11,1218.39,NORMAL,0
U00423,AGUA,28.92,1.54,72.82,50.62,23.99,6,0,57,57.79,640.23,NORMAL,0
U04686,TRANSITO,,2.791,83.21,28.18,34.21,3,1,108,58.56,672.53,NORMAL,0
U05457,TRANSITO,45.19,,95.11,123.45,55.32,3,0,61,67.0,1122.51,NORMAL,0
U04668,ENERGIA,52.96,3.307,130.07,29.71,78.43,3,0,35,62.77,1442.3,NORMAL,0
U05829,SAUDE,36.05,1.831,87.22,57.76,44.66,3,1,28,50.09,786.71,NORMAL,0
U06519,TRANSITO,41.38,2.572,115.49,177.53,36.75,4,1,85,74.24,886.93,NORMAL,0
U05247,ENERGIA,37.45,3.235,96.19,81.62,45.02,3,1,48,47.56,1205.93,NORMAL,0
U03941,SAUDE,45.13,2.68,128.61,96.68,56.63,1,0,138,82.04,1135.15,NORMAL,0
U01311,TRANSITO,,2.767,142.88,27.05,66.6,2,1,141,54.02,1227.45,URGENTE,0
U02253,TRANSITO,42.17,1.87,141.65,54.56,50.81,2,2,125,37.42,869.09,NORMAL,0
U03100,ENERGIA,55.09,2.541,147.7,14.97,80.1,4,1,63,82.86,1419.24,NORMAL,0
U01673,TRANSITO,50.55,2.279,121.7,54.38,65.86,6,0,73,51.22,1529.37,NORMAL,0
U07785,ENERGIA,45.77,2.923,156.96,49.39,100.0,4,0,97,39.05,1257.75,NORMAL,0
U04513,ENERGIA,58.4,2.137,157.1,50.62,85.19,3,2,90,75.9,1449.97,URGENTE,1
U06971,SAUDE,47.15,2.287,136.94,50.96,63.92,3,0,101,57.32,766.45,NORMAL,0
U03769,AGUA,42.6,2.797,153.37,36.76,75.57,6,1,124,61.33,982.93,NORMAL,0
U01354,SAUDE,40.07,1.116,129.27,39.4,47.14,2,0,65,57.26,1448.26,NORMAL,0
U01996,TRANSITO,38.74,1.587,102.22,21.67,41.02,2,0,88,64.48,901.97,NORMAL,0
U06140,ENERGIA,37.99,3.786,81.57,,44.53,3,1,49,55.44,942.59,NORMAL,0
U02304,TELECOM,,1.533,98.89,10.9,39.59,3,2,102,55.95,807.94,NORMAL,0
U01286,ENERGIA,50.92,,57.16,47.47,41.76,0,3,62,70.58,813.0,NORMAL,0
U08048,TELECOM,44.95,2.408,146.34,17.89,81.21,4,0,96,70.9,1687.28,URGENTE,0
U01560,SAUDE,54.09,4.316,159.91,50.04,100.0,2,1,17,50.8,1264.99,URGENTE,1
U05493,ENERGIA,44.5,4.408,87.29,35.64,45.1,0,1,84,57.56,997.38,NORMAL,0
U05055,ENERGIA,42.38,3.92,140.6,17.04,43.6,1,2,97,48.97,1007.73,NORMAL,0
U06253,AGUA,38.76,1.925,92.79,18.95,44.75,1,0,34,57.61,789.09,NORMAL,0
U06116,ENERGIA,51.17,3.294,153.13,77.26,81.93,3,1,60,45.72,1356.13,NORMAL,0
U08971,TELECOM,37.76,2.795,83.58,32.75,48.32,1,0,53,72.66,705.33,NORMAL,0
U02838,SAUDE,40.31,3.603,155.25,128.95,65.24,1,0,125,82.62,959.02,URGENTE,1
U00803,TRANSITO,40.33,2.851,121.12,36.24,53.24,7,1,87,57.72,977.17,NORMAL,0
U04708,AGUA,42.35,2.078,130.79,42.73,70.69,5,1,37,67.27,1234.89,NORMAL,0
U03622,TRANSITO,,3.669,147.47,11.46,64.54,1,0,132,71.33,1172.55,NORMAL,0
U02255,SAUDE,47.83,2.641,101.18,8.24,52.86,1,1,141,33.51,1166.32,NORMAL,0
U03944,ENERGIA,48.12,2.786,117.08,19.16,61.07,5,0,64,51.54,536.25,NORMAL,0
U00216,ENERGIA,49.85,3.352,147.83,23.6,64.34,3,0,98,80.81,1167.67,NORMAL,0
U07107,SAUDE,40.87,3.187,123.53,43.63,61.92,3,0,131,85.35,1153.66,NORMAL,0
U05853,AGUA,49.93,3.635,130.03,31.3,77.25,2,0,31,70.25,1093.46,URGENTE,1
U01647,ENERGIA,,2.256,109.19,42.99,63.68,1,0,71,54.66,950.86,NORMAL,0
U01891,AGUA,39.9,2.655,110.08,23.79,57.23,6,0,87,48.52,985.51,NORMAL,0
U02058,SAUDE,,1.866,144.21,17.21,78.2,2,2,38,77.38,1494.2,NORMAL,0
U00210,TELECOM,52.18,,175.76,84.82,74.74,4,0,107,98.46,1340.4,NORMAL,0
U04609,TRANSITO,38.83,1.472,60.93,81.48,47.25,1,0,99,66.21,665.76,NORMAL,0
U03268,ENERGIA,51.48,3.46,113.93,50.14,48.7,1,0,69,77.46,349.61,NORMAL,0
U05643,SAUDE,37.71,1.774,102.44,87.59,52.12,3,0,73,70.91,870.09,NORMAL,0
U02840,TELECOM,38.14,1.772,79.24,99.28,38.23,3,0,19,59.05,912.57,NORMAL,0
U08354,TELECOM,56.45,3.382,130.77,80.47,86.03,5,0,94,69.54,1558.8,NORMAL,0
U06794,TRANSITO,132.07,2.254,169.05,91.27,69.31,2,1,83,78.06,994.31,NORMAL,0
U09037,TRANSITO,46.21,2.09,76.28,51.24,50.59,5,0,63,58.57,1062.93,NORMAL,0
U06691,SAUDE,42.25,1.927,167.4,120.84,82.14,5,0,76,43.45,1510.93,CRITICO,1
U01395,TELECOM,47.18,2.786,83.38,24.26,55.93,3,1,39,64.87,1249.24,NORMAL,0
U06946,ENERGIA,53.32,4.939,178.55,21.95,100.0,5,1,77,60.56,1120.44,NORMAL,0
U03182,SAUDE,42.66,2.605,109.43,29.6,36.44,3,0,143,78.88,288.01,NORMAL,0
U05923,AGUA,34.96,3.128,86.8,26.51,41.71,3,0,5,76.68,937.01,NORMAL,0
U06328,AGUA,36.08,3.472,125.97,48.7,56.19,1,1,108,60.32,1050.28,NORMAL,0
U02388,ENERGIA,52.49,1.251,103.7,6.05,65.3,4,1,41,58.13,997.43,NORMAL,0
U03050,ENERGIA,43.62,0.891,88.94,45.8,20.46,2,3,109,79.68,846.07,NORMAL,0
U02493,ENERGIA,35.98,3.125,75.38,47.07,16.16,1,0,120,45.74,731.24,NORMAL,0
U09119,ENERGIA,,3.868,113.15,22.91,34.01,1,1,47,35.67,982.25,NORMAL,0
U09095,AGUA,33.44,3.453,158.03,106.51,90.21,3,1,7,69.32,1206.63,NORMAL,0
U02012,TRANSITO,51.43,1.302,112.08,70.43,48.47,2,0,82,54.62,681.75,URGENTE,0
U08996,TRANSITO,45.6,2.344,97.92,,51.99,3,0,92,87.21,1134.18,NORMAL,0
U01041,TELECOM,,4.06,106.57,39.54,64.28,1,0,34,60.42,1027.33,NORMAL,0
U06790,TRANSITO,43.52,1.695,83.88,156.0,66.56,5,0,48,78.37,811.4,CRITICO,1
U00987,SAUDE,30.63,0.784,73.29,57.73,29.69,2,1,40,62.9,968.51,NORMAL,0
U00964,SAUDE,40.47,1.864,109.52,77.31,44.34,0,0,90,93.2,1432.28,NORMAL,0
U00626,TRANSITO,,4.371,113.85,73.0,63.81,2,2,137,75.21,945.13,NORMAL,0
U09148,ENERGIA,53.82,3.157,140.49,56.09,72.26,6,0,113,39.88,1020.92,NORMAL,0
U07698,ENERGIA,46.37,1.644,99.96,86.21,51.11,0,1,21,70.29,1149.69,NORMAL,0
U05844,ENERGIA,52.11,2.963,103.98,15.62,70.38,7,1,114,59.46,1292.76,URGENTE,1
U03019,TRANSITO,37.29,1.985,116.31,83.98,64.76,1,1,108,87.08,1318.97,NORMAL,0
U03694,ENERGIA,49.17,11.051,146.96,68.79,80.2,3,0,57,65.62,749.88,NORMAL,1
U03402,SAUDE,142.82,3.189,134.65,20.31,68.89,2,1,116,39.25,1495.97,NORMAL,0
U01640,TRANSITO,,2.877,129.43,30.4,75.59,5,0,49,72.07,934.39,NORMAL,0
U06473,ENERGIA,54.49,2.938,135.5,42.31,57.41,5,0,99,61.47,1105.5,NORMAL,0
U04355,TELECOM,49.24,2.824,175.61,44.36,80.87,1,0,128,91.61,1284.13,NORMAL,0
U08628,SAUDE,32.32,1.88,100.68,14.44,48.82,0,1,4,70.09,1192.78,NORMAL,0
U09126,ENERGIA,,4.36,168.17,22.88,89.05,3,2,107,54.43,1208.6,NORMAL,0
U07363,TRANSITO,43.44,2.005,111.9,138.2,57.05,4,0,2,90.88,1519.23,NORMAL,0
U00931,ENERGIA,45.83,2.954,136.4,29.28,43.7,5,0,53,100.0,955.8,NORMAL,0
U03305,ENERGIA,43.22,4.161,140.95,58.14,55.72,0,1,143,76.05,885.48,NORMAL,0
U02286,TRANSITO,41.95,3.616,193.0,13.32,85.43,6,1,138,58.04,1525.57,NORMAL,0
U02857,SAUDE,,1.33,72.15,100.86,35.76,1,0,25,61.66,1021.45,NORMAL,0
U01811,TELECOM,47.85,1.914,112.59,38.7,51.28,3,0,92,77.49,956.22,NORMAL,0
U02503,SAUDE,44.59,3.178,107.96,56.84,58.51,3,0,23,64.99,934.8,NORMAL,0
U05273,ENERGIA,39.86,3.069,88.97,41.88,50.41,1,0,69,50.49,1032.65,NORMAL,0
U02133,AGUA,42.16,3.495,164.02,127.19,71.24,3,1,127,56.28,996.64,NORMAL,0
U02392,AGUA,48.93,2.592,129.12,70.04,86.24,3,1,13,77.94,1130.21,NORMAL,1
U00618,TRANSITO,46.48,3.706,146.53,30.57,82.04,6,1,71,44.53,1269.29,CRITICO,1
U03933,TELECOM,45.58,2.58,73.1,,28.73,1,0,108,53.98,734.62,NORMAL,0
U07583,ENERGIA,176.69,5.144,130.07,3.97,73.58,4,0,4,86.1,1146.64,URGENTE,0
U03486,ENERGIA,44.82,2.382,130.17,28.31,56.82,1,1,80,46.99,983.02,NORMAL,0
U05677,ENERGIA,47.17,3.689,148.37,57.26,69.55,3,2,120,60.91,1075.03,NORMAL,0
U02204,SAUDE,42.14,3.3,154.96,111.2,92.92,4,1,46,77.58,1467.4,NORMAL,0
U07605,ENERGIA,50.66,4.272,118.13,56.06,88.45,3,1,39,37.44,1271.89,CRITICO,0
U02685,ENERGIA,41.88,2.989,105.57,30.72,54.23,7,1,69,48.13,812.01,NORMAL,0
U05658,SAUDE,42.75,2.044,139.38,117.76,58.03,1,0,143,78.48,1093.99,NORMAL,0
U09877,TELECOM,50.02,1.689,109.63,94.64,75.29,3,0,20,54.96,738.95,NORMAL,0
U00417,TRANSITO,,2.442,93.07,35.02,28.33,1,1,118,28.77,713.21,URGENTE,0
U01954,AGUA,46.63,3.32,160.66,47.49,66.58,3,1,87,57.48,1289.29,NORMAL,0
U01274,ENERGIA,52.56,1.827,87.34,13.62,45.26,4,0,4,50.9,909.14,NORMAL,0
U02201,SAUDE,52.02,1.944,146.67,33.89,88.47,6,0,118,70.45,1610.96,NORMAL,0
U00720,SAUDE,40.21,3.84,143.46,43.68,81.95,3,0,24,62.97,1421.81,NORMAL,0
U02455,ENERGIA,,2.803,125.76,81.69,52.33,4,1,107,88.87,796.74,NORMAL,0
U07719,SAUDE,39.99,0.853,78.49,9.07,24.49,1,1,54,38.15,507.08,NORMAL,0
U04101,SAUDE,39.47,2.873,108.98,143.4,52.73,1,0,73,61.05,1392.75,NORMAL,0
U01374,AGUA,40.51,3.709,75.09,5.69,41.92,1,2,109,49.78,944.27,NORMAL,0
U07438,TRANSITO,,1.308,77.38,40.17,50.34,2,1,88,63.4,875.85,NORMAL,0
U08212,AGUA,33.75,2.416,122.58,5.33,52.45,3,0,105,94.12,794.07,CRITICO,1
U05441,TRANSITO,57.98,2.945,120.27,38.08,88.62,4,0,84,51.23,1609.45,NORMAL,0
U04032,ENERGIA,58.92,4.704,153.19,11.21,81.02,0,1,136,63.68,836.18,NORMAL,0
U01412,TRANSITO,46.17,4.055,127.53,32.04,69.86,3,1,72,50.65,673.95,NORMAL,0
U09980,TELECOM,50.45,2.275,72.43,83.43,35.35,1,0,122,45.61,912.2,NORMAL,0
U00783,TRANSITO,,0.738,60.41,33.17,50.54,1,1,13,50.54,1269.88,NORMAL,0
U03671,SAUDE,42.15,1.809,79.24,50.67,49.27,2,0,98,54.94,921.34,URGENTE,0
U01084,SAUDE,39.96,3.106,156.73,85.78,71.24,4,0,84,66.0,1009.95,NORMAL,0
U07562,TRANSITO,55.95,4.342,155.9,9.14,92.26,6,0,103,47.4,1272.98,CRITICO,1
U08995,SAUDE,29.78,1.26,92.21,15.84,36.61,3,1,79,54.02,756.16,URGENTE,0
U09008,TELECOM,46.31,2.335,131.26,43.67,81.43,3,1,53,83.04,1387.44,NORMAL,0
U08585,SAUDE,32.31,2.089,92.61,33.81,55.5,3,1,24,55.25,939.96,NORMAL,0
U08221,SAUDE,154.85,3.737,110.91,75.24,53.72,3,0,78,67.66,1013.47,NORMAL,0
U04409,ENERGIA,49.95,2.135,156.8,90.85,82.75,3,0,125,52.13,1154.47,NORMAL,0
U05006,TRANSITO,53.76,3.4,132.06,47.02,70.73,4,0,99,40.71,1379.09,NORMAL,0
U00414,AGUA,41.25,3.574,132.72,32.92,62.59,1,1,124,32.09,869.28,CRITICO,1
U09671,SAUDE,46.35,1.91,86.87,30.0,58.2,2,1,27,50.01,746.19,NORMAL,0
U06258,TRANSITO,43.05,1.449,111.52,55.04,47.93,3,0,132,65.63,1009.79,NORMAL,0
U07288,TRANSITO,45.67,2.234,106.71,30.3,49.82,0,0,89,57.79,663.26,NORMAL,0
U05119,TELECOM,49.6,8.676,88.23,36.44,71.88,1,3,123,67.83,929.75,CRITICO,1
U09787,SAUDE,53.08,2.264,112.11,51.66,70.7,0,1,60,79.95,1712.38,URGENTE,0
U03127,SAUDE,46.05,1.508,153.75,85.93,87.11,3,0,43,60.23,1259.52,NORMAL,0
U09181,TRANSITO,45.63,2.382,70.82,72.33,40.42,2,0,71,61.42,967.87,NORMAL,0
U02729,SAUDE,157.28,2.086,122.64,113.3,79.1,2,0,56,78.04,1086.96,NORMAL,0
U04565,SAUDE,40.94,2.187,137.76,43.01,75.15,2,1,73,58.37,1289.46,NORMAL,0
U00633,TELECOM,45.46,3.413,89.63,64.78,67.2,1,0,14,39.46,1033.6,URGENTE,0
U08722,ENERGIA,50.3,2.3,165.46,84.07,89.8,6,1,65,68.08,1593.24,NORMAL,0
U02411,ENERGIA,47.37,3.465,120.37,44.53,70.82,3,0,40,40.18,1014.21,NORMAL,0
U00849,TRANSITO,131.92,1.828,133.44,,60.87,4,1,139,99.54,1084.69,NORMAL,0
U08189,TRANSITO,40.89,2.626,175.64,50.41,72.56,5,1,118,41.56,1056.87,NORMAL,0
U01837,ENERGIA,47.59,2.294,111.98,72.98,58.1,0,0,107,51.84,1176.17,NORMAL,0
U08767,SAUDE,35.64,1.397,69.3,37.76,43.86,0,1,32,69.61,708.42,NORMAL,0
U06129,SAUDE,41.31,3.716,128.59,94.56,76.39,3,0,144,57.99,1272.89,NORMAL,0
U04360,ENERGIA,55.83,3.496,150.4,24.32,97.57,2,1,7,69.0,1669.81,CRITICO,1
U02717,TELECOM,43.25,1.915,169.23,44.56,62.92,3,0,120,59.16,1127.86,URGENTE,0
U06408,SAUDE,48.37,4.273,149.55,94.8,81.48,4,2,140,70.46,1348.06,NORMAL,0
U09596,AGUA,35.25,2.884,107.74,39.36,47.03,2,1,30,60.2,961.26,NORMAL,0
U03551,SAUDE,37.79,1.452,121.39,57.65,54.43,5,0,142,78.07,1033.84,NORMAL,0
U04458,TRANSITO,48.63,2.831,177.55,30.06,71.31,5,0,138,55.47,1173.12,NORMAL,0
U06875,SAUDE,30.49,1.445,97.31,42.48,42.4,1,2,110,64.32,724.74,NORMAL,0
U02325,ENERGIA,,2.86,83.93,55.25,59.3,3,0,12,83.83,862.94,NORMAL,0
U03325,ENERGIA,48.88,1.901,107.85,59.73,48.61,1,0,17,61.37,1002.89,NORMAL,0
U06567,AGUA,128.09,3.435,128.42,92.75,74.89,1,0,27,82.06,1354.22,NORMAL,0
U08175,TRANSITO,53.61,2.305,158.11,142.55,79.43,2,2,23,58.29,1362.34,NORMAL,0
U01235,ENERGIA,35.03,3.45,108.61,,39.98,1,1,99,50.76,1106.77,NORMAL,0
U04226,SAUDE,50.42,1.763,131.01,9.25,75.46,1,1,108,52.44,1549.81,URGENTE,0
U09049,TRANSITO,54.48,1.918,74.32,3.59,35.47,4,3,4,78.4,562.97,NORMAL,0
U02397,SAUDE,41.36,3.038,137.55,5.92,68.31,2,0,56,59.55,1040.8,NORMAL,0
U08428,SAUDE,37.7,,75.77,41.59,64.13,3,0,16,76.35,1007.87,NORMAL,0
U08226,SAUDE,37.61,2.293,60.56,18.13,42.46,1,0,29,57.01,1010.75,NORMAL,0
U00462,AGUA,44.67,3.877,150.08,27.23,74.37,1,1,105,51.4,1022.88,NORMAL,0
U01137,AGUA,116.14,10.309,119.84,,60.97,1,1,112,63.61,768.92,CRITICO,1
U02371,ENERGIA,46.22,2.396,99.07,25.19,38.49,4,1,64,49.65,1160.65,NORMAL,0
U03216,TRANSITO,46.27,3.578,149.16,29.83,91.02,4,0,94,44.95,1351.0,NORMAL,0
U02704,ENERGIA,51.23,3.327,128.03,50.62,69.49,2,1,69,62.08,989.14,NORMAL,0
U08037,TRANSITO,56.69,3.201,136.26,19.72,68.5,3,0,140,75.76,944.18,NORMAL,0
U08798,SAUDE,132.75,1.109,59.7,56.13,38.04,5,1,12,68.1,546.66,NORMAL,0
U00995,SAUDE,38.69,1.947,141.14,28.54,71.92,2,0,3,90.64,1150.21,NORMAL,0
U03128,AGUA,50.33,7.713,97.27,26.08,46.19,4,0,136,59.3,942.94,CRITICO,1
U08390,AGUA,42.36,2.109,125.14,65.45,51.64,0,1,82,89.19,1159.14,NORMAL,0
U01149,ENERGIA,53.94,4.435,141.79,35.7,74.02,1,0,58,80.74,1064.67,CRITICO,1
U02274,SAUDE,41.86,,171.41,34.8,93.97,3,0,99,40.8,1419.44,URGENTE,0
U03984,AGUA,34.02,3.378,124.48,7.05,60.92,4,1,142,55.47,1246.74,URGENTE,0
U08042,TRANSITO,35.48,2.745,111.56,23.74,69.88,3,1,89,36.85,915.8,NORMAL,0
U05564,SAUDE,50.43,1.845,184.14,75.26,95.53,5,0,54,73.9,1541.78,NORMAL,0
U04671,SAUDE,50.34,2.829,154.35,25.72,85.35,5,1,138,64.89,1317.99,NORMAL,0
U08739,TELECOM,51.27,2.771,128.59,46.39,60.37,0,3,122,27.69,934.63,NORMAL,0
U05074,SAUDE,45.73,2.456,88.84,10.67,51.62,2,1,94,35.77,1308.11,NORMAL,0
U09858,TRANSITO,57.16,2.305,96.91,20.62,64.0,4,0,54,65.17,1418.09,NORMAL,0
U00546,AGUA,44.18,3.596,162.67,59.25,43.3,3,0,121,72.97,881.81,NORMAL,0
U09977,SAUDE,40.19,2.048,95.11,52.07,52.0,3,1,7,62.54,446.4,NORMAL,0
U05683,SAUDE,141.87,3.1,89.49,33.27,55.21,0,0,2,72.93,838.36,NORMAL,0
U00300,TRANSITO,38.35,2.219,66.69,6.84,38.86,3,2,47,39.7,499.76,URGENTE,0
U03269,ENERGIA,53.21,2.055,127.17,73.9,54.47,2,0,50,57.46,568.9,NORMAL,0
U09075,TRANSITO,46.83,,121.49,54.94,57.41,4,0,8,76.48,1343.31,NORMAL,0
U00129,ENERGIA,45.55,3.336,129.68,14.63,81.66,5,1,93,76.16,1221.24,URGENTE,1
U06289,AGUA,49.84,3.398,127.38,,57.7,5,1,90,97.98,960.98,URGENTE,1
U03046,SAUDE,43.76,1.925,120.32,116.4,73.1,3,0,104,100.0,792.79,NORMAL,0
U07411,SAUDE,,3.298,104.99,31.03,59.41,4,1,39,65.83,804.95,NORMAL,0
U04910,AGUA,39.5,2.566,125.18,14.65,74.64,3,0,70,83.0,1421.55,NORMAL,0
U00069,TRANSITO,42.24,,58.94,41.02,55.83,2,0,5,37.16,832.9,NORMAL,0
U01554,TRANSITO,,2.784,76.02,26.19,36.55,1,0,114,81.53,945.23,URGENTE,1
U04913,ENERGIA,45.22,2.878,84.14,51.66,44.42,3,1,23,64.74,837.26,NORMAL,0
U06219,TRANSITO,42.17,3.264,119.0,,46.99,5,1,136,44.27,572.86,CRITICO,1
U07046,ENERGIA,46.44,2.937,150.73,28.79,68.5,6,1,104,78.58,638.46,CRITICO,1
U09905,AGUA,31.98,2.245,134.54,34.26,63.7,4,0,132,71.28,852.75,NORMAL,0
U06910,SAUDE,33.1,2.758,80.58,73.18,64.72,6,0,11,53.04,633.34,NORMAL,0
U02399,TELECOM,55.18,2.656,127.45,14.11,77.33,2,0,9,97.97,1575.98,NORMAL,0
U06293,ENERGIA,46.06,3.522,116.79,28.07,72.47,1,0,37,87.11,1046.78,NORMAL,0
U01264,ENERGIA,56.57,2.878,123.43,,87.12,3,0,89,41.42,869.19,NORMAL,0
U03661,ENERGIA,,2.955,60.86,64.36,32.19,1,1,52,71.63,1092.04,NORMAL,0
U01145,TRANSITO,47.87,2.775,101.25,58.65,58.08,1,0,48,74.22,826.35,NORMAL,0
U06453,ENERGIA,43.38,3.069,122.89,27.56,60.37,1,0,74,100.0,1072.34,NORMAL,0
U07328,SAUDE,43.35,3.161,166.16,58.47,89.35,2,0,60,86.14,1139.52,NORMAL,0
U00818,TRANSITO,43.02,1.701,100.56,30.7,39.83,1,0,140,63.61,1055.52,NORMAL,0
U09627,SAUDE,40.6,3.252,120.74,47.2,61.84,1,0,8,68.35,1189.55,NORMAL,0
U05611,TELECOM,49.73,1.802,130.27,82.52,54.55,3,1,124,80.88,1195.98,NORMAL,0
U09326,TRANSITO,46.67,1.562,71.65,73.98,47.19,4,1,22,48.31,746.62,NORMAL,0
U09805,SAUDE,43.38,1.027,118.02,126.84,42.0,4,1,114,79.45,1168.43,NORMAL,0
U05693,TRANSITO,45.34,2.904,75.49,15.39,33.69,2,0,14,89.21,896.07,NORMAL,0
U06793,TRANSITO,41.22,2.312,96.59,31.02,59.7,3,1,125,62.39,1019.32,NORMAL,0
U06665,SAUDE,42.75,3.486,153.45,37.05,87.37,3,0,137,65.11,972.93,NORMAL,0
U00184,TELECOM,57.09,1.496,116.55,32.29,60.42,4,0,73,60.64,641.04,NORMAL,0
U04175,ENERGIA,,2.679,111.11,63.94,58.02,1,2,6,56.58,728.3,NORMAL,0
U00951,ENERGIA,49.64,3.489,86.25,39.13,40.28,2,0,26,66.82,554.69,NORMAL,0
U02452,ENERGIA,47.17,,87.86,73.98,47.82,6,0,35,53.41,1183.21,CRITICO,1
U00103,AGUA,42.63,2.859,94.13,38.4,74.32,5,0,24,61.08,1454.12,CRITICO,1
U06367,ENERGIA,52.84,3.275,161.0,61.32,60.48,1,1,134,66.0,1222.66,NORMAL,0
U08197,TRANSITO,49.14,2.812,128.82,59.31,76.63,2,2,63,59.81,1261.57,NORMAL,0
U00685,AGUA,49.26,2.56,123.06,46.31,77.24,2,1,29,60.85,1401.76,URGENTE,0
U07993,TRANSITO,55.78,2.326,128.08,52.02,63.26,2,0,87,45.14,468.41,NORMAL,0
U07457,AGUA,46.07,2.96,168.09,53.1,64.21,3,2,110,46.44,1045.78,NORMAL,0
U09883,SAUDE,43.75,3.076,117.75,20.94,67.75,2,1,18,56.91,1119.31,NORMAL,0
U06240,TELECOM,48.07,1.181,150.05,68.32,68.92,1,3,65,100.0,644.98,URGENTE,0
U04258,AGUA,28.55,2.739,74.71,19.76,36.39,0,2,76,50.37,410.77,NORMAL,0
U01916,TELECOM,38.0,2.42,69.91,27.4,42.57,2,0,102,69.29,1123.81,NORMAL,0
U09205,ENERGIA,59.16,4.832,151.12,33.57,92.53,2,0,25,60.0,1273.63,NORMAL,0
U00922,ENERGIA,38.5,1.766,97.46,50.23,55.35,1,1,9,58.56,1312.15,NORMAL,0
U07151,AGUA,34.38,2.576,121.47,,49.97,2,2,82,87.46,881.24,NORMAL,0
U04476,TELECOM,49.41,2.09,133.64,2.58,62.97,4,0,80,68.52,1370.74,NORMAL,0
U02139,ENERGIA,43.5,3.629,79.28,87.45,52.79,2,1,136,49.3,1016.76,NORMAL,0
U07017,SAUDE,40.37,,84.22,59.05,42.16,1,0,100,38.54,1263.28,URGENTE,0
U04376,ENERGIA,52.6,2.948,95.44,6.13,49.26,3,0,31,58.63,1227.62,NORMAL,0
U04199,AGUA,45.86,3.151,168.22,,80.88,2,0,136,87.06,1267.42,NORMAL,0
U08948,SAUDE,40.2,4.055,144.43,83.69,72.52,2,0,91,74.79,869.93,URGENTE,1
U00548,ENERGIA,47.19,2.365,128.12,88.59,61.94,4,2,93,100.0,1193.35,NORMAL,0
U04203,SAUDE,42.6,3.101,121.94,50.82,82.19,6,2,37,89.47,1236.2,NORMAL,0
U07190,TELECOM,48.98,1.138,120.67,20.96,79.42,6,3,12,63.51,1186.54,NORMAL,0
U00151,TELECOM,43.23,,113.67,50.51,39.96,3,0,144,100.0,628.9,NORMAL,0
U01774,SAUDE,105.81,2.334,164.5,35.21,84.58,1,1,92,56.68,1465.53,NORMAL,0
U04383,SAUDE,32.23,1.599,85.29,22.09,30.62,2,0,51,69.14,697.66,NORMAL,0
U03410,SAUDE,46.31,1.664,111.66,83.08,59.43,3,0,20,54.3,905.05,NORMAL,0
U09770,TELECOM,38.2,2.137,104.99,,65.48,2,0,47,53.52,1331.06,NORMAL,0
U07677,AGUA,42.66,2.403,94.16,28.07,46.7,1,1,3,49.44,820.58,NORMAL,0
U08893,ENERGIA,38.27,2.483,69.9,55.31,34.13,2,1,83,57.91,1074.61,URGENTE,0
U09102,AGUA,197.45,3.925,136.09,58.56,74.64,5,1,19,73.05,1321.38,NORMAL,0
U07984,ENERGIA,48.55,2.793,120.42,78.75,53.59,5,0,112,55.67,535.28,NORMAL,0
U07467,SAUDE,58.93,2.853,172.26,37.76,90.18,5,3,23,75.15,1581.2,NORMAL,0
U04753,ENERGIA,42.84,2.427,142.61,8.72,56.31,1,1,65,55.32,983.71,NORMAL,0
U07455,ENERGIA,44.38,3.189,131.92,18.36,73.99,4,2,39,66.98,1339.94,CRITICO,1
U03854,TELECOM,45.74,,92.19,33.8,52.33,4,0,13,62.95,912.87,NORMAL,0
U00371,ENERGIA,48.4,2.77,89.98,4.11,49.78,3,0,21,84.84,1121.1,NORMAL,0
U06534,SAUDE,52.28,1.46,121.46,76.45,69.78,1,0,51,65.72,1049.0,NORMAL,0
U05254,ENERGIA,45.62,2.698,150.15,60.62,70.47,3,0,102,46.26,966.36,CRITICO,1
U06176,ENERGIA,50.78,2.759,130.91,56.71,55.57,3,0,89,42.11,985.77,NORMAL,0
U09539,AGUA,46.47,3.66,113.66,33.81,52.34,2,2,56,69.03,1370.32,NORMAL,0
U01110,SAUDE,41.68,3.559,85.59,16.13,61.9,8,1,29,61.17,1015.05,CRITICO,1
U04008,AGUA,48.65,4.63,123.0,103.7,100.0,3,2,79,42.88,1585.6,NORMAL,0
U05123,SAUDE,45.13,1.527,143.39,18.48,66.07,3,1,134,44.48,1058.71,NORMAL,0
U07056,ENERGIA,51.63,3.262,147.78,30.08,63.07,7,0,88,36.29,1395.19,CRITICO,1
U06746,TRANSITO,52.56,2.186,90.58,303.03,47.61,1,0,72,59.15,1005.88,NORMAL,0
U01065,AGUA,33.1,2.885,110.33,80.18,51.85,1,0,60,70.77,875.21,NORMAL,0
U09815,SAUDE,,,135.64,79.62,51.73,3,0,123,38.37,854.66,URGENTE,0
U02928,ENERGIA,54.65,,109.07,12.26,77.05,3,0,30,58.8,1535.07,NORMAL,0
U08198,SAUDE,42.78,3.678,153.0,44.08,77.36,2,1,96,58.65,827.19,NORMAL,0
U05826,SAUDE,48.43,0.88,91.86,90.27,57.66,3,2,27,40.76,1227.61,NORMAL,0
U01887,AGUA,49.79,2.875,126.31,78.93,84.16,1,1,3,57.62,1433.5,NORMAL,0
U05856,ENERGIA,44.31,2.945,77.93,,32.56,2,1,83,70.26,1026.83,NORMAL,0
U01087,ENERGIA,57.17,2.989,99.5,13.53,58.3,2,0,19,53.93,988.27,NORMAL,0
U03232,AGUA,40.42,2.681,100.46,10.38,45.28,5,1,122,41.43,896.33,NORMAL,0
U04589,SAUDE,46.31,0.393,143.91,23.68,82.63,5,0,95,58.49,1720.38,NORMAL,0
U06748,SAUDE,41.11,2.648,101.86,95.75,50.29,2,1,32,61.17,742.12,NORMAL,0
U05132,TRANSITO,46.06,3.071,146.43,43.82,83.9,3,1,40,52.96,1098.16,NORMAL,0
U00301,TRANSITO,,2.834,142.05,15.05,51.94,4,1,102,54.26,791.73,NORMAL,0
U00075,TELECOM,49.0,1.452,127.64,53.85,64.71,1,0,88,66.39,1109.62,NORMAL,0
U01726,AGUA,47.41,3.636,153.64,11.5,93.69,7,0,12,73.21,1636.43,NORMAL,0
U00816,SAUDE,33.38,2.26,86.18,60.98,50.05,4,0,24,82.22,933.8,NORMAL,0
U09424,AGUA,45.79,2.616,119.0,69.23,57.28,2,0,101,30.74,793.85,NORMAL,0
U07642,AGUA,,1.961,64.96,35.16,47.33,1,2,21,86.63,546.55,NORMAL,0
U00092,SAUDE,35.8,3.334,103.25,,51.15,2,0,25,43.31,1262.69,NORMAL,0
U07483,SAUDE,41.35,1.865,132.92,16.37,57.8,0,0,50,58.01,1111.31,NORMAL,0
U00635,TELECOM,51.81,2.81,116.33,38.4,51.21,0,1,25,53.41,1169.5,NORMAL,0
U07920,TRANSITO,41.52,1.69,119.34,15.67,43.48,2,0,22,58.92,751.99,NORMAL,0
U02967,TRANSITO,46.1,1.584,101.13,71.66,56.92,3,0,26,65.09,1246.35,URGENTE,0
U02544,TRANSITO,48.37,3.915,120.97,51.8,60.9,4,0,101,63.81,925.48,NORMAL,0
U01548,TELECOM,50.37,4.996,155.02,,100.0,3,0,31,48.0,1409.32,URGENTE,0
U00369,TELECOM,53.65,2.335,108.6,49.23,53.51,4,0,113,56.69,952.01,NORMAL,0
U04315,AGUA,47.04,3.741,158.5,41.32,85.56,2,1,81,82.27,1495.45,NORMAL,0
U04982,TELECOM,45.16,4.359,179.15,66.0,77.74,4,0,122,70.39,1325.67,URGENTE,1
U08111,SAUDE,44.31,0.769,81.28,97.86,57.19,3,1,70,42.48,744.6,NORMAL,0
U09793,TRANSITO,40.39,3.329,124.61,10.92,55.1,3,0,88,70.87,872.56,NORMAL,0
U05151,TELECOM,163.37,3.11,91.19,82.54,47.12,2,0,22,85.23,745.85,NORMAL,0
U03733,AGUA,48.9,3.649,140.96,103.34,87.71,6,0,66,67.54,1373.0,URGENTE,0
U05764,SAUDE,42.29,2.061,92.16,80.17,63.69,2,0,67,60.64,935.74,CRITICO,1
U07179,TELECOM,36.89,1.04,55.4,100.82,19.73,1,1,115,85.8,981.06,NORMAL,0
U02641,TRANSITO,39.25,2.211,63.55,35.91,55.29,3,1,28,51.32,910.64,NORMAL,0
U01373,SAUDE,39.8,,144.42,49.37,43.91,3,0,133,72.08,530.83,NORMAL,0
U07198,TELECOM,36.2,2.277,127.9,95.88,46.28,2,0,144,72.34,947.76,NORMAL,0
U07444,TRANSITO,37.2,3.238,122.56,33.63,70.77,1,0,94,57.01,1300.86,NORMAL,0
U05494,TRANSITO,55.65,9.012,133.92,151.18,84.78,4,0,138,49.71,1362.93,URGENTE,1
U00052,ENERGIA,36.11,2.737,61.67,24.06,33.89,1,1,32,74.8,1098.23,NORMAL,0
U05509,TRANSITO,53.13,9.632,150.84,19.21,82.46,6,0,139,66.12,1547.16,NORMAL,1
U00926,AGUA,38.66,2.119,120.22,18.18,68.22,2,2,55,61.61,1031.95,NORMAL,0
U03875,ENERGIA,51.2,3.258,87.38,51.86,55.37,2,0,88,53.43,971.64,NORMAL,0
U08412,AGUA,52.24,3.811,114.93,22.76,70.75,5,0,50,61.78,1195.46,NORMAL,0
U04102,AGUA,40.85,2.419,90.25,8.51,52.75,3,0,103,46.13,1172.59,URGENTE,0
U04539,SAUDE,40.48,3.386,117.31,95.43,54.21,5,0,26,67.61,1081.36,NORMAL,0
U08781,TELECOM,38.99,2.687,67.04,,40.47,2,0,65,84.57,872.71,NORMAL,0
U02067,TELECOM,211.86,1.965,143.51,20.36,67.71,3,1,135,66.82,420.12,NORMAL,0
U06923,TRANSITO,45.63,2.702,114.43,83.66,51.41,2,2,130,33.38,1300.15,NORMAL,0
U00936,TRANSITO,45.3,2.455,89.14,27.1,64.59,1,0,101,72.65,784.26,URGENTE,0
U07572,AGUA,38.25,1.734,93.48,47.27,53.27,4,1,48,71.22,996.87,NORMAL,0
U07838,AGUA,33.75,3.923,130.88,25.28,64.21,8,0,68,37.26,992.24,NORMAL,0
U04466,SAUDE,48.43,,99.44,42.3,86.64,4,0,29,62.74,1651.22,NORMAL,0
U04992,SAUDE,37.32,1.409,125.12,94.01,59.92,3,2,97,64.27,781.46,URGENTE,0
U07088,ENERGIA,44.27,1.984,73.74,35.76,51.96,1,0,81,79.17,885.57,NORMAL,0
U05240,TRANSITO,53.53,3.319,96.05,41.58,50.29,4,1,49,70.18,983.71,NORMAL,0
U00354,ENERGIA,47.18,2.192,85.71,26.74,27.84,0,1,33,79.44,661.7,NORMAL,0
U08130,SAUDE,42.39,3.223,98.68,45.98,54.34,0,0,27,74.97,1182.72,NORMAL,0
U03226,SAUDE,47.2,2.112,137.82,12.2,75.41,3,0,135,31.97,1105.71,NORMAL,0
U03236,TELECOM,41.71,2.19,70.31,109.79,58.49,0,1,31,55.9,1104.72,NORMAL,0
U07385,ENERGIA,51.62,4.974,169.91,27.05,82.99,5,1,99,66.8,1771.46,NORMAL,0
U04739,SAUDE,42.71,2.564,156.37,53.36,82.33,2,0,115,86.75,1146.98,CRITICO,1
U00038,ENERGIA,48.56,1.5,120.23,80.17,53.32,2,1,129,70.26,995.54,NORMAL,0
U02033,AGUA,36.87,2.988,154.86,24.54,71.69,2,0,86,77.02,1276.97,NORMAL,0
U05550,TELECOM,45.23,2.483,106.07,34.86,48.23,3,0,107,49.63,939.73,NORMAL,0
U03339,AGUA,40.79,4.568,105.42,19.72,76.79,4,0,12,40.01,1405.18,NORMAL,0
U03034,SAUDE,28.93,2.078,114.0,33.25,51.28,2,0,54,62.33,745.44,NORMAL,0
U07464,SAUDE,40.27,0.0,119.66,88.35,56.61,0,0,57,74.58,1022.25,NORMAL,0
U03253,ENERGIA,62.88,2.698,91.88,55.67,36.22,2,0,121,60.12,791.14,URGENTE,1
U05338,TRANSITO,46.16,2.439,121.79,63.6,72.39,4,0,27,56.24,1090.75,CRITICO,1
U02241,TELECOM,56.68,2.396,96.42,33.89,77.98,5,2,34,56.66,978.98,NORMAL,0
U07073,ENERGIA,55.49,2.462,112.41,28.55,79.14,3,1,35,75.53,1018.74,NORMAL,0
U07571,TRANSITO,45.86,2.801,99.64,13.85,55.78,2,0,29,60.42,1094.93,NORMAL,0
U03894,TRANSITO,44.59,3.257,75.07,33.62,54.88,3,1,64,55.58,750.39,NORMAL,0
U09767,SAUDE,43.58,1.535,122.42,28.75,74.41,7,1,33,51.93,1191.41,NORMAL,0
U09200,TRANSITO,46.21,2.261,121.21,53.68,53.42,3,0,120,67.43,1421.24,NORMAL,0
U01105,TRANSITO,42.86,2.22,104.16,41.71,52.5,3,2,76,94.45,1266.52,NORMAL,0
U08507,ENERGIA,43.6,3.927,123.4,63.21,62.43,7,0,52,73.09,1407.15,URGENTE,0
U02826,TRANSITO,40.73,3.155,89.74,66.86,46.97,5,0,49,37.44,680.87,NORMAL,0
U03903,TELECOM,,2.06,89.02,103.36,46.15,2,1,16,46.64,788.94,NORMAL,0
U06206,SAUDE,47.63,,112.36,39.47,67.75,5,0,4,83.66,1742.71,NORMAL,0
U08717,ENERGIA,48.07,3.358,155.32,17.71,90.95,5,0,81,69.67,1458.92,NORMAL,0
U06936,SAUDE,21.5,1.9,91.63,89.57,42.68,2,0,96,63.87,761.28,NORMAL,0
U09093,SAUDE,32.95,1.672,90.47,66.94,27.44,0,0,132,57.29,940.21,NORMAL,0
U00690,TELECOM,44.27,4.291,158.22,37.74,71.07,6,0,108,36.83,1113.84,CRITICO,1
U02724,SAUDE,47.34,,125.1,33.51,54.4,1,0,66,31.63,683.88,URGENTE,0
U09125,SAUDE,41.65,3.134,152.72,107.57,79.77,0,0,99,76.05,1172.21,NORMAL,0
U03583,ENERGIA,47.45,2.596,66.86,55.64,46.64,2,1,48,43.28,1389.55,NORMAL,0
U04615,SAUDE,43.85,2.413,138.37,95.99,55.85,1,0,109,55.64,736.89,NORMAL,0
U00748,SAUDE,38.0,,92.9,120.35,55.56,2,0,127,68.06,1118.78,NORMAL,0
U04899,ENERGIA,59.71,4.034,174.38,36.83,95.93,0,2,95,70.66,1538.64,NORMAL,0
U03580,ENERGIA,37.7,3.444,98.57,24.96,37.12,2,0,78,74.41,691.33,NORMAL,0
U06861,TRANSITO,111.95,3.179,147.69,37.76,78.26,0,0,135,33.38,1538.38,NORMAL,0
U01574,ENERGIA,42.93,1.713,116.28,25.32,29.37,0,1,48,58.77,904.85,NORMAL,0
U09735,ENERGIA,137.49,2.301,79.54,2.0,53.49,3,2,22,44.14,950.76,NORMAL,0
U03242,SAUDE,116.6,3.737,101.72,35.23,44.75,1,1,45,65.71,766.51,NORMAL,0
U02893,TELECOM,53.35,2.957,175.26,86.08,77.61,5,0,115,67.23,1483.13,NORMAL,0
U05799,SAUDE,46.23,2.728,95.51,116.57,56.69,1,1,112,75.4,1249.23,NORMAL,0
U04265,ENERGIA,53.3,3.441,117.63,56.5,54.9,3,0,49,65.8,927.09,URGENTE,0
U00080,ENERGIA,40.53,2.425,124.21,12.21,42.23,4,1,95,64.31,1235.08,CRITICO,1
U06738,AGUA,36.11,2.804,126.24,91.67,64.63,2,0,47,79.16,1103.23,NORMAL,0
U00722,AGUA,48.52,11.1,145.85,48.13,60.67,4,1,144,41.13,993.61,CRITICO,1
U06816,SAUDE,42.22,3.117,108.48,35.25,63.96,2,1,89,49.51,1034.13,NORMAL,0
U04636,SAUDE,46.61,2.496,131.5,40.68,42.45,3,0,71,56.68,702.42,NORMAL,0
U09513,AGUA,38.21,2.516,113.68,8.35,57.32,2,0,134,89.89,1299.45,NORMAL,0
U04497,ENERGIA,50.06,3.411,127.0,121.21,67.83,1,0,18,63.3,1495.61,NORMAL,0
U04003,TELECOM,48.78,1.039,61.46,41.16,41.41,1,0,31,58.17,1651.59,NORMAL,0
U09375,AGUA,40.15,3.095,142.68,51.66,81.97,3,0,42,59.58,1264.67,NORMAL,0
U06963,TELECOM,53.88,3.213,163.09,59.87,83.77,3,0,9,78.43,1405.08,NORMAL,0
U08145,SAUDE,42.73,1.58,115.72,27.3,55.78,4,1,73,68.97,960.62,URGENTE,0
U00889,TRANSITO,49.8,1.327,89.78,62.6,46.52,1,1,51,41.32,997.25,URGENTE,0
U07098,ENERGIA,46.92,3.11,134.54,50.64,71.27,1,0,47,63.19,953.55,NORMAL,0
U02978,SAUDE,,2.182,143.57,37.96,65.99,4,0,20,79.7,1520.67,URGENTE,0
U04449,AGUA,47.79,4.578,156.82,63.12,85.05,3,0,79,70.97,1427.51,NORMAL,0
U00549,ENERGIA,58.95,3.066,133.73,32.58,49.25,3,0,131,80.91,1007.02,URGENTE,0
U09687,TELECOM,59.38,3.151,141.38,57.25,78.13,4,0,58,53.29,1232.26,URGENTE,0
U02941,AGUA,29.93,2.136,145.67,62.29,59.16,1,3,118,68.89,1280.71,NORMAL,0
U02144,AGUA,41.65,2.369,101.42,14.42,43.61,1,0,62,99.36,298.56,NORMAL,0
U05097,TELECOM,43.07,1.685,64.92,45.12,36.48,2,0,57,31.29,876.06,NORMAL,0
U03477,TRANSITO,47.31,3.032,91.29,35.34,46.72,3,1,120,64.51,697.92,NORMAL,0
U04560,ENERGIA,51.97,3.024,124.67,,49.7,3,1,101,69.92,921.35,NORMAL,0
U08740,ENERGIA,47.39,3.423,82.32,37.16,41.73,2,1,101,47.15,998.56,NORMAL,0
U02779,ENERGIA,56.07,9.564,140.1,68.78,85.39,4,1,64,77.85,1115.13,URGENTE,1
U05243,TRANSITO,,2.88,108.96,7.05,47.0,3,0,29,59.73,1327.03,NORMAL,0
U05116,SAUDE,37.82,,105.82,18.6,44.02,3,0,87,75.48,1642.7,NORMAL,0
U08034,TRANSITO,41.81,2.672,103.59,39.15,57.11,2,0,102,75.27,1487.0,NORMAL,0
U02436,AGUA,40.03,3.339,115.27,13.46,79.16,4,0,3,41.73,1215.73,NORMAL,0
U05948,AGUA,54.45,2.886,115.72,42.11,56.71,2,0,99,53.19,838.74,NORMAL,0
U03053,ENERGIA,49.51,4.159,124.25,37.85,44.69,0,0,52,48.46,817.68,NORMAL,0
U03228,TRANSITO,52.45,3.127,112.07,48.43,75.57,3,0,27,49.47,1208.69,CRITICO,1
U06540,ENERGIA,55.7,3.193,82.93,89.87,33.84,2,1,107,71.29,798.49,NORMAL,0
U07632,TELECOM,38.81,2.561,145.05,50.32,69.86,3,0,117,61.07,1278.72,NORMAL,0
U05744,TRANSITO,41.05,2.002,70.58,47.09,35.55,6,0,141,78.98,1122.67,NORMAL,0
U03205,ENERGIA,47.69,3.207,117.42,40.7,54.75,4,0,43,42.19,695.76,NORMAL,0
U08836,SAUDE,38.81,0.319,167.24,34.33,68.37,5,0,102,71.62,917.43,URGENTE,0
U07365,ENERGIA,53.73,2.796,120.78,71.98,64.08,3,1,51,70.36,1346.71,CRITICO,1
U06007,ENERGIA,53.86,2.964,160.95,71.46,82.97,0,1,127,85.97,1271.61,NORMAL,0
U00437,TRANSITO,45.2,2.563,106.71,14.41,65.33,3,0,36,86.48,1381.12,NORMAL,0
U01942,SAUDE,34.19,,80.0,34.08,55.68,3,0,33,70.96,1126.33,NORMAL,0
U03930,ENERGIA,51.96,2.767,115.91,74.39,63.16,1,0,84,40.0,1611.26,NORMAL,0
U05162,SAUDE,42.11,1.621,140.94,56.07,59.19,4,0,58,44.59,1350.14,NORMAL,0
U08346,TELECOM,38.84,3.733,81.79,107.58,53.35,2,0,27,62.07,1032.62,NORMAL,0
U04453,ENERGIA,40.78,3.707,101.78,70.05,55.05,2,1,55,46.52,987.01,NORMAL,0
U04239,ENERGIA,55.79,3.639,158.13,31.89,67.18,3,4,119,36.23,1042.3,NORMAL,0
U04653,ENERGIA,54.44,3.82,176.87,40.82,69.49,5,0,139,63.97,777.51,URGENTE,0
U07238,ENERGIA,42.59,4.277,110.72,50.33,67.36,5,0,36,100.0,999.57,NORMAL,0
U07609,SAUDE,42.91,2.339,168.86,16.9,62.73,1,2,131,75.37,1105.33,NORMAL,0
U09884,AGUA,47.31,3.26,143.43,18.09,76.92,3,2,53,42.72,1068.63,NORMAL,0
U00192,AGUA,37.35,,90.42,31.58,50.18,2,1,30,50.34,872.41,NORMAL,0
U03613,SAUDE,32.51,1.536,93.75,33.88,51.92,2,0,8,86.45,794.91,NORMAL,0
U01697,TELECOM,39.61,1.956,109.35,67.87,60.74,3,1,29,46.28,1242.51,NORMAL,0
U03161,ENERGIA,40.42,3.305,101.94,53.62,37.39,2,3,124,50.85,678.46,NORMAL,0
U06789,SAUDE,44.35,1.282,100.0,66.08,39.86,1,0,65,55.73,1040.32,URGENTE,0
U01456,TELECOM,55.19,1.877,145.2,28.75,59.23,2,1,131,78.44,1210.85,NORMAL,0
U07185,TELECOM,51.51,1.73,118.33,23.42,60.64,6,2,45,59.23,1439.66,NORMAL,0
U08706,AGUA,42.7,3.709,144.44,22.0,82.02,2,1,40,61.05,1683.81,NORMAL,0
U01103,ENERGIA,51.73,2.4,107.27,6.01,42.2,2,0,59,68.84,519.92,NORMAL,0
U03621,AGUA,39.13,3.041,79.56,36.66,61.24,1,1,19,58.52,1322.18,NORMAL,0
U01367,SAUDE,44.28,2.143,69.12,50.59,53.45,1,2,51,78.41,678.66,NORMAL,0
U01835,SAUDE,42.42,1.333,165.13,45.84,79.1,3,2,77,50.52,1443.23,NORMAL,0
U02854,SAUDE,38.93,3.213,113.43,28.94,52.48,4,0,51,54.43,1072.06,NORMAL,0
U08230,ENERGIA,45.48,3.022,137.5,2.27,70.02,4,0,49,59.04,940.8,NORMAL,0
U05418,TELECOM,,3.609,91.34,56.56,48.74,1,0,10,64.3,920.47,NORMAL,0
U00918,TRANSITO,43.35,5.138,128.2,26.77,77.6,2,0,77,73.3,784.9,NORMAL,0
U08420,SAUDE,41.56,3.077,76.66,101.48,51.22,4,0,48,56.71,998.3,NORMAL,0
U00363,TRANSITO,33.5,2.806,28.66,45.73,24.43,1,0,67,60.6,837.81,NORMAL,0
U04000,SAUDE,37.94,2.668,123.04,58.37,66.31,2,0,65,32.63,1199.44,NORMAL,0
U00263,ENERGIA,49.3,2.799,143.97,23.17,68.55,1,2,110,90.13,987.08,NORMAL,0
U04828,SAUDE,44.46,2.272,120.19,29.25,55.73,0,0,105,54.16,1040.24,NORMAL,0
U09436,AGUA,35.75,2.215,109.69,21.42,52.54,3,2,70,98.59,766.13,NORMAL,0
U05499,SAUDE,44.54,1.389,103.73,39.29,56.06,1,0,19,66.06,968.68,NORMAL,0
U07491,SAUDE,44.02,,110.94,70.97,42.41,3,1,72,96.61,909.37,URGENTE,0
U00204,TRANSITO,48.96,2.463,84.99,74.44,73.79,3,0,2,79.67,1172.39,NORMAL,0
U08371,TRANSITO,,2.934,138.51,15.79,78.11,3,0,22,47.73,1415.99,CRITICO,0
U04747,ENERGIA,53.71,,104.24,28.88,68.71,2,1,108,68.88,1016.5,NORMAL,0
U06933,SAUDE,48.52,2.053,146.97,30.43,66.88,3,0,132,41.91,1164.3,NORMAL,0
U09947,SAUDE,38.63,2.179,148.69,48.81,61.85,2,0,135,66.5,989.01,NORMAL,0
U03330,SAUDE,27.8,2.498,102.04,86.54,52.1,4,0,49,75.58,645.82,NORMAL,0
U08116,TELECOM,104.46,2.617,130.67,,78.14,6,2,64,91.32,1336.75,NORMAL,0
U01736,AGUA,53.69,4.724,161.81,46.95,98.04,6,3,84,45.13,1860.09,URGENTE,1
U04267,TELECOM,46.21,1.421,93.1,50.64,48.06,4,0,95,52.68,841.03,CRITICO,0
U03454,AGUA,52.93,2.464,157.11,111.93,84.18,2,1,143,34.44,1140.34,NORMAL,1
U06884,SAUDE,44.05,1.88,125.17,28.89,94.1,3,0,49,64.78,907.65,NORMAL,0
U05740,TELECOM,56.94,2.03,175.37,,62.03,2,1,61,41.42,920.38,NORMAL,0
U06371,AGUA,37.25,3.541,114.25,35.42,51.76,2,0,130,85.05,908.74,NORMAL,0
U09771,TELECOM,50.77,1.353,92.09,123.38,50.59,2,1,74,53.0,849.37,NORMAL,0
U01958,AGUA,36.01,3.033,118.17,127.93,60.78,1,0,123,58.65,1142.06,URGENTE,1
U04723,AGUA,50.22,2.491,127.69,16.53,62.79,3,0,91,68.75,1218.66,URGENTE,0
U07886,SAUDE,41.33,2.992,154.17,17.21,81.69,2,0,134,68.85,1177.12,URGENTE,1
U01866,TRANSITO,38.38,2.244,99.8,42.15,73.28,4,2,19,88.61,1305.22,NORMAL,0
U05831,AGUA,44.89,3.208,147.16,4.3,64.14,2,1,129,63.19,889.16,NORMAL,0
U03179,SAUDE,26.08,3.083,147.8,65.14,60.91,2,1,141,67.33,883.36,NORMAL,0
U00880,ENERGIA,49.47,3.081,111.84,56.65,44.57,1,0,125,67.12,562.66,NORMAL,0
U03368,TRANSITO,30.42,2.593,127.18,62.72,54.17,4,1,128,47.84,955.27,NORMAL,0
U08829,TRANSITO,43.64,3.237,129.11,131.62,82.15,3,0,105,46.56,1395.96,NORMAL,0
U05102,TRANSITO,47.03,2.336,115.87,24.89,50.41,1,0,130,75.02,882.74,NORMAL,0
U01743,AGUA,117.82,3.212,163.26,37.77,99.29,4,0,67,100.0,1433.45,NORMAL,0
U04329,ENERGIA,56.8,3.348,126.86,59.56,68.5,1,1,73,45.91,1606.71,NORMAL,0
U03967,TELECOM,46.1,1.112,85.23,54.82,25.74,3,0,126,56.13,814.86,NORMAL,0
U08853,ENERGIA,,4.998,100.22,18.07,75.86,4,1,72,55.57,1127.56,URGENTE,1
U08406,ENERGIA,46.89,7.623,82.68,21.81,62.69,2,0,10,72.65,1114.33,CRITICO,1
U01987,TELECOM,51.9,1.596,80.08,40.32,38.46,1,0,38,41.0,1060.69,NORMAL,0
U03381,ENERGIA,48.61,3.137,103.67,80.85,56.73,2,1,7,37.3,922.65,NORMAL,0
U03029,TELECOM,42.85,2.055,95.49,45.1,52.85,3,1,56,71.36,1181.79,NORMAL,0
U02554,ENERGIA,49.62,2.499,58.49,61.28,28.66,1,1,120,69.74,948.3,NORMAL,0
U09876,AGUA,39.91,2.49,112.63,82.86,46.86,1,0,78,56.61,945.54,NORMAL,0
U02164,SAUDE,31.08,1.765,85.38,32.6,30.6,0,0,94,75.18,953.1,NORMAL,0
U05660,TRANSITO,47.83,2.704,64.17,8.98,57.89,1,0,51,60.36,1289.4,NORMAL,0
U02812,TRANSITO,36.83,3.024,106.04,26.4,58.03,3,0,84,46.63,1236.68,NORMAL,0
U09788,TRANSITO,51.19,4.114,127.35,12.52,74.31,1,1,23,63.69,1122.3,CRITICO,1
U00006,TRANSITO,37.41,1.967,125.72,35.13,47.86,4,0,75,53.69,1124.69,NORMAL,0
U04266,SAUDE,37.66,2.984,94.25,107.28,40.96,1,4,114,46.32,390.99,NORMAL,0
U02577,ENERGIA,55.98,2.899,128.23,19.42,45.31,2,2,125,100.0,1388.14,NORMAL,0
U07791,TELECOM,49.59,2.409,90.21,2.32,54.07,3,1,27,69.66,1036.11,NORMAL,0
U03504,TRANSITO,53.19,3.038,109.43,34.76,57.21,1,0,80,70.36,1299.68,NORMAL,0
U08796,TRANSITO,42.49,2.611,135.32,51.61,61.06,3,0,84,66.41,1345.57,URGENTE,1
U01708,SAUDE,48.6,2.429,124.33,,74.7,4,1,67,65.87,1113.51,NORMAL,0
U08741,TRANSITO,51.73,1.603,100.82,41.67,64.57,0,0,22,46.26,625.27,NORMAL,0
U03987,SAUDE,41.43,2.429,89.24,49.31,40.55,3,0,100,58.71,607.45,NORMAL,0
U03680,ENERGIA,48.53,3.327,111.59,52.85,62.83,2,0,139,48.73,1266.84,NORMAL,0
U04115,AGUA,28.72,1.713,105.07,25.28,69.43,2,1,9,69.0,1192.88,NORMAL,0
U02814,SAUDE,42.57,,117.96,21.41,41.97,1,0,139,54.06,895.37,NORMAL,0
U01827,AGUA,37.55,4.738,148.02,14.47,71.79,2,1,132,72.83,815.66,URGENTE,0
U06592,AGUA,28.2,2.498,165.4,107.68,60.49,3,1,80,56.72,1016.22,URGENTE,0
U09031,SAUDE,45.06,2.157,155.84,41.75,76.42,2,0,30,31.37,1425.17,NORMAL,0
U03662,ENERGIA,48.98,2.859,83.91,13.66,46.24,2,0,132,64.88,706.16,NORMAL,0
U05534,TELECOM,47.79,,114.42,,69.19,3,4,61,44.25,1143.0,NORMAL,0
U04030,SAUDE,34.99,3.776,161.66,22.18,62.75,1,0,91,54.25,920.04,NORMAL,0
U06732,ENERGIA,50.53,3.857,93.68,93.55,42.97,3,0,54,65.03,632.61,NORMAL,0
U07778,ENERGIA,60.73,2.928,64.48,36.92,70.25,3,0,8,77.06,1159.12,NORMAL,0
U05511,ENERGIA,41.22,2.753,134.67,18.38,61.23,2,0,29,54.42,1003.46,NORMAL,0
U01619,TELECOM,45.94,1.38,91.36,66.62,71.16,2,0,17,71.33,1308.84,URGENTE,0
U00594,SAUDE,37.45,0.3,98.51,34.04,43.44,2,0,49,68.63,1264.89,NORMAL,0
U05743,TELECOM,49.12,3.355,121.68,64.01,59.1,2,0,133,53.0,1020.52,NORMAL,0
U03962,TRANSITO,47.03,2.575,57.53,26.76,48.95,0,0,15,57.84,988.99,NORMAL,0
U03489,TRANSITO,52.1,1.705,103.31,47.59,39.87,3,0,17,57.5,995.37,NORMAL,0
U03264,ENERGIA,46.99,2.647,135.61,28.92,61.63,4,0,141,76.05,1041.07,NORMAL,1
U04745,TRANSITO,,2.03,131.16,23.46,73.96,2,1,31,39.98,1440.38,NORMAL,0
U09173,TRANSITO,51.42,0.461,112.04,29.31,48.33,1,1,98,39.15,706.31,NORMAL,0
U06903,TELECOM,40.76,3.142,86.06,28.26,39.66,1,1,61,66.38,703.99,NORMAL,0
U03980,ENERGIA,,2.149,90.35,85.27,30.95,3,0,118,77.65,648.26,NORMAL,0
U03832,AGUA,38.15,3.652,160.48,10.56,69.39,0,2,105,66.28,1196.38,NORMAL,0
U06462,TELECOM,48.0,2.18,86.58,35.51,34.56,3,0,136,69.28,804.38,NORMAL,0
U02797,TRANSITO,,2.85,107.21,27.9,61.09,4,0,46,45.27,1342.17,NORMAL,0
U06853,SAUDE,42.67,1.912,113.58,60.18,50.5,0,2,136,42.68,1314.17,NORMAL,0
U07942,SAUDE,36.63,0.857,87.01,22.77,23.66,0,0,136,48.37,299.6,NORMAL,0
U03853,TELECOM,47.19,2.496,123.46,32.12,66.2,2,0,126,47.62,1430.57,NORMAL,0
U08588,AGUA,33.68,3.731,116.4,31.06,60.42,3,0,30,82.6,1246.04,NORMAL,0
U07693,SAUDE,41.29,2.484,139.21,42.06,43.5,3,1,108,71.64,587.92,NORMAL,0
U01240,AGUA,32.0,1.859,112.79,70.09,52.09,3,0,23,55.39,75.05,NORMAL,0
U00094,TRANSITO,43.76,3.233,148.15,12.54,63.14,0,0,128,92.43,1238.63,NORMAL,0
U07083,SAUDE,41.74,3.496,117.29,33.8,69.12,4,0,29,81.0,1158.65,NORMAL,0
U01972,AGUA,44.29,2.926,35.08,77.41,22.36,0,1,10,58.77,612.09,NORMAL,0
U05577,TRANSITO,45.29,3.276,138.32,25.37,67.67,0,0,117,57.97,942.33,NORMAL,0
U09059,SAUDE,40.14,2.356,77.91,17.25,38.4,3,0,67,72.82,827.51,NORMAL,0
U05792,TRANSITO,40.22,2.488,134.27,72.84,64.42,0,0,112,43.52,851.84,NORMAL,0
U03294,TELECOM,41.88,2.986,122.98,87.52,82.55,4,0,117,68.42,1286.61,NORMAL,0
U00794,SAUDE,47.66,2.708,130.51,65.74,65.15,4,1,25,65.68,1088.48,NORMAL,0
U07796,ENERGIA,53.03,1.628,103.61,53.65,71.02,3,0,2,72.16,841.43,NORMAL,0
U06351,TELECOM,55.81,3.281,166.79,84.06,90.82,4,1,120,60.95,1224.62,NORMAL,0
U07295,SAUDE,41.18,2.657,129.76,57.12,53.61,3,2,65,70.13,794.49,NORMAL,0
U04991,TRANSITO,40.72,2.655,129.57,33.86,57.3,5,3,134,60.29,924.03,NORMAL,0
U01408,ENERGIA,43.96,,77.63,55.86,43.59,1,0,50,47.93,794.84,NORMAL,0
U08366,AGUA,41.76,2.385,129.09,16.61,72.38,1,1,69,87.77,1428.99,NORMAL,0
U00155,AGUA,43.8,3.013,150.43,40.17,81.67,2,0,75,66.63,935.13,CRITICO,1
U01151,ENERGIA,53.27,3.87,136.23,7.44,76.91,0,0,70,74.64,1337.53,NORMAL,0
U04722,SAUDE,33.5,3.298,111.78,59.38,63.23,3,0,2,61.58,1393.36,NORMAL,0
U00252,SAUDE,31.91,3.265,115.6,12.6,61.18,3,0,47,69.4,1128.41,NORMAL,0
U03970,AGUA,43.04,4.311,151.23,24.2,68.49,3,1,132,64.8,1185.32,NORMAL,0
U02068,AGUA,44.25,3.263,141.93,43.42,81.79,1,1,94,60.12,1233.41,NORMAL,0
U09900,TRANSITO,37.65,2.445,100.28,37.18,52.25,2,0,65,62.41,718.51,NORMAL,0
U07210,TELECOM,48.27,2.333,72.38,,58.65,3,2,78,88.21,685.83,NORMAL,0
U01771,ENERGIA,57.87,3.072,168.51,12.6,90.1,2,1,119,46.71,1265.14,CRITICO,1
U05813,SAUDE,,1.518,149.99,55.33,64.15,5,0,86,33.74,884.54,NORMAL,0
U05572,TRANSITO,43.97,2.359,119.76,144.65,80.31,3,1,67,46.39,1218.17,URGENTE,0
U07828,ENERGIA,47.01,3.553,94.68,110.74,52.71,2,1,107,64.43,935.6,URGENTE,1
U03657,ENERGIA,47.08,3.618,88.06,40.53,40.5,2,0,55,83.28,505.72,NORMAL,0
U03558,TRANSITO,54.77,,158.29,23.24,86.16,3,1,119,79.96,1054.09,NORMAL,0
U00099,SAUDE,40.86,2.747,181.92,65.91,88.36,3,0,93,59.27,1293.05,NORMAL,0
U07765,AGUA,40.26,2.162,100.61,48.89,79.2,2,0,6,54.67,1604.84,NORMAL,0
U04561,SAUDE,38.17,2.611,114.43,51.13,69.25,2,0,101,79.24,1227.77,NORMAL,0
U00167,TELECOM,41.69,1.726,146.25,129.25,86.55,6,0,100,73.02,1547.93,NORMAL,0
U08013,ENERGIA,56.69,3.613,135.93,54.81,75.52,2,0,23,72.07,1200.6,URGENTE,1
U08512,ENERGIA,50.28,2.259,103.09,21.53,45.08,5,0,28,86.93,826.8,NORMAL,0
U03123,ENERGIA,44.93,1.935,146.34,82.4,73.74,4,2,9,59.91,990.06,NORMAL,0
U03902,TELECOM,138.82,8.449,138.6,105.8,83.8,1,0,118,73.49,1403.47,URGENTE,1
U08384,SAUDE,34.41,4.21,107.05,127.22,53.98,1,1,136,77.3,1239.6,NORMAL,0
U07114,TELECOM,49.95,2.067,145.75,178.44,82.24,3,0,110,56.48,1108.74,CRITICO,1
U08151,SAUDE,38.69,2.437,103.95,29.34,52.37,0,3,30,80.98,1411.88,URGENTE,0
U01326,AGUA,43.57,2.419,82.64,50.02,56.26,3,0,19,43.59,667.2,NORMAL,0
U03286,AGUA,45.49,,91.17,55.48,30.7,1,1,23,91.26,752.74,NORMAL,0
U07345,ENERGIA,42.84,4.821,152.96,7.64,69.9,4,1,114,55.65,1369.49,NORMAL,0
U02837,AGUA,44.56,3.377,142.5,32.19,77.41,3,1,104,84.14,1107.9,NORMAL,0
U08925,ENERGIA,50.05,3.197,105.0,40.99,41.74,1,0,117,76.8,1097.76,NORMAL,0
U00596,SAUDE,117.79,2.252,125.34,61.31,61.06,4,0,10,72.81,1072.35,NORMAL,0
U06574,TELECOM,38.31,2.568,146.55,46.4,48.8,3,2,112,65.41,1313.61,NORMAL,0
U08529,TELECOM,54.96,2.373,157.29,21.7,67.15,3,1,142,52.47,1326.84,NORMAL,0
U08688,ENERGIA,39.51,3.91,127.28,120.63,63.93,1,1,50,57.47,817.23,NORMAL,0
U09709,AGUA,34.64,3.345,173.8,65.61,73.19,4,0,134,58.96,875.75,NORMAL,0
U01875,ENERGIA,45.96,4.688,141.62,,53.41,3,0,24,62.76,1005.25,CRITICO,1
U07505,AGUA,30.93,1.515,108.4,84.61,36.77,4,0,128,72.22,822.58,CRITICO,1
U03272,TRANSITO,50.2,3.031,124.73,4.38,53.24,3,0,108,56.96,917.14,CRITICO,1
U00721,TRANSITO,43.83,3.06,106.74,97.44,73.68,6,0,23,84.14,1019.7,URGENTE,0
U01127,ENERGIA,47.23,3.83,76.1,23.88,54.5,0,1,74,66.46,991.5,NORMAL,0
U07180,ENERGIA,53.25,11.039,66.42,56.78,52.56,2,1,79,73.93,615.46,NORMAL,1
U05329,TELECOM,44.19,3.748,113.48,22.54,63.15,2,0,24,51.64,844.73,NORMAL,0
U09451,SAUDE,45.38,,105.29,25.83,74.58,4,1,23,51.94,1160.5,NORMAL,0
U04193,TRANSITO,44.69,1.965,92.73,118.69,36.56,2,0,60,55.95,1111.58,CRITICO,1
U03599,TRANSITO,45.3,1.403,93.37,25.74,33.72,5,0,98,33.52,999.21,NORMAL,0
U00274,TRANSITO,44.49,4.019,111.72,55.53,61.93,0,2,33,72.96,1196.83,NORMAL,0
U07333,TELECOM,45.89,2.156,130.34,108.44,74.17,4,1,23,80.51,1511.5,NORMAL,0
U03660,TRANSITO,37.57,3.123,89.51,27.8,46.92,6,1,60,46.68,675.72,NORMAL,0
U07798,ENERGIA,42.43,1.986,94.75,13.45,35.6,1,0,102,84.66,789.73,NORMAL,0
U01057,AGUA,46.89,1.911,131.01,52.52,85.52,1,0,76,58.48,863.03,NORMAL,0
U08811,AGUA,36.92,,92.86,64.51,49.06,1,1,104,91.55,1049.61,NORMAL,0
U03385,SAUDE,37.03,1.94,144.7,8.8,64.47,2,0,44,71.33,1240.56,NORMAL,0
U01500,TRANSITO,42.87,2.978,110.0,12.1,58.37,3,3,132,54.36,1102.75,NORMAL,0
U09847,AGUA,43.05,2.043,84.58,33.69,52.6,3,0,21,52.36,910.58,NORMAL,0
U08378,ENERGIA,41.55,2.148,102.92,16.48,26.88,3,2,115,49.4,918.27,NORMAL,0
U06504,SAUDE,47.8,1.841,117.32,27.66,42.74,1,0,125,60.02,704.73,NORMAL,0
U05533,ENERGIA,50.08,3.934,80.26,91.67,51.39,3,1,67,54.13,1275.02,URGENTE,0
U06689,TELECOM,50.07,2.267,126.41,38.27,62.07,2,0,54,67.67,1258.49,NORMAL,0
U05824,TRANSITO,44.54,3.426,109.2,16.12,62.33,5,0,20,66.5,1223.85,NORMAL,0
U05464,TELECOM,49.36,2.463,123.47,26.97,52.06,4,2,139,58.75,948.08,NORMAL,0
U02240,TELECOM,52.91,3.207,158.17,,80.8,3,2,99,77.54,1594.67,NORMAL,0
U00454,AGUA,40.85,2.967,76.84,17.62,15.83,1,0,79,74.1,667.13,NORMAL,0
U09706,ENERGIA,48.28,3.121,101.0,31.96,78.35,6,1,59,69.67,1327.3,CRITICO,1
U04417,AGUA,49.06,4.233,142.17,35.41,74.05,2,0,88,60.61,1520.06,NORMAL,0
U06860,TELECOM,50.39,2.215,168.84,63.17,87.72,5,0,86,85.88,1388.06,NORMAL,0
U01665,ENERGIA,56.76,2.798,131.93,33.11,66.64,4,0,136,100.0,1160.92,CRITICO,0
U08274,TELECOM,54.85,2.994,120.56,49.96,46.06,2,1,71,62.62,1006.24,NORMAL,0
U09490,ENERGIA,53.35,4.245,103.81,54.23,59.25,4,0,57,73.45,1318.43,NORMAL,0
U03816,TRANSITO,59.18,3.889,128.03,84.11,68.24,0,1,9,83.34,1009.89,NORMAL,0
U03544,AGUA,44.39,4.167,102.11,73.37,59.59,4,1,24,53.22,706.75,NORMAL,0
U03143,AGUA,40.6,2.91,138.59,28.71,71.58,6,2,47,50.27,1469.12,NORMAL,0
U01129,AGUA,45.24,3.684,103.96,71.12,44.78,8,0,103,77.86,864.41,NORMAL,0
U06106,ENERGIA,50.11,5.174,121.38,10.22,87.14,0,1,89,83.12,956.26,NORMAL,0
U02946,ENERGIA,45.46,3.341,117.03,59.02,65.49,3,3,88,57.64,1045.92,NORMAL,0
U04236,SAUDE,33.28,0.945,129.36,19.75,52.67,5,2,70,82.99,1222.47,NORMAL,0
U08990,TRANSITO,49.57,3.722,148.6,43.21,100.0,3,0,53,89.53,1523.73,NORMAL,0
U09362,AGUA,43.89,2.641,128.64,15.43,73.41,3,0,25,74.65,1173.11,URGENTE,0
U08768,SAUDE,39.9,1.563,133.21,59.12,71.65,3,1,25,67.34,1328.65,NORMAL,0
U06575,TRANSITO,36.91,2.788,89.77,30.58,36.65,0,1,29,63.14,488.44,NORMAL,0
U08707,ENERGIA,51.48,3.281,102.0,30.99,54.71,3,1,44,48.03,1122.9,NORMAL,0
U05449,TELECOM,39.43,2.833,127.23,60.65,70.09,6,0,125,89.7,900.91,NORMAL,0
U02929,ENERGIA,43.41,3.888,174.99,22.88,72.4,7,1,65,55.2,1004.18,NORMAL,0
U06806,SAUDE,47.0,1.182,107.45,100.31,44.41,0,1,118,83.91,523.3,NORMAL,0
U06049,TELECOM,33.25,1.562,98.23,25.02,38.42,2,3,101,56.83,726.27,NORMAL,0
U07396,SAUDE,36.75,3.338,85.71,18.97,54.73,3,0,97,83.72,846.7,NORMAL,0
U03691,TRANSITO,50.03,4.588,136.46,97.21,74.0,3,0,136,72.38,1192.38,NORMAL,0
U08398,TELECOM,,,80.03,32.98,20.31,1,0,8,82.33,744.79,NORMAL,0
U03947,AGUA,50.92,4.247,123.1,127.79,76.12,1,0,114,62.93,1198.32,CRITICO,1
U04145,SAUDE,124.89,2.861,142.77,5.58,57.87,1,0,91,45.37,885.04,NORMAL,0
U00978,ENERGIA,,3.615,187.69,60.34,97.9,3,0,113,56.85,1891.13,NORMAL,0
U05845,SAUDE,40.76,3.227,133.87,49.66,61.44,3,2,22,94.14,879.2,URGENTE,0
U01409,ENERGIA,53.03,2.905,153.95,18.27,65.38,5,1,75,56.99,1049.54,NORMAL,0
U03456,TRANSITO,48.98,2.556,91.03,46.39,53.21,6,2,38,66.17,1152.46,NORMAL,0
U09985,ENERGIA,48.59,2.75,133.25,22.26,29.55,1,1,127,73.57,932.93,NORMAL,0
U05136,SAUDE,34.21,1.899,77.74,24.55,46.54,1,1,52,64.34,751.24,URGENTE,0
U01569,AGUA,,2.42,104.75,13.51,68.33,0,0,67,39.49,1390.31,NORMAL,0
U00432,SAUDE,40.52,1.062,127.81,35.75,64.14,2,2,54,53.45,1204.02,URGENTE,0
U02216,SAUDE,42.47,2.882,92.71,4.7,58.18,1,0,23,33.03,1089.56,URGENTE,0
U08621,ENERGIA,49.31,2.72,69.57,48.39,35.56,3,0,42,63.55,792.2,NORMAL,0
U05351,ENERGIA,54.92,2.383,118.67,46.2,62.33,1,0,138,63.2,1011.5,URGENTE,0
U00532,TELECOM,51.97,1.698,138.19,23.24,54.96,1,0,121,68.89,1282.49,NORMAL,0
U02732,SAUDE,30.9,0.518,39.89,36.53,20.59,0,1,21,99.46,799.83,NORMAL,0
U08434,TELECOM,45.71,2.314,132.72,86.25,74.49,1,0,112,91.14,1508.37,NORMAL,0
U04209,AGUA,49.37,3.643,117.6,33.7,48.24,5,0,92,57.91,673.87,NORMAL,0
U04558,ENERGIA,55.33,3.09,128.88,60.01,52.52,2,0,128,57.38,999.77,CRITICO,1
U01061,TRANSITO,32.04,2.834,85.91,25.32,38.26,2,1,55,38.14,1292.58,NORMAL,0
U04031,SAUDE,38.46,0.857,86.8,60.28,26.97,0,0,99,52.52,1350.16,NORMAL,0
U08496,AGUA,35.55,2.213,87.57,51.02,52.98,3,0,51,54.79,696.02,NORMAL,0
U01045,TELECOM,42.23,3.537,121.65,56.32,66.38,5,0,97,78.18,1385.84,NORMAL,0
U00773,AGUA,34.31,2.908,140.2,121.34,77.5,2,2,75,74.27,1603.19,NORMAL,0
U07712,ENERGIA,50.27,2.918,117.31,28.64,74.92,4,0,101,53.69,1260.5,NORMAL,0
U00277,SAUDE,45.37,3.765,177.37,37.81,78.45,2,0,139,47.02,1376.37,NORMAL,0
U07330,ENERGIA,50.08,3.073,163.05,26.88,69.28,5,1,107,50.94,1247.89,NORMAL,0
U09669,ENERGIA,49.37,3.632,143.47,96.61,77.06,4,0,67,62.36,1779.0,NORMAL,0
U09715,SAUDE,35.62,2.368,71.6,23.43,29.38,4,0,122,49.42,366.15,NORMAL,0
U06040,TRANSITO,50.55,0.787,104.72,36.15,51.27,3,2,123,70.13,786.49,NORMAL,0
U06130,ENERGIA,39.95,2.506,92.92,52.36,30.32,4,0,39,61.23,674.21,NORMAL,0
U03792,ENERGIA,54.18,2.881,162.53,54.58,95.45,4,0,63,49.12,1415.58,CRITICO,1
U05546,ENERGIA,51.67,2.718,130.75,32.06,52.36,1,0,74,64.38,1203.74,NORMAL,0
U04487,SAUDE,32.62,1.412,56.88,16.54,25.73,1,1,75,77.45,510.27,NORMAL,0
U08560,AGUA,41.05,2.5,126.94,56.63,43.94,2,0,135,74.15,706.2,NORMAL,0
U02328,TELECOM,54.33,9.976,157.89,19.44,77.65,3,0,89,97.39,1483.07,CRITICO,1
U09862,TRANSITO,46.82,2.941,130.93,167.89,46.34,2,0,132,73.65,938.7,CRITICO,1
U07965,SAUDE,,1.314,65.27,5.71,38.22,4,0,26,48.58,986.27,NORMAL,0
U07463,TRANSITO,43.16,1.847,116.55,45.98,60.44,2,1,72,64.52,858.3,NORMAL,0
U02580,AGUA,48.65,6.069,129.5,92.56,75.43,3,0,135,66.22,1301.83,CRITICO,1
U06427,AGUA,75.44,2.175,77.03,77.3,40.08,2,0,4,63.01,1354.2,NORMAL,0
U08126,ENERGIA,47.65,3.174,109.76,54.83,73.78,4,0,70,61.17,1041.08,NORMAL,0
U01966,AGUA,36.69,2.582,106.34,75.36,57.02,2,2,117,70.61,1425.21,NORMAL,0
U09667,ENERGIA,45.28,3.138,92.94,56.5,40.83,1,2,143,56.7,1123.94,NORMAL,0
U06965,ENERGIA,43.36,2.554,69.2,44.78,38.0,1,0,141,63.82,490.23,NORMAL,0
U06618,SAUDE,46.53,3.601,162.04,82.04,87.2,2,0,130,53.38,1107.86,NORMAL,0
U09536,AGUA,47.53,3.539,92.79,65.42,65.69,2,0,23,65.25,1423.17,NORMAL,0
U03274,SAUDE,38.4,0.964,96.55,36.69,37.59,2,1,80,73.3,664.74,NORMAL,0
U06184,ENERGIA,48.69,2.793,143.64,10.42,77.0,5,2,27,67.7,958.44,NORMAL,0
U05146,TRANSITO,52.7,1.848,117.83,63.39,72.45,4,0,21,61.83,1232.34,NORMAL,0
U02863,ENERGIA,50.89,2.797,114.57,101.56,68.58,3,0,25,48.02,1230.0,NORMAL,1
U00393,AGUA,40.47,2.925,86.42,60.82,71.83,4,1,52,55.84,1356.36,NORMAL,0
U00217,ENERGIA,47.06,3.366,121.8,90.43,71.89,4,0,28,42.84,1305.64,URGENTE,1
U05379,TRANSITO,,1.887,95.67,106.99,54.24,3,2,46,64.38,798.77,NORMAL,0
U07531,SAUDE,44.7,0.58,117.45,11.13,65.99,3,2,126,69.94,1184.88,NORMAL,0
U08120,ENERGIA,51.16,3.884,131.24,98.86,55.96,2,0,79,100.0,1059.3,NORMAL,0
U04916,TELECOM,49.17,2.47,123.17,,50.63,1,2,135,44.4,1065.42,NORMAL,0
U05545,SAUDE,,1.9,127.16,97.34,53.54,1,0,119,73.68,853.93,NORMAL,0
U02439,SAUDE,40.1,3.786,79.62,79.28,46.56,3,0,116,78.47,1041.24,NORMAL,0
U05128,ENERGIA,54.37,4.303,106.04,14.48,70.54,3,1,26,81.92,614.81,NORMAL,0
U03866,ENERGIA,53.17,3.898,160.07,14.82,74.77,3,0,133,88.55,1296.08,NORMAL,0
U05806,AGUA,40.86,2.879,89.29,99.22,63.77,1,0,14,56.62,994.43,NORMAL,0
U08904,SAUDE,31.32,3.112,88.96,35.87,37.98,5,0,56,68.5,890.16,NORMAL,0
U01816,TRANSITO,,2.46,81.89,40.27,37.65,1,0,57,65.67,723.05,NORMAL,0
U01859,ENERGIA,41.86,2.201,88.91,170.28,37.07,2,1,60,61.75,721.93,NORMAL,0
U03929,ENERGIA,42.08,4.824,108.77,37.44,73.91,0,0,58,46.79,1189.54,NORMAL,0
U00182,TRANSITO,40.22,1.593,90.85,39.93,30.01,0,2,100,52.87,670.63,NORMAL,0
U07848,SAUDE,32.07,3.307,168.26,69.04,65.06,4,0,134,61.89,1355.44,NORMAL,0
U06671,TRANSITO,33.97,3.096,102.25,,48.2,1,2,5,66.28,932.45,NORMAL,0
U06979,ENERGIA,52.57,2.314,144.05,75.86,71.74,4,1,64,64.74,890.8,NORMAL,0
U03999,ENERGIA,54.86,2.319,158.45,28.8,73.55,3,0,42,69.98,1022.68,NORMAL,0
U03629,SAUDE,45.59,2.7,122.16,100.48,67.65,1,1,36,49.54,1231.67,NORMAL,0
U01794,TRANSITO,,2.414,58.87,32.34,35.62,4,1,40,73.48,817.62,NORMAL,0
U08430,TELECOM,52.33,2.547,137.66,38.37,78.1,1,1,110,72.87,1194.12,NORMAL,0
U04805,TRANSITO,50.95,4.044,174.5,26.17,89.84,10,0,111,67.1,1333.48,CRITICO,1
U07762,TELECOM,37.71,2.076,152.64,41.06,64.13,1,0,114,67.55,1013.97,NORMAL,0
U02458,ENERGIA,59.97,2.616,109.93,26.58,55.21,3,0,46,42.31,1073.41,NORMAL,0
U02808,TRANSITO,44.43,3.11,160.62,88.95,61.63,3,0,111,67.9,1065.51,URGENTE,0
U04108,TRANSITO,48.28,3.526,107.87,16.33,69.44,2,1,16,45.13,958.43,NORMAL,0
U09988,ENERGIA,51.49,2.123,68.59,27.59,34.93,2,0,83,77.0,696.86,NORMAL,0
U07025,ENERGIA,45.01,,155.54,44.0,82.56,4,0,83,28.7,1283.21,NORMAL,0
U04811,TELECOM,53.68,2.233,142.56,11.2,77.63,6,0,62,60.96,1315.07,NORMAL,0
U00298,SAUDE,35.96,2.75,100.34,30.83,54.89,0,1,114,76.41,1020.32,NORMAL,0
U07145,AGUA,49.06,3.914,155.98,73.08,78.47,4,2,118,53.27,1384.5,NORMAL,0
U08032,SAUDE,,2.789,105.33,64.88,51.14,0,2,71,66.27,965.83,NORMAL,0
U00224,ENERGIA,50.89,4.005,116.42,22.31,65.78,2,1,71,76.63,1097.49,NORMAL,0
U04394,SAUDE,41.2,2.46,119.01,19.1,94.85,3,2,22,73.21,1266.76,NORMAL,0
U01764,SAUDE,48.0,3.215,183.06,20.44,99.1,4,0,46,83.19,1281.82,NORMAL,0
U03773,TELECOM,55.37,2.016,192.76,45.39,100.0,2,0,126,54.44,1690.97,NORMAL,0
U05031,AGUA,44.56,2.621,113.76,77.54,60.4,5,1,35,76.93,1301.89,NORMAL,0
U08983,AGUA,,4.472,82.0,36.35,56.54,0,1,63,70.18,1186.73,NORMAL,0
U07512,ENERGIA,53.77,2.749,144.93,43.71,83.95,6,0,105,82.49,1318.61,URGENTE,1
U07974,SAUDE,39.89,3.988,118.96,56.99,62.89,7,2,95,53.52,1286.44,NORMAL,0
U08457,AGUA,50.65,2.947,129.88,45.52,59.83,3,0,122,59.71,1089.73,NORMAL,0
U00796,TRANSITO,46.35,1.695,129.88,37.83,58.93,2,0,66,62.35,1131.02,NORMAL,0
U02953,TRANSITO,50.91,3.269,108.7,,76.24,3,0,80,77.0,1282.8,NORMAL,1
U02223,TELECOM,50.94,2.717,167.73,,73.23,3,1,132,64.42,1233.87,NORMAL,0
U03960,ENERGIA,41.83,4.459,94.52,21.9,42.38,3,0,113,70.2,742.18,NORMAL,0
U01662,TELECOM,42.66,2.255,86.64,95.61,48.25,4,0,68,69.38,1231.92,NORMAL,0
U08059,TRANSITO,48.3,2.885,111.72,58.41,63.86,1,2,30,61.86,1588.12,CRITICO,1
U09422,ENERGIA,49.96,4.539,131.33,118.86,70.67,0,2,112,62.17,1492.83,URGENTE,0
U04135,SAUDE,46.75,2.847,118.38,25.72,56.97,2,1,2,63.52,1068.32,NORMAL,0
U09257,ENERGIA,50.72,4.121,105.68,68.9,68.67,4,0,144,53.01,1170.55,URGENTE,0
U08243,ENERGIA,59.0,,147.49,43.07,86.16,6,0,72,72.01,1197.05,NORMAL,0
U04129,SAUDE,44.0,2.487,98.67,23.87,49.37,2,0,54,55.88,1389.38,NORMAL,0
U04528,ENERGIA,49.04,3.532,168.76,27.18,100.0,5,2,20,56.67,1469.02,URGENTE,0
U03279,SAUDE,46.59,3.064,157.41,84.06,66.41,4,0,125,52.04,1284.29,NORMAL,0
U09454,TRANSITO,,5.643,57.75,78.98,45.61,0,0,101,68.32,682.96,CRITICO,1
U02586,ENERGIA,54.86,,180.98,33.8,85.4,3,1,73,44.8,1255.93,NORMAL,0
U07557,ENERGIA,53.94,3.729,92.62,16.33,65.0,2,1,111,49.7,1409.21,NORMAL,0
U08131,SAUDE,38.25,2.415,141.07,72.98,79.54,1,0,24,41.78,1795.86,NORMAL,0
U09500,SAUDE,45.78,0.656,85.97,103.53,41.05,6,0,67,57.31,1397.15,NORMAL,0
U01527,ENERGIA,52.5,2.442,180.04,73.51,87.76,6,0,126,85.87,1521.32,URGENTE,0
U01995,ENERGIA,36.18,2.504,100.12,21.27,52.18,0,0,127,76.64,1117.55,NORMAL,0
U01505,TRANSITO,43.73,,116.98,57.61,71.89,3,0,28,63.45,1002.82,NORMAL,0
U03071,SAUDE,121.71,2.782,137.16,102.7,81.98,1,0,67,83.19,1334.31,NORMAL,0
U06925,SAUDE,33.78,2.291,37.03,123.72,24.66,0,0,8,73.37,735.41,NORMAL,0
U01224,ENERGIA,57.58,4.04,149.03,61.83,52.02,5,2,101,67.51,789.68,NORMAL,0
U00625,TRANSITO,52.16,2.763,170.36,109.7,94.49,4,2,139,80.47,1162.35,URGENTE,1
U07665,AGUA,43.97,2.461,143.82,49.22,93.03,6,0,91,70.85,1384.37,NORMAL,0
U02257,SAUDE,39.51,1.309,95.07,16.77,17.83,1,0,86,67.96,691.26,NORMAL,0
U00671,TELECOM,49.97,3.668,139.28,,84.83,3,1,104,100.0,1374.8,NORMAL,0
U09661,AGUA,130.05,1.795,110.13,100.87,69.15,6,1,96,65.68,1141.43,NORMAL,0
U06110,ENERGIA,51.51,3.415,152.52,9.31,83.74,6,1,106,72.63,1676.06,URGENTE,1
U01237,ENERGIA,43.54,4.067,73.3,129.36,51.74,2,0,113,60.84,1227.76,NORMAL,0
U06672,ENERGIA,112.3,3.462,114.24,45.16,61.13,2,1,81,68.91,1295.26,NORMAL,0
U04416,TELECOM,52.83,1.833,85.12,104.61,49.77,3,0,102,78.82,870.76,CRITICO,1
U02135,TELECOM,50.47,4.029,131.28,184.7,73.72,3,0,20,85.48,1202.36,NORMAL,0
U06052,ENERGIA,56.43,4.219,127.88,59.26,92.85,8,1,33,43.77,1733.27,CRITICO,1
U03998,AGUA,35.27,2.015,80.8,36.79,39.05,0,1,107,71.36,366.01,NORMAL,0
U06231,ENERGIA,46.12,3.316,110.22,45.24,55.8,4,0,5,68.88,877.05,NORMAL,0
U03817,SAUDE,29.1,3.425,149.43,52.64,70.37,2,0,107,68.18,1183.53,NORMAL,0
U03778,SAUDE,40.35,1.198,158.63,41.16,65.73,4,1,77,73.06,1355.26,NORMAL,0
U05527,SAUDE,50.5,2.449,112.08,38.49,41.37,4,1,46,52.91,421.79,NORMAL,0
U08387,TELECOM,44.55,2.742,145.26,118.5,58.95,3,0,98,83.9,1090.82,NORMAL,0
U05429,TRANSITO,46.33,1.569,119.42,36.51,55.7,5,2,125,40.69,1219.87,NORMAL,0
U01113,ENERGIA,47.92,3.935,177.34,20.18,92.1,6,0,56,62.02,1493.56,NORMAL,0
U07031,ENERGIA,54.11,3.315,91.98,18.34,50.13,1,1,26,52.02,765.98,NORMAL,0
U09089,AGUA,37.58,2.612,103.56,47.79,51.34,3,1,125,59.29,957.91,NORMAL,0
U06397,ENERGIA,45.36,4.588,90.95,7.82,37.05,2,1,136,38.48,531.81,NORMAL,0
U09226,ENERGIA,43.5,3.155,108.66,119.63,65.04,0,0,137,70.12,731.62,NORMAL,0
U09664,TELECOM,47.94,2.082,153.67,117.35,64.4,2,1,143,40.98,728.41,URGENTE,0
U09177,SAUDE,40.77,8.097,164.3,95.95,76.63,4,0,72,65.88,1436.99,CRITICO,1
U02508,ENERGIA,47.89,3.984,105.06,133.77,66.27,3,0,32,34.68,661.86,URGENTE,1
U04832,ENERGIA,42.44,1.423,90.42,88.49,48.39,1,0,85,72.02,749.62,NORMAL,0
U09393,TELECOM,48.11,2.554,121.31,6.83,52.13,3,0,116,57.49,1105.84,NORMAL,0
U02180,ENERGIA,45.7,3.373,49.22,31.67,40.36,3,0,9,49.43,804.79,NORMAL,0
U09428,SAUDE,42.94,,85.4,11.87,61.66,1,2,71,83.72,1031.29,NORMAL,0
U08056,ENERGIA,40.58,3.211,133.38,11.2,71.9,1,0,36,57.72,1061.66,CRITICO,1
U04634,SAUDE,38.95,3.097,117.73,29.43,69.82,2,0,91,53.33,1633.46,NORMAL,0
U05311,ENERGIA,36.46,2.718,124.07,38.01,45.37,1,1,132,68.3,1109.12,NORMAL,0
U01547,TRANSITO,,2.603,85.1,9.67,49.25,3,2,48,34.98,815.04,NORMAL,0
U03038,SAUDE,51.67,4.086,126.77,37.87,61.46,2,0,96,74.33,1089.26,NORMAL,0
U03572,TELECOM,51.32,2.109,105.57,34.63,54.78,2,0,103,72.98,884.22,NORMAL,0
U02404,TRANSITO,42.89,2.104,129.42,37.51,60.3,6,0,92,63.22,1233.12,URGENTE,0
U04696,TRANSITO,34.3,3.467,133.87,20.88,82.7,2,0,39,49.59,1186.61,NORMAL,0
U05476,TRANSITO,45.25,2.417,106.3,52.88,31.98,2,0,25,84.13,974.7,NORMAL,0
U05573,TRANSITO,37.58,2.919,112.57,93.21,48.55,4,0,92,58.43,747.74,NORMAL,0
U06291,TRANSITO,50.29,2.324,130.93,58.32,74.31,0,1,18,52.98,1216.0,NORMAL,0
U03653,SAUDE,46.23,2.436,119.55,46.2,68.84,5,0,111,100.0,1172.77,NORMAL,0
U06704,ENERGIA,43.85,2.354,88.36,21.11,57.46,2,1,30,68.43,1126.47,NORMAL,0
U03371,ENERGIA,45.41,2.3,97.47,45.87,31.27,1,0,92,39.75,440.44,NORMAL,0
U07123,SAUDE,53.48,3.45,162.22,32.03,94.74,3,0,123,68.24,1554.47,NORMAL,0
U06619,AGUA,37.44,1.319,120.89,19.86,57.1,2,1,60,29.81,849.13,NORMAL,0
U02740,AGUA,38.0,3.0,107.27,69.7,64.56,2,0,63,51.16,879.03,NORMAL,0
U08337,ENERGIA,51.19,2.493,121.47,45.9,67.63,3,0,16,54.79,1457.11,NORMAL,0
U00837,TRANSITO,45.25,2.728,92.66,148.9,66.32,3,2,51,48.77,1352.57,NORMAL,0
U02988,ENERGIA,47.32,,128.28,65.88,51.18,2,1,139,76.01,1622.73,NORMAL,0
U03115,TELECOM,53.35,3.357,187.85,,100.0,1,1,129,64.4,1343.2,NORMAL,0
U09139,TRANSITO,42.33,3.223,124.32,51.1,44.63,1,1,130,52.99,1052.57,NORMAL,0
U00765,TELECOM,50.47,4.539,161.56,75.21,73.4,4,2,112,64.1,1434.96,NORMAL,0
U01577,AGUA,37.98,3.035,83.79,55.13,49.56,3,0,76,100.0,1171.02,NORMAL,0
U01710,TRANSITO,53.7,3.86,123.99,8.99,61.31,4,1,59,62.35,879.64,NORMAL,0
U01200,SAUDE,45.65,1.99,148.52,50.4,81.35,4,1,93,70.13,1425.46,CRITICO,1
U08234,SAUDE,47.74,2.251,139.82,16.01,71.63,0,0,140,37.04,1320.24,NORMAL,0
U03859,TELECOM,41.64,1.392,69.57,58.1,38.04,5,0,47,38.48,502.11,NORMAL,0
U05584,TRANSITO,43.88,3.168,97.91,31.21,49.54,2,2,108,56.82,727.22,NORMAL,0
U05776,ENERGIA,50.1,2.765,125.83,22.97,66.72,1,2,57,89.57,1064.01,NORMAL,0
U04026,SAUDE,154.63,1.916,124.8,36.92,79.32,4,0,43,63.1,1447.8,CRITICO,1
U03767,ENERGIA,49.31,3.981,103.31,172.51,42.12,0,1,76,58.77,547.37,CRITICO,1
U04156,ENERGIA,47.99,2.688,110.77,10.64,47.43,3,1,75,60.14,757.42,NORMAL,0
U08729,SAUDE,36.17,1.859,92.46,30.1,47.69,4,0,94,15.0,841.62,NORMAL,0
U00544,SAUDE,34.46,3.473,119.23,170.56,57.07,2,0,110,70.26,769.8,NORMAL,0
U04392,ENERGIA,51.19,2.351,135.97,64.86,60.92,1,0,65,36.66,429.31,NORMAL,0
U08325,SAUDE,31.76,3.833,80.44,62.03,45.66,5,0,13,75.45,939.27,NORMAL,0
U05961,SAUDE,47.15,2.369,129.11,38.41,64.56,2,1,13,64.61,1176.56,NORMAL,0
U03793,SAUDE,53.93,2.757,130.67,18.23,65.13,4,0,70,94.98,1514.22,URGENTE,0
U04768,AGUA,44.68,2.789,132.8,76.91,86.49,5,1,16,71.91,1180.74,NORMAL,0
U09662,TELECOM,51.57,2.207,156.88,7.72,79.55,7,0,47,70.71,1236.99,NORMAL,1
U05910,ENERGIA,45.6,3.431,76.29,,48.6,1,0,86,57.49,1251.87,NORMAL,0
U07688,AGUA,49.67,2.923,94.27,112.98,69.69,4,0,80,86.68,670.78,NORMAL,0
U04882,ENERGIA,57.38,2.751,128.6,89.97,65.8,1,0,108,39.51,1233.03,NORMAL,0
U08533,AGUA,42.95,4.474,122.08,50.94,61.71,2,0,130,66.41,1070.31,URGENTE,0
U04348,SAUDE,34.77,3.183,117.02,41.56,67.85,2,0,91,90.59,1049.14,URGENTE,0
U07564,TRANSITO,42.36,3.165,152.45,59.16,74.27,3,1,106,46.12,1291.42,NORMAL,0
U03633,ENERGIA,47.9,3.36,101.0,,67.22,2,1,33,64.64,1105.22,URGENTE,0
U03674,TELECOM,62.34,,118.24,,61.18,2,1,69,66.48,1600.59,NORMAL,0
U01888,SAUDE,,1.658,89.52,21.08,58.03,8,1,18,69.56,1221.57,NORMAL,0
U07101,SAUDE,41.5,2.253,150.93,83.58,76.11,1,1,65,89.49,1380.21,NORMAL,0
U01566,AGUA,34.96,3.233,96.63,30.0,37.38,1,0,55,85.22,748.82,NORMAL,0
U00655,TELECOM,51.34,2.932,135.26,25.93,63.21,3,0,87,75.47,674.82,NORMAL,0
U06242,AGUA,45.1,,96.6,89.6,57.93,3,1,114,53.36,1216.94,NORMAL,0
U06953,SAUDE,40.18,3.241,106.17,16.62,46.77,4,1,59,76.86,890.41,NORMAL,0
U07021,SAUDE,45.1,2.517,110.87,45.86,51.39,5,4,70,60.15,768.61,NORMAL,0
U01466,SAUDE,35.96,1.561,108.48,68.97,59.57,1,3,65,66.28,1069.1,NORMAL,0
U01915,SAUDE,38.99,2.62,177.39,55.03,94.99,4,1,71,56.62,1523.46,NORMAL,0
U01667,ENERGIA,41.77,2.87,96.73,49.85,53.51,0,0,88,63.29,957.33,URGENTE,0
U09433,SAUDE,22.98,1.78,99.52,29.77,46.52,3,0,38,55.22,834.47,NORMAL,0
U01282,AGUA,43.68,3.761,134.11,88.43,80.98,1,0,18,69.18,1449.62,NORMAL,0
U06223,SAUDE,32.04,2.16,96.18,92.85,49.4,1,0,10,71.74,1372.26,NORMAL,0
U03570,AGUA,41.13,2.708,117.18,9.44,73.37,2,0,40,89.82,956.0,NORMAL,0
U01447,TELECOM,55.01,1.303,102.87,52.66,74.6,2,2,14,64.56,954.28,NORMAL,0
U00988,TELECOM,48.72,3.318,133.18,24.73,69.85,0,0,111,49.79,915.36,NORMAL,0
U09692,TRANSITO,45.11,2.618,120.48,51.03,63.58,3,0,123,54.97,1016.22,NORMAL,0
U05377,SAUDE,36.41,2.964,66.76,55.59,44.37,1,2,25,37.05,1176.09,NORMAL,0
U05669,AGUA,35.0,3.301,100.89,115.57,58.21,1,0,53,39.4,1084.16,NORMAL,0
U02821,TELECOM,49.29,1.808,113.64,69.68,68.02,3,1,10,76.8,794.31,NORMAL,0
U08351,TRANSITO,33.79,2.924,134.96,12.1,57.52,3,0,110,44.07,906.64,NORMAL,0
U04048,TELECOM,54.09,1.355,126.91,54.88,51.97,1,1,83,59.4,1042.26,NORMAL,0
U08819,SAUDE,40.32,2.195,102.92,32.63,79.69,2,0,61,63.53,1347.94,NORMAL,0
U04685,SAUDE,35.97,3.216,101.95,95.99,36.32,1,0,72,76.15,1078.92,NORMAL,0
U03184,ENERGIA,46.01,2.727,131.5,9.08,53.32,5,0,95,27.11,1173.7,CRITICO,1
U01637,TRANSITO,43.42,,145.96,39.31,73.36,1,2,106,76.11,1116.66,NORMAL,0
U01318,TELECOM,43.6,3.382,116.25,17.0,43.96,2,1,47,42.48,1135.21,NORMAL,0
U08128,SAUDE,50.03,1.968,160.09,46.22,65.82,3,0,128,86.77,1233.29,NORMAL,0
U03961,SAUDE,44.99,1.584,68.22,87.66,48.85,2,1,11,71.4,750.53,NORMAL,0
U00271,SAUDE,38.4,1.698,132.29,46.88,81.65,1,0,44,74.83,1408.95,NORMAL,0
U05275,TRANSITO,35.68,3.14,99.23,37.54,78.23,4,0,67,60.03,1224.49,NORMAL,0
U00291,ENERGIA,52.12,3.479,110.99,22.41,64.13,2,1,125,50.87,678.69,NORMAL,0
U02581,TRANSITO,29.55,3.238,104.42,147.54,57.1,0,0,78,71.5,1150.87,URGENTE,1
U03600,ENERGIA,51.04,3.337,123.95,,58.63,5,1,66,59.69,750.43,URGENTE,0
U09057,SAUDE,39.3,1.699,91.21,34.24,51.93,1,0,52,47.65,758.55,NORMAL,0
U07211,ENERGIA,,1.818,128.35,42.08,53.05,2,1,98,27.94,1048.68,NORMAL,0
U00679,SAUDE,31.52,2.951,43.5,36.97,7.89,3,1,114,59.68,364.17,NORMAL,0
U02322,SAUDE,36.27,3.575,126.62,9.01,59.59,2,2,77,59.8,1058.11,NORMAL,0
U04976,TELECOM,42.82,3.015,97.31,32.62,46.73,1,0,137,65.69,1059.17,NORMAL,0
U04243,TRANSITO,46.33,2.021,152.61,,80.36,1,1,120,40.91,1593.13,NORMAL,0
U04627,SAUDE,33.13,2.165,44.92,72.41,32.01,1,0,50,67.53,892.83,NORMAL,0
U08253,TELECOM,57.54,3.318,121.87,37.37,74.44,2,1,59,99.37,1161.77,NORMAL,0
U01618,TRANSITO,42.52,2.599,99.47,22.85,49.3,1,0,89,49.9,1038.55,NORMAL,0
U09796,ENERGIA,60.3,4.038,182.22,48.07,68.63,3,1,75,56.15,1119.29,NORMAL,0
U00107,AGUA,38.76,2.27,166.83,49.22,62.66,7,2,117,59.42,1150.83,NORMAL,0
U01869,ENERGIA,49.06,2.034,79.06,7.3,29.87,2,0,89,70.95,264.94,NORMAL,0
U03428,AGUA,41.25,,134.17,197.07,72.28,1,0,94,76.91,1222.22,URGENTE,0
U07682,TELECOM,37.03,2.319,59.45,50.61,30.69,2,1,82,46.58,808.84,NORMAL,0
U09615,AGUA,43.74,3.223,143.15,66.76,75.87,5,0,88,58.69,1317.36,NORMAL,0
U03183,SAUDE,39.6,1.932,159.14,13.24,83.84,5,0,48,51.3,1109.08,NORMAL,0
U00355,SAUDE,38.07,10.917,141.3,52.43,65.69,3,0,130,36.17,1317.8,NORMAL,1
U04713,SAUDE,44.62,3.093,188.94,72.39,100.0,1,0,118,84.57,1386.52,NORMAL,0
U07067,ENERGIA,49.8,11.458,101.13,15.18,63.22,5,1,62,76.61,1011.89,CRITICO,1
U05668,ENERGIA,45.12,3.643,92.59,22.71,45.47,5,0,114,89.45,971.85,NORMAL,0
U01215,SAUDE,43.64,2.662,140.77,60.5,55.24,7,0,127,65.71,1124.17,CRITICO,1
U05746,SAUDE,38.94,0.595,88.63,33.39,40.71,1,0,122,43.88,1090.96,URGENTE,0
U00691,SAUDE,41.05,1.756,66.68,48.64,37.56,1,0,21,67.68,1022.23,NORMAL,0
U03231,ENERGIA,46.01,2.88,140.41,136.81,55.83,4,1,91,91.16,1078.6,NORMAL,0
U08568,ENERGIA,54.51,4.354,149.25,84.93,72.01,8,2,48,64.43,847.18,NORMAL,0
U09701,ENERGIA,50.58,3.388,127.38,38.64,62.27,4,1,108,74.73,1361.49,NORMAL,0
U04782,ENERGIA,43.45,3.296,103.7,31.87,37.98,3,2,110,92.31,739.18,NORMAL,0
U03874,AGUA,44.25,1.76,109.33,75.05,49.52,0,0,76,51.29,990.06,NORMAL,0
U01027,AGUA,44.58,2.972,112.28,34.78,59.18,2,1,75,49.41,1154.68,NORMAL,0
U04270,SAUDE,43.75,2.015,156.79,77.45,53.24,1,0,114,67.77,818.26,NORMAL,0
U06190,TELECOM,44.36,3.103,101.81,36.46,53.23,6,0,80,78.07,979.57,NORMAL,0
U09104,ENERGIA,47.8,6.929,76.88,98.9,53.9,1,0,25,44.48,1239.97,URGENTE,1
U08182,TRANSITO,,3.111,122.7,47.22,34.36,3,2,130,61.78,642.73,URGENTE,0
U01677,ENERGIA,51.42,3.21,131.38,73.46,72.76,5,0,96,38.23,1221.45,NORMAL,0
U08394,ENERGIA,44.01,2.541,46.46,39.28,34.42,1,0,75,58.8,678.69,NORMAL,0
U07040,SAUDE,42.94,2.597,113.07,34.47,54.63,4,1,14,65.09,1129.95,URGENTE,0
U05139,TRANSITO,39.15,2.175,117.75,7.72,67.39,2,0,36,79.66,834.61,NORMAL,0
U09554,TRANSITO,46.59,2.686,145.68,121.68,61.28,4,0,122,53.51,1243.59,NORMAL,0
U03332,ENERGIA,53.57,3.014,156.64,74.77,74.95,5,0,62,59.57,1360.47,NORMAL,0
U03579,AGUA,44.03,2.8,147.85,24.1,72.02,2,0,40,100.0,1045.75,NORMAL,0
U01222,TRANSITO,48.12,2.543,99.96,83.84,43.55,2,0,58,60.92,910.37,NORMAL,0
U08755,ENERGIA,55.23,3.75,136.53,84.39,97.14,4,0,24,62.96,1411.84,CRITICO,1
U09624,SAUDE,44.94,3.94,132.49,25.93,70.87,4,0,95,52.95,1396.61,NORMAL,0
U04411,AGUA,41.3,4.304,106.11,37.37,54.31,4,0,122,59.18,752.43,URGENTE,0
U08372,TRANSITO,48.84,3.18,116.47,62.71,80.97,3,2,29,49.86,1239.28,URGENTE,1
U06984,TRANSITO,50.58,1.992,164.14,130.38,74.3,2,3,37,61.22,1406.53,NORMAL,0
U09402,TRANSITO,49.7,2.145,126.92,47.98,65.13,1,0,97,78.86,579.6,URGENTE,0
U06993,SAUDE,44.31,3.51,141.85,115.45,61.63,1,2,46,41.38,935.28,NORMAL,0
U08237,ENERGIA,54.19,3.672,107.93,73.78,61.5,4,1,85,72.54,974.55,NORMAL,0
U06252,SAUDE,44.51,2.946,95.45,32.63,50.76,3,0,127,65.1,755.67,NORMAL,0
U02331,TRANSITO,44.7,,177.53,95.88,87.55,3,0,108,81.72,1152.16,NORMAL,0
U08905,SAUDE,135.45,1.542,138.29,56.05,63.99,5,0,130,61.53,1119.44,NORMAL,0
U02146,TELECOM,50.39,3.193,94.05,108.57,62.92,1,0,80,68.51,1101.58,URGENTE,0
U02401,AGUA,45.05,3.955,130.19,52.37,70.8,0,0,68,59.15,1235.85,NORMAL,0
U01497,SAUDE,51.14,1.895,149.54,82.99,65.08,0,0,122,44.51,1298.33,NORMAL,0
U04918,TRANSITO,48.28,2.881,62.63,20.47,56.2,2,0,70,74.56,1159.09,URGENTE,0
U07860,ENERGIA,48.7,2.245,143.81,93.64,81.9,6,2,118,60.89,1315.17,URGENTE,0
U00442,ENERGIA,39.21,3.422,122.27,55.66,57.68,1,0,28,61.45,1678.14,NORMAL,0
U07728,TELECOM,46.91,2.331,117.77,,55.58,1,0,97,49.25,1003.51,NORMAL,0
U08753,SAUDE,50.52,1.94,97.25,38.65,60.34,3,1,101,80.02,1008.17,NORMAL,0
U05100,ENERGIA,48.27,2.994,132.03,79.68,79.22,2,1,48,55.18,790.47,URGENTE,1
U06192,TELECOM,45.43,1.959,98.6,21.94,52.39,4,0,135,52.3,873.45,NORMAL,0
U00060,TRANSITO,43.18,2.307,92.25,20.74,51.05,1,1,41,40.14,849.21,NORMAL,0
U09082,ENERGIA,39.1,3.503,121.6,38.99,73.29,2,1,15,48.17,965.39,NORMAL,0
U03354,TRANSITO,48.19,3.64,146.62,27.85,78.86,6,1,112,22.11,1452.81,CRITICO,1
U02295,ENERGIA,54.46,2.546,70.71,15.05,49.49,3,2,46,47.87,988.34,NORMAL,0
U02049,TRANSITO,42.54,2.019,98.93,22.96,54.54,1,0,52,81.68,913.56,NORMAL,0
U05308,SAUDE,41.79,2.268,113.94,50.96,60.74,2,1,137,57.32,1062.91,NORMAL,0
U08763,TELECOM,146.74,2.186,107.48,22.29,43.01,1,0,111,24.45,1193.25,NORMAL,0
U06331,TRANSITO,57.48,2.124,81.11,46.13,35.22,1,1,40,82.52,803.82,NORMAL,0
U08146,ENERGIA,45.87,2.687,101.71,63.59,59.75,6,0,29,26.21,1262.78,NORMAL,0
U08150,SAUDE,38.89,1.284,86.92,64.49,40.16,2,0,32,76.03,957.82,URGENTE,0
U05445,TELECOM,54.07,2.426,142.78,18.06,61.24,4,2,94,77.32,664.28,NORMAL,0
U00754,SAUDE,32.2,0.727,6.24,64.31,13.47,2,1,3,47.25,681.68,NORMAL,0
U07876,ENERGIA,53.67,3.046,107.45,93.94,58.43,2,0,20,76.14,856.62,NORMAL,0
U02025,AGUA,30.54,3.387,73.28,52.09,36.37,0,0,91,69.07,738.25,NORMAL,0
U06847,SAUDE,38.19,2.122,76.49,41.08,56.33,3,2,55,62.29,1221.77,NORMAL,0
U02790,ENERGIA,51.21,2.86,124.95,21.16,62.08,3,0,82,51.53,978.84,NORMAL,0
U01713,ENERGIA,48.29,4.284,105.82,58.27,57.8,3,0,117,51.78,998.49,URGENTE,1
U05987,SAUDE,48.55,1.936,121.75,24.22,66.98,1,0,59,59.72,1145.89,NORMAL,0
U04097,TRANSITO,52.75,2.77,119.64,54.4,71.85,4,0,26,66.96,1149.77,NORMAL,0
U04520,ENERGIA,44.35,2.601,116.22,,45.15,3,1,113,47.12,931.37,NORMAL,0
U01784,SAUDE,41.56,2.517,100.72,51.06,52.34,1,0,31,59.84,1021.01,NORMAL,0
U09306,SAUDE,40.0,3.942,144.76,215.24,64.38,2,0,108,15.59,1303.91,NORMAL,0
U03025,SAUDE,41.14,2.62,145.77,23.28,69.1,1,0,94,61.6,978.49,NORMAL,0
U04213,AGUA,43.33,2.978,70.48,57.84,49.24,0,1,5,58.85,860.2,NORMAL,0
U03112,AGUA,182.32,4.923,129.47,28.43,66.48,2,1,135,71.41,978.71,NORMAL,0
U07871,SAUDE,38.59,2.543,164.2,10.99,70.58,3,1,125,30.07,1059.19,NORMAL,0
U09757,AGUA,49.75,3.286,138.71,68.2,85.34,2,0,102,57.29,1343.63,CRITICO,1
U06995,TELECOM,54.63,2.099,155.17,,87.57,1,1,6,49.76,1165.11,CRITICO,1
U06014,AGUA,40.7,4.007,118.96,147.87,63.74,3,0,111,76.02,1124.05,URGENTE,0
U04785,ENERGIA,51.08,3.297,138.16,209.83,84.75,3,0,100,78.65,1133.73,NORMAL,0
U01757,TRANSITO,30.06,1.302,49.53,,28.93,2,0,6,67.9,692.5,URGENTE,0
U07944,ENERGIA,40.91,1.997,57.72,31.11,22.23,4,1,49,68.64,669.48,URGENTE,0
U07221,TRANSITO,52.38,3.595,103.41,7.49,54.93,1,0,104,52.05,855.7,URGENTE,0
U03696,TELECOM,51.1,2.101,161.18,6.79,62.58,3,1,30,67.33,1115.27,NORMAL,0
U05238,AGUA,44.54,4.051,105.64,42.58,56.03,2,0,4,49.25,1380.5,NORMAL,0
U00479,SAUDE,45.39,1.906,120.18,18.15,71.55,1,1,118,51.24,1411.72,NORMAL,0
U03561,ENERGIA,46.63,2.737,132.45,92.99,79.32,3,1,62,51.29,1326.97,NORMAL,0
U01248,SAUDE,38.4,1.773,122.81,36.6,70.57,2,1,117,56.57,1037.62,NORMAL,0
U05883,TRANSITO,46.47,2.422,139.45,90.97,59.59,4,0,63,48.08,1336.64,NORMAL,0
U06359,SAUDE,38.39,2.637,135.11,39.29,88.59,3,0,95,53.73,1059.65,NORMAL,0
U03345,TRANSITO,,3.46,151.92,9.14,69.67,1,2,49,79.23,1008.13,NORMAL,0
U00367,TELECOM,,2.582,205.71,5.44,97.46,2,1,113,60.26,1699.0,NORMAL,0
U05789,AGUA,42.54,2.354,79.69,9.97,63.97,2,0,58,84.44,1336.54,NORMAL,0
U09320,SAUDE,38.46,2.9,135.61,21.16,73.12,2,0,59,66.84,1204.87,NORMAL,0
U00164,TRANSITO,38.65,1.902,174.3,58.41,50.48,2,0,134,48.52,695.55,NORMAL,0
U00577,ENERGIA,41.19,2.829,89.93,15.4,35.41,2,0,38,71.09,436.93,NORMAL,0
U06929,ENERGIA,41.46,2.348,153.04,34.25,57.03,1,0,100,77.17,1103.95,NORMAL,0
U01846,TRANSITO,48.09,2.795,118.77,22.44,77.32,4,0,68,58.8,1501.77,NORMAL,0
U09365,SAUDE,36.18,1.833,117.82,15.25,64.88,0,3,99,65.42,842.85,NORMAL,0
U07465,TELECOM,36.7,3.204,133.85,71.56,81.54,3,0,28,59.41,1012.02,NORMAL,0
U09079,SAUDE,30.03,1.057,63.92,75.38,22.76,1,0,88,49.74,543.18,NORMAL,0
U00785,ENERGIA,43.38,3.273,113.63,54.39,59.79,5,1,99,61.57,1002.17,NORMAL,0
U05632,AGUA,42.96,3.577,98.46,,66.47,2,2,46,60.88,1311.6,NORMAL,0
U05172,TELECOM,59.38,,93.76,29.02,58.27,3,0,37,63.49,1388.34,NORMAL,0
U01881,ENERGIA,44.76,3.315,73.25,25.76,58.96,5,0,34,51.85,890.31,NORMAL,0
U07096,ENERGIA,48.16,3.657,80.83,65.9,63.34,3,0,50,66.43,675.81,NORMAL,0
U04134,ENERGIA,50.79,1.551,106.13,4.3,50.03,1,1,26,97.74,1028.92,NORMAL,0
U06244,ENERGIA,43.13,2.006,105.51,39.03,49.19,2,1,44,69.58,975.12,NORMAL,0
U05423,ENERGIA,40.56,3.551,74.3,41.2,56.5,3,0,65,60.49,672.08,URGENTE,1
U07849,TRANSITO,50.86,0.835,89.61,62.29,48.51,2,0,127,72.63,744.85,URGENTE,0
U06559,ENERGIA,56.28,2.511,140.68,8.13,69.07,4,0,72,59.47,1365.67,NORMAL,0
U02901,TELECOM,55.68,4.378,109.46,23.73,71.65,1,0,63,98.13,1632.61,NORMAL,0
U05182,AGUA,55.14,3.963,109.26,32.11,59.95,4,1,88,46.78,1444.75,NORMAL,0
U00035,ENERGIA,46.82,3.227,104.79,60.77,40.52,0,0,137,71.38,1057.99,NORMAL,0
U04958,ENERGIA,55.09,3.028,126.76,117.61,54.64,3,1,128,60.84,811.86,URGENTE,1
U06501,AGUA,33.29,2.855,108.07,26.98,46.29,3,0,66,15.0,1150.92,NORMAL,0
U00570,TELECOM,48.94,3.215,146.79,54.61,64.29,4,0,91,68.62,1138.72,NORMAL,0
U01471,AGUA,44.21,4.857,140.81,33.92,69.26,5,1,89,54.59,1494.5,NORMAL,0
U04343,AGUA,42.64,4.409,165.45,127.83,86.24,2,0,99,47.49,1320.71,CRITICO,1
U05131,SAUDE,41.85,1.806,142.24,18.24,75.48,6,1,109,50.87,1591.91,NORMAL,0
U01638,ENERGIA,43.34,4.54,138.17,52.25,58.48,2,1,137,58.18,1121.42,NORMAL,0
U06622,SAUDE,34.97,1.524,92.76,52.98,34.61,1,0,143,77.91,406.53,NORMAL,0
U09946,SAUDE,34.22,1.505,98.47,14.51,44.36,0,1,122,75.37,513.21,NORMAL,0
U00905,SAUDE,39.17,2.431,121.09,36.03,73.84,7,0,56,40.37,1032.44,URGENTE,0
U09810,SAUDE,42.89,2.463,158.77,50.75,73.53,1,0,132,69.13,1177.96,NORMAL,0
U02743,AGUA,40.11,,103.44,42.52,34.58,3,1,94,50.87,554.26,NORMAL,0
U03273,SAUDE,41.92,2.786,118.33,22.22,57.32,3,0,109,56.15,858.95,NORMAL,0
U07012,ENERGIA,46.06,1.891,33.77,6.99,32.56,3,0,15,84.53,817.39,NORMAL,0
U09911,AGUA,44.56,1.943,107.16,57.34,43.51,2,1,59,77.08,821.75,NORMAL,0
U02227,TELECOM,,3.737,74.32,8.88,58.32,3,0,36,48.27,525.26,NORMAL,0
U06469,SAUDE,49.35,2.328,150.16,37.84,74.4,3,1,86,73.19,902.35,URGENTE,1
U01463,TRANSITO,46.03,3.593,135.0,65.69,76.0,2,0,72,79.97,1492.19,NORMAL,0
U03590,SAUDE,41.24,0.214,94.0,36.17,43.92,2,1,80,57.95,934.66,NORMAL,0
U09186,TRANSITO,51.4,3.354,154.04,48.87,86.97,6,1,72,67.06,813.23,CRITICO,1
U07252,ENERGIA,43.33,2.606,125.5,21.68,60.15,1,0,79,68.19,862.27,NORMAL,0
U08931,ENERGIA,46.33,,131.56,10.71,56.48,2,0,134,81.4,1040.75,NORMAL,0
U04638,ENERGIA,46.67,1.987,94.99,75.97,35.73,0,1,79,60.48,856.58,NORMAL,0
U02947,SAUDE,34.57,2.361,116.31,23.8,47.69,3,1,116,85.76,931.53,NORMAL,0
U05051,TRANSITO,52.14,2.681,119.13,51.18,64.07,4,1,26,39.5,923.99,NORMAL,0
U04437,ENERGIA,50.73,4.015,147.58,59.76,64.51,2,0,128,86.55,1072.84,NORMAL,0
U08559,ENERGIA,49.34,4.076,105.65,25.8,71.22,4,1,21,56.09,1511.37,NORMAL,0
U05652,ENERGIA,39.73,2.333,118.63,84.26,46.93,2,0,79,41.54,1157.92,NORMAL,0
U03120,ENERGIA,42.08,4.263,128.12,8.11,63.98,4,1,12,60.0,722.77,NORMAL,0
U04680,AGUA,40.23,3.556,121.62,21.16,70.22,0,1,69,29.17,1475.65,NORMAL,0
U01535,AGUA,39.69,2.805,161.9,24.49,76.11,1,1,33,62.56,1431.64,NORMAL,0
U03471,TRANSITO,,2.935,139.38,40.13,80.93,2,2,66,72.16,932.19,NORMAL,0
U05797,SAUDE,171.79,,118.73,85.39,59.24,3,2,54,90.03,996.63,NORMAL,0
U03103,TRANSITO,44.14,2.728,112.23,24.43,55.49,3,0,64,74.46,1311.55,NORMAL,0
U01068,SAUDE,45.03,2.66,153.76,61.39,66.69,2,0,103,62.75,868.38,NORMAL,0
U09986,ENERGIA,52.12,3.563,140.43,33.64,65.67,5,0,119,58.14,1543.87,NORMAL,0
U06183,TELECOM,53.84,2.372,93.07,,54.57,4,1,48,34.1,703.8,NORMAL,0
U05056,AGUA,44.3,3.345,64.95,81.75,57.0,3,1,13,31.34,825.51,NORMAL,0
U09528,ENERGIA,176.78,2.583,145.01,24.18,73.77,2,0,44,80.81,1247.24,NORMAL,0
U00800,ENERGIA,45.19,3.024,101.37,21.77,60.73,2,0,65,82.02,1248.82,NORMAL,0
U01167,ENERGIA,46.84,3.525,93.96,67.06,64.46,4,3,8,56.71,1160.21,NORMAL,0
U01762,TELECOM,53.88,3.165,86.09,53.92,54.84,4,0,23,48.07,1012.66,NORMAL,0
U05069,AGUA,40.74,2.335,147.23,58.71,66.39,3,0,90,73.94,1305.62,NORMAL,0
U09070,TELECOM,49.39,3.498,117.65,,66.2,5,2,90,77.79,1165.77,NORMAL,0
U00314,TELECOM,52.29,1.466,144.01,88.08,68.76,6,0,91,62.09,1365.84,URGENTE,0
U07923,ENERGIA,53.38,3.213,108.52,66.13,54.42,1,2,61,56.4,892.56,NORMAL,0
U08840,ENERGIA,50.84,3.499,108.9,63.16,52.71,1,0,24,47.41,1127.47,NORMAL,0
U06811,AGUA,33.19,2.475,117.12,35.91,55.25,0,1,53,61.4,1425.76,NORMAL,0
U02043,ENERGIA,52.13,4.312,128.25,121.51,67.64,4,1,132,55.46,1115.14,NORMAL,0
U06555,TRANSITO,52.76,3.093,93.17,51.96,55.9,4,0,23,42.21,915.46,NORMAL,0
U03964,SAUDE,40.95,2.328,148.86,32.43,66.61,1,0,105,42.73,1343.15,NORMAL,0
U00896,TRANSITO,45.52,2.588,108.88,51.26,61.18,2,0,11,44.23,796.15,NORMAL,0
U04710,ENERGIA,204.23,3.589,84.95,,37.36,2,1,27,89.51,551.65,NORMAL,0
U00558,SAUDE,38.99,4.028,120.23,32.45,51.73,3,0,134,94.36,680.48,NORMAL,0
U09636,AGUA,40.25,2.865,88.48,27.84,66.06,2,0,17,45.71,1109.1,NORMAL,0
U02158,TELECOM,43.13,,137.81,106.52,61.09,4,1,100,63.15,947.44,NORMAL,0
U03500,ENERGIA,50.17,3.265,128.04,20.6,58.39,2,0,106,46.55,744.71,NORMAL,0
U01379,ENERGIA,,3.386,106.71,129.68,77.77,2,1,38,79.12,1138.6,NORMAL,0
U04077,ENERGIA,66.11,3.947,153.06,96.27,82.2,3,2,50,52.17,426.85,NORMAL,0
U04854,TELECOM,52.16,3.319,143.11,67.92,60.35,3,0,141,77.49,756.17,URGENTE,0
U08385,ENERGIA,45.39,3.884,103.15,59.57,57.26,7,1,97,68.41,815.57,NORMAL,0
U00979,ENERGIA,42.81,,87.84,57.65,58.82,5,0,41,85.21,1678.37,NORMAL,0
U09835,AGUA,46.81,2.403,72.69,50.92,47.67,1,1,7,88.67,665.27,NORMAL,0
U02810,TELECOM,53.35,3.215,145.21,,79.79,1,0,107,62.12,1221.93,NORMAL,0
U02958,SAUDE,34.95,,173.18,38.28,82.5,2,2,62,36.67,1198.17,NORMAL,0
U08273,TRANSITO,42.09,,116.05,48.67,33.71,1,0,95,68.12,748.82,NORMAL,0
U04887,ENERGIA,45.2,3.713,120.11,76.85,65.7,0,0,48,66.3,1175.04,NORMAL,0
U00440,ENERGIA,50.43,2.611,57.26,63.12,35.5,0,0,39,63.89,1273.67,NORMAL,0
U08792,ENERGIA,47.82,,154.07,,69.12,1,0,94,52.22,1110.9,URGENTE,0
U05691,ENERGIA,49.22,3.798,154.76,43.66,76.5,4,2,138,72.36,747.35,NORMAL,0
U08536,SAUDE,45.8,2.162,156.21,54.37,68.6,1,1,115,78.18,991.23,NORMAL,0
U04431,TRANSITO,40.25,2.856,167.01,39.44,76.76,1,0,42,69.7,1563.41,NORMAL,0
U07430,TRANSITO,49.62,1.258,129.75,54.46,78.94,6,0,92,68.57,1326.61,NORMAL,0
U06719,TRANSITO,49.64,2.761,161.07,58.16,62.69,1,0,132,40.56,852.6,URGENTE,1
U00893,ENERGIA,53.24,3.476,117.54,37.6,50.02,3,0,99,60.29,520.83,NORMAL,0
U06999,ENERGIA,38.62,1.242,53.55,43.93,12.22,2,0,10,62.41,435.8,NORMAL,0
U05867,ENERGIA,48.13,3.534,95.96,7.56,43.68,1,0,130,61.11,1265.72,NORMAL,0
U02190,TRANSITO,,1.98,76.59,80.61,55.31,3,0,35,93.99,1087.13,NORMAL,0
U03510,ENERGIA,42.56,,138.8,17.47,57.7,1,0,74,69.67,1257.08,NORMAL,0
U04061,AGUA,37.74,4.04,136.15,27.58,69.55,0,0,64,80.94,1044.08,NORMAL,0
U05637,SAUDE,57.49,2.526,102.86,17.08,67.36,5,0,50,73.9,664.98,NORMAL,0
U06182,SAUDE,48.93,3.263,214.59,49.85,84.6,5,0,103,65.88,1503.77,CRITICO,1
U04810,SAUDE,32.46,2.26,123.2,97.12,61.12,2,0,60,54.32,1070.56,NORMAL,0
U06179,ENERGIA,55.81,3.17,192.6,,77.05,3,0,93,85.17,1360.76,NORMAL,0
U00642,ENERGIA,53.88,2.776,109.0,24.59,71.0,1,2,93,86.75,1043.72,NORMAL,0
U09934,ENERGIA,46.4,3.245,114.67,34.91,54.04,3,0,46,45.05,1114.09,NORMAL,0
U06339,AGUA,,3.539,105.45,36.01,68.56,5,0,57,20.0,1082.41,NORMAL,0
U09124,TELECOM,48.48,1.788,118.92,124.24,43.06,3,0,62,63.9,1001.74,NORMAL,0
U04709,ENERGIA,40.68,3.065,129.68,103.84,72.88,1,0,18,70.19,1378.8,URGENTE,0
U09202,ENERGIA,54.15,3.164,128.26,,56.23,5,0,59,48.92,1054.88,NORMAL,0
U03080,SAUDE,35.57,2.287,102.97,5.21,70.7,4,0,11,87.93,1041.43,NORMAL,0
U07638,SAUDE,43.25,3.059,119.59,19.1,56.91,3,1,142,30.38,690.27,NORMAL,0
U07721,TRANSITO,48.33,2.24,140.79,30.78,64.42,8,0,26,76.64,805.02,NORMAL,0
U09647,TRANSITO,37.2,1.875,51.69,98.64,20.1,3,2,41,54.39,913.81,NORMAL,0
U09390,ENERGIA,35.58,2.974,80.21,71.14,28.65,2,0,73,74.61,885.26,NORMAL,0
U04047,TRANSITO,38.18,2.404,91.94,29.62,50.47,1,1,76,73.11,709.14,NORMAL,0
U02667,SAUDE,46.3,2.728,96.23,53.09,45.88,2,0,114,69.63,1114.75,NORMAL,0
U07166,TRANSITO,44.89,3.567,132.12,10.48,78.17,1,1,135,32.16,1338.73,URGENTE,1
U02516,ENERGIA,49.21,3.363,138.52,87.85,64.87,2,0,115,77.37,1459.44,NORMAL,0
U03448,AGUA,45.5,2.687,130.91,,60.41,4,1,93,53.91,1165.34,NORMAL,0
U00737,ENERGIA,48.9,2.509,130.9,82.47,70.75,4,2,108,51.2,1410.66,NORMAL,0
U07264,TRANSITO,46.63,1.542,132.5,11.24,63.39,2,1,56,69.59,978.16,URGENTE,0
U07754,TELECOM,52.78,1.555,92.39,10.87,41.32,3,1,43,66.28,727.11,NORMAL,0
U09654,SAUDE,41.53,3.247,164.79,106.81,89.97,5,0,90,78.52,1402.79,NORMAL,0
U01684,ENERGIA,45.2,3.577,62.11,,50.89,4,0,74,56.36,837.55,URGENTE,1
U00316,SAUDE,38.26,3.752,161.17,47.75,91.82,8,2,18,88.03,1730.29,NORMAL,0
U01612,TRANSITO,44.41,2.773,127.68,62.98,57.92,1,0,131,50.27,1201.29,NORMAL,0
U02174,TRANSITO,42.88,1.614,144.42,67.31,64.37,2,0,117,97.01,954.74,NORMAL,0
U01572,TELECOM,44.68,2.394,178.84,72.69,74.45,2,0,67,86.03,1205.5,NORMAL,0
U08980,TRANSITO,50.54,4.394,141.82,24.92,99.08,6,0,35,62.1,1619.09,NORMAL,0
U04534,SAUDE,46.31,2.929,52.96,163.17,48.29,3,1,16,60.6,1078.59,NORMAL,0
U08513,TRANSITO,42.1,2.215,128.89,23.96,57.26,2,3,98,33.19,783.15,NORMAL,0
U08030,AGUA,50.87,3.741,144.92,55.42,67.16,1,0,112,59.47,1209.62,CRITICO,0
U01259,ENERGIA,49.11,2.382,87.7,,58.21,2,0,4,61.25,1337.41,NORMAL,0
U08481,AGUA,41.69,2.541,126.21,27.74,53.46,2,1,82,55.35,1255.41,NORMAL,0
U05907,SAUDE,40.42,3.483,155.61,22.35,96.34,3,0,51,56.6,1362.8,CRITICO,1
U03743,TRANSITO,53.17,1.943,157.96,12.71,83.89,6,0,114,94.31,1105.23,NORMAL,0
U01533,TRANSITO,46.16,4.004,141.49,41.06,87.21,4,0,41,100.0,1201.87,NORMAL,0
U03951,ENERGIA,53.8,4.092,78.74,,68.55,2,0,22,81.24,1052.98,NORMAL,0
U01203,TELECOM,48.89,2.62,155.58,114.15,52.3,4,0,136,37.76,1236.13,NORMAL,0
U05703,SAUDE,42.05,1.708,76.88,26.74,29.23,3,0,90,50.07,837.28,NORMAL,0
U08549,TELECOM,51.69,3.755,88.54,2.48,57.05,2,3,71,81.92,970.87,NORMAL,0
U02765,ENERGIA,48.08,3.182,109.86,35.99,58.2,2,1,100,59.96,916.28,NORMAL,0
U05197,TRANSITO,46.05,2.208,142.37,2.77,70.04,1,3,71,58.26,1076.41,NORMAL,0
U01021,ENERGIA,45.37,3.856,143.06,102.97,64.86,5,1,135,57.97,1274.69,NORMAL,0
U01512,TELECOM,51.99,1.232,112.98,76.03,52.82,2,0,104,64.56,1019.5,NORMAL,0
U00777,TRANSITO,195.28,3.268,143.73,,96.47,3,0,3,38.86,1218.15,CRITICO,1
U06247,AGUA,34.79,4.467,154.63,34.13,67.43,3,0,93,60.59,821.92,NORMAL,0
U06743,TRANSITO,43.45,2.917,102.69,51.77,55.15,0,2,4,40.86,1141.19,NORMAL,0
U08040,SAUDE,33.92,1.977,103.09,12.41,40.61,5,0,65,43.12,1140.98,NORMAL,0
U07530,ENERGIA,45.38,3.678,160.29,117.7,80.9,4,0,108,38.99,1094.11,NORMAL,1
U01753,ENERGIA,58.74,4.514,163.0,36.73,84.39,4,2,24,95.53,1344.02,NORMAL,0
U08506,AGUA,51.67,1.863,113.95,21.07,50.01,1,0,79,91.51,875.12,NORMAL,0
U04599,TELECOM,47.02,3.499,172.09,95.13,73.96,6,0,95,95.45,1096.73,NORMAL,0
U07933,ENERGIA,50.32,3.218,124.54,13.51,63.87,2,0,66,74.27,1348.49,NORMAL,0
U02895,ENERGIA,48.69,3.24,111.01,6.61,64.14,3,1,15,74.53,1052.18,NORMAL,0
U03536,SAUDE,30.7,2.693,13.03,32.24,6.12,1,0,59,87.2,865.71,NORMAL,0
U03840,SAUDE,37.0,1.276,128.81,60.83,50.0,1,0,138,61.85,799.62,NORMAL,0
U02678,SAUDE,33.59,2.479,49.9,26.68,37.96,2,0,52,30.53,920.83,NORMAL,0
U07683,ENERGIA,49.65,2.625,72.33,59.69,29.03,3,2,102,56.1,648.29,NORMAL,0
U02248,AGUA,40.36,1.988,97.52,60.1,39.43,2,0,76,85.85,547.01,NORMAL,0
U04981,TELECOM,52.79,,116.96,19.94,61.03,4,0,17,74.58,1130.95,NORMAL,0
U05999,SAUDE,41.92,1.706,127.57,39.2,47.13,0,0,116,60.56,434.01,NORMAL,0
U06417,TRANSITO,38.01,1.889,154.76,16.69,58.9,5,0,124,52.49,1079.16,NORMAL,0
U00391,TRANSITO,44.22,4.297,147.15,44.73,100.0,5,2,67,41.2,1805.04,CRITICO,1
U00511,ENERGIA,45.44,4.021,141.2,174.75,60.59,2,1,137,85.44,1127.57,NORMAL,0
U01387,SAUDE,44.64,2.408,141.92,17.61,64.23,2,0,107,77.51,1393.46,NORMAL,0
U01861,SAUDE,48.3,2.412,166.11,184.04,79.51,4,0,75,71.71,591.11,URGENTE,0
U02948,ENERGIA,53.54,3.923,78.08,22.04,33.91,0,0,78,58.37,975.14,NORMAL,0
U03959,ENERGIA,53.39,2.898,83.09,55.59,57.44,4,0,77,43.53,538.8,CRITICO,1
U00732,AGUA,43.58,2.484,145.39,94.13,57.77,2,0,71,43.87,1367.96,NORMAL,0
U08825,ENERGIA,47.59,4.352,101.95,133.13,72.12,6,1,29,37.41,1620.02,URGENTE,1
U02781,TELECOM,59.72,2.494,96.44,29.37,54.04,5,0,42,81.84,946.21,URGENTE,0
U05555,AGUA,42.76,11.579,163.42,19.13,75.37,2,0,72,72.22,1056.52,CRITICO,1
U04088,ENERGIA,52.84,,110.55,49.42,48.99,3,0,136,52.36,1092.23,NORMAL,0
U09274,TELECOM,47.45,,82.01,2.0,50.49,2,0,36,49.13,896.39,NORMAL,0
U04051,ENERGIA,41.7,2.103,142.17,48.82,55.65,0,0,69,84.99,1087.76,NORMAL,0
U07776,ENERGIA,52.2,3.427,153.2,89.12,72.18,3,0,126,59.52,1200.86,CRITICO,1
U01528,AGUA,44.61,3.23,107.46,24.42,67.76,0,0,110,62.73,1061.43,NORMAL,0
U00343,SAUDE,36.98,1.171,122.55,54.93,62.99,3,0,61,70.19,992.96,URGENTE,0
U00110,ENERGIA,49.74,2.593,119.95,23.35,71.34,1,0,68,62.02,1239.89,URGENTE,0
U00863,SAUDE,31.75,2.046,140.61,95.09,59.82,5,0,73,76.84,1187.37,NORMAL,0
U04602,TELECOM,42.58,3.455,133.12,13.15,39.76,0,1,47,73.28,226.94,NORMAL,0
U01720,SAUDE,40.97,1.356,106.74,81.86,56.9,2,1,19,44.05,1206.87,NORMAL,0
U06086,SAUDE,53.03,3.313,98.96,69.95,88.72,1,0,78,77.7,1727.21,URGENTE,1
U02037,ENERGIA,43.8,2.732,71.49,192.11,49.24,3,0,27,80.44,531.56,NORMAL,0
U08023,TRANSITO,49.09,3.388,164.08,35.67,79.76,4,1,133,90.94,1308.66,NORMAL,0
U04715,TELECOM,46.84,3.167,120.18,44.37,71.02,3,0,16,89.08,1158.9,NORMAL,0
U04447,TRANSITO,,2.118,160.72,125.97,70.21,1,0,68,43.29,1034.04,NORMAL,0
U08565,SAUDE,43.32,2.842,132.9,90.4,100.0,3,0,77,65.09,1709.99,NORMAL,0
U03870,AGUA,36.17,3.014,67.91,37.69,29.07,2,0,31,79.28,617.66,NORMAL,0
U02819,ENERGIA,48.79,2.254,79.49,39.11,35.26,2,2,39,97.86,533.95,NORMAL,0
U07036,TRANSITO,48.96,2.92,155.23,73.11,76.58,1,1,79,64.49,1423.23,NORMAL,0
U02100,SAUDE,35.17,1.563,104.64,48.16,55.94,1,0,65,62.5,1352.47,NORMAL,0
U02501,ENERGIA,50.13,2.117,133.59,9.7,73.19,1,0,5,81.63,1459.38,NORMAL,0
U06218,SAUDE,42.64,1.258,61.84,34.36,40.57,4,0,89,37.16,913.3,NORMAL,0
U04021,AGUA,39.13,3.246,105.33,37.32,67.53,0,2,106,76.43,1336.93,NORMAL,0
U09219,TRANSITO,,2.557,127.42,34.15,53.64,4,0,126,49.71,638.38,NORMAL,0
U06025,SAUDE,47.43,2.642,64.28,41.4,35.89,1,0,41,50.92,1042.54,NORMAL,0
U03122,TRANSITO,41.34,2.81,150.55,68.38,80.96,1,1,18,71.56,827.98,NORMAL,0
U00258,TELECOM,48.97,2.929,155.77,48.25,77.87,2,0,76,58.16,1008.35,NORMAL,0
U08224,TELECOM,51.84,3.55,135.67,74.91,87.43,2,1,94,63.53,1426.9,CRITICO,1
U06195,AGUA,38.09,3.921,94.81,78.17,62.58,4,0,73,61.1,1093.86,NORMAL,0
U06972,AGUA,38.99,3.816,84.71,92.8,46.88,1,0,71,87.72,1293.11,NORMAL,0
U08778,AGUA,138.8,1.764,109.39,50.47,71.84,6,0,14,69.04,999.68,URGENTE,0
U02432,SAUDE,52.28,3.084,114.95,97.97,67.95,2,1,144,52.55,973.74,NORMAL,0
U08952,TELECOM,40.13,3.107,112.03,27.29,59.97,5,0,86,79.84,1303.65,NORMAL,0
U05540,SAUDE,36.9,2.924,161.71,10.62,76.19,2,0,59,54.28,991.2,NORMAL,0
U02568,SAUDE,47.75,2.875,111.01,31.16,58.59,4,0,67,80.35,1488.32,NORMAL,0
U03550,SAUDE,39.06,,63.83,67.32,35.27,1,0,84,66.51,685.86,NORMAL,0
U05688,TRANSITO,51.96,2.385,146.27,70.61,64.8,3,0,113,69.51,1166.15,NORMAL,0
U00359,ENERGIA,57.06,4.424,122.98,29.47,65.05,3,0,38,53.49,822.09,URGENTE,0
U03444,TELECOM,47.42,2.943,101.03,21.79,55.72,4,0,55,56.34,848.86,NORMAL,0
U00175,TELECOM,51.32,3.258,112.94,33.43,77.56,2,0,24,62.9,1157.77,NORMAL,0
U04418,ENERGIA,48.34,2.958,109.01,34.36,53.07,5,0,94,72.74,1446.63,URGENTE,0
U02151,AGUA,41.86,1.727,100.73,29.24,53.54,4,0,78,31.11,1195.8,NORMAL,0
U08008,AGUA,36.43,1.606,117.98,152.69,55.02,7,0,61,57.06,625.96,NORMAL,0
U03457,SAUDE,49.41,2.584,136.9,40.98,68.14,4,0,75,63.53,1206.19,NORMAL,0
U02483,ENERGIA,54.1,3.462,114.21,21.72,66.71,3,0,22,62.48,1241.98,NORMAL,0
U03823,AGUA,43.18,2.254,93.04,21.95,44.16,2,0,58,47.1,507.29,NORMAL,0
U08404,TRANSITO,52.03,3.419,92.15,23.91,50.6,1,0,47,82.48,692.87,NORMAL,0
U05442,TRANSITO,47.96,3.469,170.17,15.58,74.88,3,1,141,62.91,1552.86,NORMAL,0
U07888,ENERGIA,54.67,2.882,109.02,41.01,57.6,4,0,91,78.15,1338.57,NORMAL,0
U02635,ENERGIA,44.9,2.932,93.59,,26.25,1,0,47,62.53,922.14,NORMAL,0
U04151,ENERGIA,49.45,2.94,166.9,116.81,74.46,1,0,86,66.78,1043.86,URGENTE,1
U04279,TRANSITO,40.52,2.097,74.72,91.19,39.08,4,0,73,55.84,813.75,NORMAL,0
U08215,ENERGIA,51.14,3.234,40.68,80.48,36.54,2,1,52,73.88,1048.96,NORMAL,0
U02809,TELECOM,41.0,1.66,76.7,40.57,41.73,1,1,50,55.17,761.95,NORMAL,0
U09313,AGUA,31.02,3.002,129.77,37.19,57.74,2,0,120,65.02,1084.57,NORMAL,0
U07325,ENERGIA,52.24,,199.74,29.06,88.6,2,0,128,77.41,1012.82,CRITICO,1
U00659,TELECOM,48.49,2.64,84.32,64.19,52.48,2,0,11,43.84,1171.66,NORMAL,0
U02089,SAUDE,42.14,2.029,112.15,26.11,55.63,5,0,114,79.91,796.55,NORMAL,0
U02782,TELECOM,49.77,2.719,141.83,20.69,73.45,4,1,124,45.54,1351.26,CRITICO,1
U02106,AGUA,47.26,2.832,118.49,46.88,64.76,3,1,24,69.96,1395.69,NORMAL,0
U04356,TELECOM,46.03,2.229,137.59,33.59,87.73,1,0,95,60.64,714.69,NORMAL,0
U04078,TELECOM,,2.971,109.73,40.83,72.13,2,1,74,60.97,649.54,URGENTE,0
U06058,ENERGIA,46.81,2.418,147.17,64.63,79.44,2,2,143,56.12,1738.24,NORMAL,0
U04184,ENERGIA,45.2,3.335,92.93,69.32,65.0,0,1,107,80.01,1025.47,NORMAL,0
U00781,AGUA,41.7,2.683,106.63,16.42,61.94,2,1,130,46.37,1397.04,NORMAL,0
U04925,ENERGIA,55.31,2.098,78.98,51.54,41.48,1,0,34,53.19,659.83,NORMAL,0
U06950,AGUA,30.87,3.608,118.5,73.1,47.96,1,0,37,67.3,711.18,NORMAL,0
U06347,AGUA,44.82,3.167,102.41,34.18,56.31,4,0,122,55.21,1130.53,NORMAL,0
U07348,SAUDE,46.15,1.865,108.31,35.52,60.41,2,0,42,65.51,840.77,NORMAL,0
U06307,TRANSITO,,2.872,89.75,97.13,25.91,2,1,134,43.03,777.31,CRITICO,1
U01564,TRANSITO,47.86,4.03,128.49,30.07,62.12,5,1,64,77.64,1124.65,NORMAL,0
U03678,SAUDE,38.77,3.672,97.18,41.45,59.93,1,1,45,92.78,681.53,URGENTE,0
U06803,TRANSITO,47.18,2.959,161.85,21.07,81.89,4,1,119,71.09,1215.22,NORMAL,0
U07835,ENERGIA,43.45,3.639,82.45,21.21,47.05,3,0,100,61.6,689.6,NORMAL,0
U02879,SAUDE,41.63,3.331,131.74,16.26,73.27,3,1,21,91.84,1281.41,NORMAL,0
U05041,ENERGIA,48.29,3.789,115.45,11.84,68.47,3,2,79,57.68,1464.64,NORMAL,0
U08699,AGUA,40.74,4.666,90.77,36.33,51.18,3,0,115,88.22,1017.59,NORMAL,0
U07628,ENERGIA,56.01,4.167,183.86,14.89,99.44,0,0,72,53.68,1243.8,NORMAL,0
U03331,TRANSITO,56.74,2.197,70.29,55.03,65.11,3,0,43,51.63,614.9,URGENTE,0
U06382,ENERGIA,52.65,3.9,93.26,18.78,55.03,2,1,71,59.23,1154.02,NORMAL,0
U08883,TELECOM,50.53,2.904,143.46,8.79,87.71,2,1,44,55.52,1696.82,NORMAL,0
U03174,ENERGIA,52.56,3.455,87.51,28.83,63.77,0,1,17,66.64,1085.77,NORMAL,0
U07839,SAUDE,38.22,2.422,51.04,36.0,38.86,0,0,60,81.72,621.64,NORMAL,0
U07381,SAUDE,49.5,4.051,199.69,67.36,100.0,3,0,91,58.24,1312.33,NORMAL,0
U09385,AGUA,36.25,2.176,109.06,31.69,46.51,1,0,19,53.19,1019.65,CRITICO,0
U06499,TELECOM,48.37,1.053,75.46,128.24,57.94,2,1,20,59.02,1313.03,NORMAL,0
U03626,TELECOM,52.85,4.3,136.09,,88.74,1,0,9,74.56,878.79,NORMAL,0
U02465,ENERGIA,48.34,3.591,63.46,49.74,41.32,1,0,6,45.62,570.09,NORMAL,0
U00712,TELECOM,50.66,1.896,93.83,13.15,48.05,3,0,78,77.5,1126.11,NORMAL,0
U02971,TELECOM,39.25,1.707,89.18,37.38,45.19,1,0,116,57.1,338.15,NORMAL,0
U04733,ENERGIA,48.27,2.255,78.57,66.43,34.03,2,0,19,68.99,984.09,NORMAL,0
U06204,TELECOM,44.64,2.538,142.47,,79.43,1,0,65,74.64,1086.5,NORMAL,0
U06355,ENERGIA,39.05,2.08,106.76,15.85,52.89,0,0,72,45.52,1346.01,CRITICO,1
U04423,TRANSITO,33.01,2.504,83.09,68.53,19.46,2,0,112,81.83,304.03,NORMAL,0
U08927,SAUDE,44.83,2.705,153.21,,60.22,2,0,127,72.56,742.17,NORMAL,0
U03437,SAUDE,,2.605,126.48,33.78,47.11,0,1,137,39.93,946.39,NORMAL,0
U03016,ENERGIA,129.75,4.436,128.97,75.0,80.96,2,0,29,55.82,1073.65,NORMAL,0
U08122,TELECOM,,1.947,136.28,18.35,69.65,1,0,97,90.02,1460.48,NORMAL,0
U00993,TRANSITO,51.53,2.868,101.37,29.13,55.41,0,0,61,46.01,861.35,NORMAL,0
U07119,SAUDE,,,18.48,27.2,24.3,3,0,18,82.47,20.0,NORMAL,0
U03834,SAUDE,38.85,1.542,102.82,26.84,52.9,3,0,79,67.89,1009.53,URGENTE,0
U01561,SAUDE,40.28,3.553,172.42,66.9,73.29,4,0,81,76.19,1089.22,NORMAL,0
U02115,TELECOM,56.24,2.204,158.48,,65.66,4,1,132,67.55,1646.68,NORMAL,0
U04579,TRANSITO,47.32,2.71,104.95,58.6,56.91,2,0,78,73.07,1184.07,NORMAL,0
U05817,ENERGIA,52.55,2.979,101.74,29.46,52.68,5,0,25,64.59,932.48,NORMAL,0
U09003,TELECOM,46.46,1.688,106.65,107.26,62.5,2,0,29,62.87,1008.29,CRITICO,1
U02954,SAUDE,40.7,,121.64,71.3,65.33,4,0,15,51.3,1315.23,NORMAL,0
U00676,SAUDE,,2.183,70.95,19.42,32.19,2,0,111,46.0,657.99,NORMAL,0
U01719,SAUDE,41.55,3.195,104.86,39.73,78.86,3,1,9,88.68,1040.02,NORMAL,0
U05657,AGUA,35.45,2.396,129.7,16.14,46.04,2,0,134,30.32,903.64,NORMAL,0
U09256,ENERGIA,50.37,3.889,64.41,10.01,50.94,1,0,24,64.57,935.45,NORMAL,0
U05962,ENERGIA,37.8,2.969,104.46,70.2,65.19,0,1,7,51.12,825.95,NORMAL,0
U07989,SAUDE,36.27,2.05,98.68,18.32,63.58,5,1,67,85.4,1079.51,NORMAL,0
U05344,TRANSITO,,3.101,121.85,18.33,74.86,2,2,87,32.68,1576.69,NORMAL,0
U09262,AGUA,31.97,,96.09,69.11,19.79,2,0,132,63.81,803.67,NORMAL,0
U01651,SAUDE,46.8,3.253,168.94,93.9,100.0,3,1,41,100.0,1580.67,NORMAL,0
U00194,AGUA,49.68,2.815,153.51,2.0,100.0,1,1,51,61.21,1565.84,NORMAL,0
U07770,ENERGIA,55.13,2.029,94.17,136.23,73.24,2,1,34,52.67,1494.44,NORMAL,0
U08959,ENERGIA,53.26,2.336,135.97,41.77,75.18,3,0,115,47.11,997.3,URGENTE,0
U02718,SAUDE,41.88,2.904,129.92,78.16,45.7,3,0,125,39.93,1319.85,NORMAL,0
U04241,TELECOM,48.73,3.079,84.63,22.41,45.3,2,1,86,72.86,1095.93,URGENTE,0
U04104,TRANSITO,49.73,1.729,91.82,98.03,56.74,2,0,16,95.22,838.94,NORMAL,0
U09480,ENERGIA,53.37,3.615,193.54,36.5,99.04,6,0,52,60.16,1582.75,NORMAL,0
U06324,TRANSITO,50.71,2.801,119.13,,72.16,3,0,63,90.26,1564.98,NORMAL,0
U06615,ENERGIA,,2.32,102.35,28.26,62.39,2,0,14,50.34,1164.78,NORMAL,0
U09739,TELECOM,49.77,1.745,111.3,43.69,24.83,1,1,144,71.28,730.89,NORMAL,0
U09751,SAUDE,39.24,3.195,129.17,50.02,74.22,2,1,12,100.0,1259.86,NORMAL,0
U08940,ENERGIA,47.98,3.384,150.78,58.08,80.39,2,0,52,76.04,1223.34,NORMAL,0
U02705,SAUDE,42.7,2.287,136.48,105.05,87.77,0,0,89,79.38,1057.74,NORMAL,0
U04038,TRANSITO,,3.059,138.78,6.16,84.68,2,0,26,63.12,1289.84,URGENTE,1
U04188,AGUA,117.06,1.635,144.71,40.9,65.27,5,0,142,62.67,942.69,NORMAL,0
U03655,SAUDE,41.63,2.72,90.72,33.98,53.17,5,0,45,78.02,838.39,NORMAL,0
U09711,SAUDE,,3.019,105.92,7.35,66.02,6,1,121,60.35,1279.35,NORMAL,0
U09528,ENERGIA,176.78,2.583,145.01,24.18,73.77,2,0,44,80.81,1247.24,NORMAL,0
U04260,TELECOM,68.88,3.76,150.77,110.4,87.64,5,1,75,59.22,1379.14,NORMAL,0
U06373,SAUDE,39.17,,132.56,9.64,52.21,4,0,34,48.22,760.01,NORMAL,0
U05755,ENERGIA,51.36,2.74,115.06,21.73,72.02,6,1,38,78.97,1221.2,NORMAL,0
U01432,TELECOM,47.83,1.617,146.41,18.34,56.45,4,1,131,57.48,982.72,NORMAL,0
U09317,TRANSITO,,4.308,88.25,28.2,39.73,0,2,45,23.94,757.54,NORMAL,0
U08974,TRANSITO,39.61,,43.29,59.35,38.33,2,0,27,51.36,854.59,NORMAL,0
U00920,TRANSITO,61.71,3.41,142.12,31.83,82.95,4,1,25,81.63,1237.21,NORMAL,0
U08503,SAUDE,37.42,1.053,64.18,11.71,31.84,6,0,70,73.41,609.71,NORMAL,0
U08734,AGUA,50.91,3.171,96.68,76.67,73.26,4,1,35,63.47,1121.17,NORMAL,0
U06808,ENERGIA,51.93,,140.4,52.31,63.68,2,0,92,62.27,1398.57,NORMAL,0
U07830,TELECOM,45.08,2.902,118.37,68.78,58.14,2,0,143,63.56,1129.61,NORMAL,0
U09255,TELECOM,,2.26,73.91,22.62,34.81,3,1,96,86.92,863.7,NORMAL,0
U07010,AGUA,49.58,,97.99,76.11,65.6,1,2,16,61.79,1014.28,NORMAL,0
U00493,TRANSITO,,3.467,72.41,51.09,37.51,2,2,41,51.12,751.35,NORMAL,0
U00453,SAUDE,39.07,,161.13,38.75,58.28,4,0,119,58.02,899.04,NORMAL,0
U08913,TRANSITO,40.4,2.731,96.09,84.59,46.34,3,2,21,54.38,893.65,NORMAL,0
U00714,TELECOM,43.92,2.002,134.74,43.88,68.58,1,1,115,56.8,1294.72,NORMAL,0
U07217,TRANSITO,46.49,2.301,103.76,102.87,56.53,1,0,66,39.24,1446.63,NORMAL,0
U08562,TELECOM,58.64,1.84,114.04,58.8,62.44,2,1,77,39.56,1165.04,NORMAL,0
U04794,SAUDE,40.4,0.816,93.95,52.53,38.3,4,0,40,75.44,896.52,NORMAL,0
U05655,SAUDE,48.79,1.134,134.55,65.87,87.71,3,0,140,63.56,811.65,NORMAL,1
U03833,TRANSITO,46.7,2.838,89.55,109.28,59.13,2,1,80,64.34,856.27,CRITICO,1
U06728,AGUA,32.35,3.121,103.54,31.62,67.91,1,2,55,44.23,864.35,NORMAL,0
U01421,SAUDE,35.56,3.241,134.72,6.94,65.21,2,0,109,67.73,912.2,NORMAL,0
U01294,SAUDE,,1.881,109.02,49.43,68.19,4,0,61,60.55,1206.52,NORMAL,0
U03134,ENERGIA,42.04,2.594,73.25,65.14,51.23,0,1,3,47.24,966.55,NORMAL,0
U08144,SAUDE,38.73,1.997,95.58,29.94,57.8,3,0,8,75.16,1058.57,NORMAL,0
U09943,ENERGIA,48.0,2.761,110.4,111.59,52.81,4,1,85,92.07,1229.23,NORMAL,0
U00770,AGUA,43.77,3.088,42.75,94.65,33.36,3,0,52,84.77,588.97,NORMAL,0
U09602,TELECOM,174.83,3.372,89.33,9.07,47.3,2,1,14,49.38,904.08,NORMAL,0
U01766,TRANSITO,43.64,2.257,117.09,89.82,72.63,5,0,61,65.52,978.9,NORMAL,0
U01923,SAUDE,46.52,2.204,146.6,100.94,59.09,2,0,138,71.73,955.04,NORMAL,0
U02629,SAUDE,41.09,2.779,192.2,29.51,92.61,4,1,94,85.94,1434.05,NORMAL,0
U04289,ENERGIA,44.5,4.202,151.34,62.69,99.33,7,1,52,61.31,1737.07,NORMAL,0
U03886,TRANSITO,48.99,9.494,126.42,56.97,77.94,4,1,132,71.61,1446.26,URGENTE,1
U04905,AGUA,40.14,2.997,172.95,179.69,100.0,2,1,94,42.79,1343.63,NORMAL,0
U04152,ENERGIA,,2.879,140.2,71.59,71.78,3,0,61,57.83,1619.56,NORMAL,0
U03521,ENERGIA,47.47,9.797,101.52,29.03,44.65,1,3,76,54.75,916.25,CRITICO,1
U06463,ENERGIA,53.62,3.635,80.23,9.92,49.07,4,1,42,70.51,1206.73,NORMAL,0
U01567,ENERGIA,54.3,4.244,120.97,53.12,83.51,1,1,28,77.22,1343.65,NORMAL,1
U09819,AGUA,39.78,2.6,130.56,34.14,79.87,0,0,126,74.33,1440.76,NORMAL,0
U01039,AGUA,37.29,1.672,85.92,42.06,32.47,4,1,12,67.12,669.3,NORMAL,0
U06138,AGUA,48.15,2.828,116.16,16.13,86.0,6,2,30,75.32,1391.2,CRITICO,1
U01727,ENERGIA,47.5,8.301,140.01,111.06,63.75,4,0,120,76.69,1174.03,URGENTE,1
U08003,SAUDE,44.12,2.769,118.07,7.58,51.2,5,1,131,54.55,1185.0,NORMAL,0
U07626,ENERGIA,45.55,2.705,163.42,15.19,65.59,4,0,84,45.87,1031.79,NORMAL,0
U01415,AGUA,39.36,2.428,117.08,82.62,43.61,3,2,68,75.41,984.19,NORMAL,0
U01202,ENERGIA,48.04,2.144,89.55,76.23,56.72,4,0,85,68.47,1266.59,NORMAL,0
U09116,AGUA,39.7,2.35,63.23,30.16,47.84,2,1,34,92.73,773.75,NORMAL,0
U07673,ENERGIA,44.29,2.88,117.04,60.07,69.57,3,0,84,65.26,668.68,NORMAL,0
U06958,SAUDE,33.7,2.0,78.23,79.65,37.76,2,0,54,81.03,1045.05,NORMAL,0
U02556,SAUDE,,2.993,45.44,64.17,52.29,0,1,15,77.83,1092.75,NORMAL,0
U06858,SAUDE,34.13,2.242,124.23,15.75,74.13,4,1,120,55.97,1035.0,NORMAL,0
U07752,TRANSITO,43.58,1.89,164.42,9.88,61.09,3,0,138,88.92,729.79,NORMAL,0
U09526,TELECOM,45.03,3.532,90.49,17.64,74.42,7,0,12,72.85,966.16,NORMAL,0
U03234,SAUDE,44.23,2.649,166.63,73.62,76.41,5,0,84,90.48,1362.13,NORMAL,0
U01782,ENERGIA,49.83,2.176,120.05,87.01,59.23,5,1,107,46.41,1402.22,URGENTE,1
U04861,AGUA,43.74,3.757,134.58,65.57,72.88,6,1,49,65.63,1395.33,URGENTE,0
U06796,SAUDE,43.15,3.234,142.25,12.3,76.09,0,2,75,66.16,1060.11,NORMAL,0
U01756,ENERGIA,49.78,3.499,154.67,54.12,53.44,2,1,88,67.77,1080.6,NORMAL,0
U07006,TELECOM,44.46,,147.83,34.7,83.19,5,0,77,87.35,1005.5,NORMAL,0
U01182,TRANSITO,48.52,1.558,126.27,54.77,54.96,3,0,110,51.16,793.14,URGENTE,0
U01828,ENERGIA,50.56,3.942,71.2,94.28,45.56,4,1,15,61.45,748.29,NORMAL,0
U09697,ENERGIA,43.65,1.996,101.99,20.6,35.36,2,0,27,75.8,856.44,NORMAL,0
U09013,SAUDE,133.22,2.393,129.35,25.49,64.01,0,0,16,65.14,1210.33,NORMAL,0
U01716,TELECOM,42.77,2.14,120.47,13.08,39.83,1,0,122,68.91,1097.29,NORMAL,0
U09096,ENERGIA,152.06,3.494,84.28,13.7,57.65,3,0,8,55.06,830.77,NORMAL,0
U03610,AGUA,42.89,3.813,161.83,43.43,86.9,3,0,64,62.11,1386.0,NORMAL,0
U09924,ENERGIA,57.74,2.62,142.77,,73.45,4,0,33,59.74,1006.39,NORMAL,0
U01514,ENERGIA,49.5,2.871,129.86,27.59,83.51,7,1,38,50.29,936.31,NORMAL,0
U06266,ENERGIA,51.64,2.696,87.99,13.71,44.85,4,0,96,58.82,758.61,NORMAL,0
U00349,SAUDE,38.05,1.0,143.93,68.74,67.04,1,0,4,71.93,1204.84,NORMAL,0
U07049,SAUDE,44.54,1.93,123.53,55.77,55.64,1,1,111,76.5,1176.83,URGENTE,0
U07225,TELECOM,46.9,1.781,86.59,33.85,36.1,3,0,97,80.74,673.89,NORMAL,0
U07518,TELECOM,47.56,,146.37,65.38,68.12,1,1,41,51.65,1466.79,CRITICO,1
U00907,SAUDE,51.73,2.984,121.04,55.22,79.74,3,1,19,46.56,1059.77,NORMAL,0
U00595,SAUDE,48.68,,157.06,,82.47,5,0,140,65.76,1015.4,NORMAL,0
U02848,TELECOM,37.55,3.883,103.23,79.62,66.82,3,1,33,58.8,1295.26,NORMAL,0
U01823,ENERGIA,45.13,3.196,126.73,120.16,52.66,3,0,112,23.48,618.0,NORMAL,0
U00149,SAUDE,35.0,3.448,105.76,106.9,47.69,2,1,117,59.34,818.35,URGENTE,0
U05365,TRANSITO,42.74,1.62,135.25,48.94,61.91,2,1,120,25.84,1166.07,NORMAL,0
U09989,AGUA,36.53,3.262,143.33,131.77,70.5,2,1,53,98.82,919.51,NORMAL,0
U08350,ENERGIA,44.37,2.759,139.89,23.93,61.11,0,1,102,77.3,866.91,NORMAL,0
U07847,TRANSITO,54.11,3.815,128.5,55.57,75.52,2,1,125,67.89,1031.71,URGENTE,0
U04408,ENERGIA,189.52,2.943,122.2,80.82,59.78,4,0,118,82.45,1004.4,NORMAL,0
U03697,AGUA,,1.845,40.33,37.17,17.61,2,1,84,52.41,826.79,NORMAL,0
U09691,ENERGIA,42.61,3.187,103.64,19.0,51.56,1,0,74,68.54,918.51,NORMAL,0
U02048,AGUA,36.82,4.953,116.7,37.09,63.36,3,0,68,40.26,995.48,NORMAL,0
U01019,AGUA,39.32,3.276,107.56,95.52,44.8,2,0,92,96.33,810.92,NORMAL,0
U01581,AGUA,48.75,3.261,143.16,56.61,52.29,2,0,122,46.32,807.05,NORMAL,0
U01496,ENERGIA,59.5,2.814,124.52,84.13,67.41,4,0,92,73.22,1272.56,NORMAL,0
U08848,ENERGIA,,1.391,138.03,21.48,68.29,1,0,144,96.41,1093.91,NORMAL,0
U04614,TRANSITO,51.16,3.351,155.44,58.2,75.34,3,0,103,76.42,1161.25,NORMAL,0
U00136,AGUA,46.17,3.298,112.17,33.05,62.55,2,0,76,79.67,1176.37,URGENTE,1
U08892,TRANSITO,42.77,2.813,116.6,26.35,67.1,2,1,43,36.5,1001.22,NORMAL,0
U00004,ENERGIA,46.25,2.937,138.81,68.66,48.86,1,2,117,55.34,1018.05,NORMAL,0
U08572,TRANSITO,51.46,3.3,134.32,,83.28,4,0,38,49.36,1607.89,NORMAL,0
U05396,ENERGIA,54.17,2.857,63.18,83.91,43.32,1,1,65,34.13,514.61,NORMAL,0
U02117,SAUDE,47.2,2.591,114.85,66.93,50.09,2,0,138,68.29,925.92,NORMAL,0
U05818,SAUDE,42.67,1.424,107.85,59.56,62.29,4,2,70,40.78,1182.17,NORMAL,0
U04011,TRANSITO,51.55,2.175,162.99,66.92,100.0,3,1,3,69.78,1952.49,NORMAL,0
U07139,ENERGIA,40.61,1.758,121.14,,53.02,2,1,109,60.87,549.02,NORMAL,0
U01731,SAUDE,174.32,2.631,95.39,38.94,36.4,4,0,46,44.6,487.87,NORMAL,0
U01006,SAUDE,42.75,1.412,89.1,80.88,47.02,3,2,75,51.42,1143.63,NORMAL,0
U04110,SAUDE,43.75,2.323,123.77,129.64,71.67,4,1,92,51.05,1284.4,NORMAL,0
U06498,ENERGIA,44.48,2.434,77.33,75.0,37.63,4,2,84,67.59,705.05,NORMAL,0
U06876,ENERGIA,48.63,4.201,105.13,43.35,82.83,3,0,51,53.28,1232.56,CRITICO,1
U06714,ENERGIA,52.72,2.837,126.44,62.31,64.37,2,3,8,81.53,1277.32,NORMAL,0
U02228,ENERGIA,55.9,2.962,66.96,126.42,35.53,1,1,38,60.81,443.99,NORMAL,0
U01033,SAUDE,142.81,1.866,88.39,52.14,49.25,4,1,84,52.53,1313.38,NORMAL,0
U08041,AGUA,34.29,2.948,144.82,54.37,67.34,2,2,123,79.28,1354.7,NORMAL,0
U04132,ENERGIA,51.47,8.735,163.47,55.37,76.03,5,0,99,59.47,1005.15,CRITICO,1
U05865,ENERGIA,52.31,2.411,99.61,68.58,63.74,2,0,35,65.26,773.31,NORMAL,0
U03243,ENERGIA,47.52,3.035,69.43,94.9,20.97,3,0,81,62.87,775.72,NORMAL,0
U05355,ENERGIA,50.85,3.082,96.04,17.27,58.42,2,1,88,81.26,820.42,NORMAL,0
U00062,ENERGIA,61.08,3.956,116.23,23.48,60.27,2,0,101,67.93,1138.1,NORMAL,0
U03638,AGUA,46.38,3.916,149.12,70.22,80.13,3,0,60,55.85,1374.83,CRITICO,1
U06986,AGUA,40.34,,92.08,15.11,42.16,3,0,28,39.94,1103.58,URGENTE,0
U03136,SAUDE,50.25,1.186,139.62,36.52,61.45,4,1,111,67.14,1181.93,NORMAL,0
U01834,SAUDE,36.45,1.378,54.85,52.15,21.23,2,0,6,68.12,780.74,NORMAL,0
U05937,TRANSITO,40.49,1.874,56.36,101.58,41.82,2,0,41,97.87,923.99,NORMAL,0
U00622,TRANSITO,47.47,2.324,127.01,51.14,67.3,2,0,81,39.91,1213.41,NORMAL,0
U03932,TELECOM,54.62,2.605,133.41,44.56,77.38,2,1,90,63.59,1210.91,NORMAL,0
U00611,TELECOM,42.42,,96.95,26.37,33.68,0,1,39,50.66,682.07,NORMAL,0
U04997,ENERGIA,55.76,2.457,152.71,17.13,79.37,4,0,131,70.29,916.2,CRITICO,1
U09230,TELECOM,47.57,2.33,87.99,65.92,52.88,2,2,81,61.81,1043.43,URGENTE,0
U09460,SAUDE,51.94,2.169,66.25,26.98,41.56,2,1,13,61.54,930.88,NORMAL,0
U05180,AGUA,38.8,2.939,131.13,62.72,63.78,2,1,106,64.57,1170.68,NORMAL,0
U04424,AGUA,33.03,2.536,41.82,55.94,23.83,0,1,114,82.05,1037.57,NORMAL,0
U08524,TELECOM,46.67,2.322,106.28,59.82,50.59,0,0,105,56.54,887.84,NORMAL,0
U03654,TRANSITO,51.46,2.284,160.13,40.96,75.58,5,0,142,77.68,1016.71,NORMAL,0
U06898,TELECOM,41.21,2.691,108.63,38.74,58.39,2,0,61,43.67,1168.65,URGENTE,0
U04334,SAUDE,45.12,1.94,73.22,125.07,46.74,2,1,11,77.55,1054.54,NORMAL,0
U04613,SAUDE,36.18,0.49,69.8,73.53,50.2,1,0,20,55.38,1095.51,NORMAL,0
U08813,SAUDE,47.1,2.232,90.32,31.31,53.73,2,0,116,79.14,1354.8,NORMAL,0
U00238,AGUA,37.05,1.868,124.85,14.71,58.74,1,0,104,37.61,1072.03,NORMAL,0
U05206,ENERGIA,44.83,2.853,144.5,48.48,58.67,0,1,40,57.25,844.82,NORMAL,0
U03538,AGUA,41.76,3.552,110.22,82.39,60.22,1,2,141,85.11,788.61,NORMAL,0
U02308,SAUDE,42.1,2.004,116.17,5.66,69.49,2,1,56,73.19,707.53,NORMAL,0
U08033,SAUDE,41.42,,103.91,105.5,44.78,2,1,72,64.2,768.2,NORMAL,0
U05433,TRANSITO,,3.108,148.89,70.17,92.46,6,0,10,36.46,1610.62,CRITICO,1
U00938,TRANSITO,36.34,2.817,139.7,55.64,68.36,2,1,17,34.15,661.88,NORMAL,0
U03836,SAUDE,44.32,3.142,184.97,39.31,95.57,5,1,69,55.62,1634.9,URGENTE,0
U03054,TRANSITO,,2.927,124.01,52.36,75.86,6,0,36,69.62,844.01,NORMAL,0
U09600,TRANSITO,49.44,,75.26,53.85,49.41,1,1,53,75.33,933.41,NORMAL,0
U08758,ENERGIA,58.95,4.829,116.13,57.56,71.93,6,0,43,38.86,1400.37,NORMAL,0
U05244,TELECOM,59.23,2.894,148.68,23.57,64.82,1,0,111,80.48,1279.08,NORMAL,0
U03388,ENERGIA,63.43,4.361,167.88,72.52,100.0,4,0,106,54.15,1367.2,NORMAL,0
U07090,ENERGIA,50.96,4.385,106.35,13.22,67.78,0,0,96,91.3,1311.08,NORMAL,0
U01001,TRANSITO,43.48,2.155,74.16,48.93,35.92,0,0,108,52.46,693.34,NORMAL,0
U00519,AGUA,52.44,3.792,166.94,103.83,73.29,5,1,121,33.11,1177.05,NORMAL,0
U04604,SAUDE,38.67,1.621,113.39,30.87,75.76,5,1,41,53.51,1020.71,NORMAL,0
U03370,AGUA,45.43,3.494,187.39,133.67,79.6,1,1,129,57.54,1249.9,URGENTE,0
U01009,TRANSITO,,3.316,170.69,26.27,84.54,3,0,137,47.2,1429.3,NORMAL,0
U06514,SAUDE,47.36,2.846,106.9,61.31,59.13,3,0,3,58.63,626.74,NORMAL,0
U07371,SAUDE,42.45,2.247,84.07,119.31,51.32,2,1,51,34.43,775.55,NORMAL,0
U03218,TRANSITO,51.81,2.289,165.28,189.49,66.05,5,0,124,64.26,916.55,NORMAL,0
U02311,TRANSITO,50.14,1.245,31.92,21.68,20.68,4,0,96,30.18,834.7,NORMAL,0
U06429,ENERGIA,44.12,1.842,90.6,50.37,46.06,0,1,30,88.98,1310.43,NORMAL,0
U01799,SAUDE,35.06,1.453,141.7,53.82,46.66,0,0,134,69.99,874.45,NORMAL,0
U04734,SAUDE,49.37,2.487,193.54,39.19,60.91,0,1,89,42.33,1363.8,NORMAL,0
U02024,SAUDE,47.47,3.815,173.44,34.81,84.96,2,1,76,90.29,1276.65,NORMAL,0
U02682,SAUDE,40.04,2.924,141.14,54.92,71.21,2,1,72,70.21,965.28,NORMAL,0
U03461,SAUDE,44.27,2.75,65.35,71.45,57.18,5,1,39,69.96,1030.88,NORMAL,0
U01342,SAUDE,49.43,2.314,104.66,34.47,59.99,3,1,85,48.42,869.95,NORMAL,0
U03745,AGUA,,1.316,74.71,,39.59,0,1,7,72.7,1001.92,NORMAL,0
U06302,SAUDE,36.04,2.198,93.86,81.94,59.0,2,0,13,62.92,905.24,NORMAL,0
U04977,ENERGIA,49.95,2.284,119.14,29.07,62.76,3,0,72,50.85,1033.94,NORMAL,0
U08527,SAUDE,34.07,2.072,108.36,22.03,55.48,1,0,49,43.12,1356.19,NORMAL,0
U01493,TRANSITO,39.12,,123.02,24.23,67.84,3,1,69,64.22,1352.08,NORMAL,0
U02319,SAUDE,37.32,1.189,128.83,14.45,36.07,1,1,88,83.59,864.25,NORMAL,0
U02687,TELECOM,61.53,,142.83,121.36,63.4,5,0,57,48.94,763.97,NORMAL,0
U07467,SAUDE,58.93,2.853,172.26,37.76,90.18,5,3,23,75.15,1581.2,NORMAL,0
U02722,ENERGIA,54.51,3.632,137.1,26.23,75.35,1,1,23,58.52,1482.52,NORMAL,0
U00483,SAUDE,36.64,1.708,130.6,65.61,60.66,1,0,94,54.18,1338.6,NORMAL,0
U05997,ENERGIA,53.04,3.353,114.2,181.63,71.73,4,0,29,48.42,1007.05,NORMAL,0
U00154,SAUDE,41.71,2.159,170.37,157.16,70.07,3,0,102,74.95,1265.12,NORMAL,0
U03343,ENERGIA,46.87,3.146,95.13,114.61,43.79,3,1,16,54.56,912.86,NORMAL,0
U05893,TRANSITO,41.78,3.226,52.96,65.86,34.59,2,1,115,72.88,373.98,NORMAL,0
U04023,AGUA,35.44,3.778,92.47,145.83,45.7,2,0,69,82.96,1193.43,NORMAL,0
U05249,AGUA,38.9,2.408,130.04,49.71,74.28,5,1,112,57.52,854.77,NORMAL,0
U02856,ENERGIA,42.28,3.706,104.63,77.18,61.12,1,1,74,79.79,946.68,NORMAL,0
U03829,ENERGIA,62.82,3.669,111.84,42.01,80.11,2,0,74,25.5,1080.91,CRITICO,1
U04063,AGUA,37.42,4.247,139.49,64.28,67.02,6,1,93,60.78,1156.72,NORMAL,0
U02754,SAUDE,53.09,2.978,165.33,48.74,73.06,3,0,117,71.48,1048.03,CRITICO,1
U07739,ENERGIA,49.95,3.026,81.26,24.01,47.7,3,0,50,97.43,1006.66,NORMAL,0
U05769,SAUDE,36.82,1.253,105.51,21.97,65.87,1,0,89,71.87,874.12,NORMAL,0
U01256,TRANSITO,48.21,2.911,144.61,55.56,60.14,1,0,77,46.79,1124.51,NORMAL,0
U06722,ENERGIA,50.1,2.799,112.05,15.87,70.88,1,0,88,60.38,1073.41,NORMAL,0
U08328,SAUDE,46.38,2.141,155.4,92.2,64.82,6,1,42,77.65,839.4,NORMAL,0
U07005,SAUDE,153.63,3.507,136.5,23.34,68.7,3,1,17,57.29,1092.69,NORMAL,0
U07935,SAUDE,33.02,1.907,95.76,28.88,54.99,3,0,94,59.6,947.11,NORMAL,0
U01440,SAUDE,54.88,0.413,105.45,29.56,67.7,1,0,85,76.21,1296.09,NORMAL,0
U02706,ENERGIA,54.59,3.444,141.62,24.0,84.38,4,0,119,42.57,1276.78,NORMAL,0
U04556,SAUDE,24.85,1.864,57.58,59.54,11.64,0,0,90,74.25,912.22,NORMAL,0
U09927,ENERGIA,50.72,2.339,100.41,64.52,60.12,4,2,35,83.18,1021.26,NORMAL,0
U01940,AGUA,46.79,3.644,80.36,51.75,57.84,0,0,8,61.25,817.76,NORMAL,0
U05529,TELECOM,49.89,2.094,157.56,29.6,64.98,2,1,142,92.11,1377.69,NORMAL,0
U09328,ENERGIA,44.55,3.687,111.45,56.79,72.99,2,0,32,37.48,1541.92,NORMAL,0
U05076,SAUDE,50.65,2.025,164.15,24.85,88.43,3,0,30,59.83,1274.57,NORMAL,0
U04792,SAUDE,39.8,2.07,44.87,43.83,41.4,2,2,55,70.67,747.07,CRITICO,0
U08236,TRANSITO,48.74,4.444,159.15,15.7,83.5,5,0,125,49.78,1753.27,NORMAL,0
U09921,TRANSITO,41.09,3.951,77.6,20.73,45.7,4,0,79,60.02,637.24,NORMAL,0
U05064,SAUDE,34.32,2.07,116.86,47.52,56.05,1,1,108,53.68,1083.67,NORMAL,0
U00543,TRANSITO,42.64,2.374,100.83,80.99,47.64,0,0,14,46.51,656.43,NORMAL,0
U00045,SAUDE,149.47,3.042,124.01,20.81,74.34,5,0,22,35.94,1022.0,NORMAL,0
U06572,TRANSITO,54.3,3.727,150.7,20.82,74.28,1,1,125,63.85,1146.19,NORMAL,0
U05900,SAUDE,35.33,2.582,121.62,22.76,38.87,1,1,125,50.62,1044.33,NORMAL,0
U07223,TELECOM,49.0,2.658,129.02,2.0,65.37,2,1,112,83.64,1188.22,CRITICO,0
U05603,ENERGIA,43.31,4.423,124.66,10.33,62.28,4,0,74,55.07,981.16,NORMAL,0
U08286,SAUDE,36.66,2.003,75.1,22.92,23.15,3,0,127,66.61,887.18,NORMAL,0
U09351,ENERGIA,43.74,3.234,96.8,49.56,45.54,0,0,119,65.6,899.49,NORMAL,0
U09465,TRANSITO,32.47,3.564,127.31,11.83,43.83,2,1,106,81.96,741.06,NORMAL,0
U07894,TRANSITO,45.75,1.46,110.48,72.82,49.3,0,0,138,52.49,1184.53,NORMAL,0
U00598,ENERGIA,54.38,,143.57,13.77,65.69,4,1,80,41.8,1111.49,CRITICO,1
U00538,SAUDE,44.16,0.917,82.3,19.15,37.67,2,0,38,60.66,1025.09,NORMAL,0
U03085,ENERGIA,45.09,3.574,108.95,35.05,38.54,3,1,88,56.22,748.03,NORMAL,0
U08203,ENERGIA,,4.708,131.81,61.52,68.05,5,1,72,66.66,1170.66,NORMAL,0
U04775,TRANSITO,38.6,3.517,97.54,99.07,45.97,1,0,92,80.93,739.26,NORMAL,0
U01576,ENERGIA,56.52,2.947,122.93,42.1,62.23,4,0,104,45.91,1338.52,NORMAL,0
U03145,TRANSITO,41.65,1.921,91.88,162.82,51.84,6,0,51,39.27,823.27,NORMAL,0
U02018,TRANSITO,49.16,2.285,144.61,122.54,63.09,5,0,76,83.1,828.68,CRITICO,1
U02324,SAUDE,34.19,,130.76,48.42,74.38,3,0,62,87.51,1328.05,NORMAL,0
U05010,SAUDE,47.07,2.254,161.85,53.01,82.27,2,1,52,61.43,1020.57,CRITICO,1
U02396,SAUDE,48.17,2.309,121.94,55.58,93.99,4,1,55,75.28,1404.94,NORMAL,0
U03739,ENERGIA,56.26,4.941,174.29,52.26,100.0,3,1,92,58.52,934.14,NORMAL,0
U03603,ENERGIA,44.04,4.294,79.99,11.08,41.03,1,0,29,75.06,540.36,NORMAL,0
U08363,ENERGIA,47.41,3.496,141.01,76.05,66.11,1,0,21,47.4,1349.19,NORMAL,0
U04872,SAUDE,44.63,1.655,128.98,109.54,67.66,1,2,33,73.22,1057.63,NORMAL,0
U01909,ENERGIA,45.95,2.482,82.89,68.46,53.61,3,0,99,50.42,816.03,NORMAL,0
U01922,AGUA,40.03,3.461,40.25,,42.0,1,1,12,89.49,1000.89,NORMAL,0
U01840,ENERGIA,55.14,2.296,128.34,46.27,73.85,1,0,58,47.37,1493.74,NORMAL,0
U06441,TRANSITO,43.9,2.014,95.97,20.08,50.51,1,1,112,52.17,823.1,NORMAL,0
U04479,TELECOM,44.85,2.374,153.9,87.57,79.27,4,1,139,82.66,1654.34,NORMAL,0
U01347,ENERGIA,50.63,8.538,105.17,42.04,73.62,3,0,9,61.45,1344.66,URGENTE,1
U02271,AGUA,34.55,3.441,81.11,,41.75,5,0,86,78.32,932.35,NORMAL,0
U06962,SAUDE,42.79,2.184,148.3,,68.49,3,1,133,28.17,968.22,NORMAL,0
U04666,SAUDE,47.61,2.774,118.94,86.84,61.33,1,0,2,70.17,1140.61,NORMAL,0
U07292,SAUDE,34.53,2.806,126.4,163.34,72.52,1,0,32,51.64,1467.79,NORMAL,0
U04271,SAUDE,38.87,2.308,104.91,10.81,57.18,5,0,87,81.88,1129.39,NORMAL,0
U04318,SAUDE,39.04,1.937,110.35,127.8,42.09,3,1,72,59.12,696.77,NORMAL,0
U06432,SAUDE,29.04,2.492,103.67,43.41,58.62,0,2,115,69.3,677.44,NORMAL,0
U05589,SAUDE,43.78,1.552,135.27,25.07,55.26,2,0,120,77.91,886.94,NORMAL,0
U02244,TELECOM,39.57,2.072,132.63,55.04,53.57,2,2,8,73.57,1148.44,NORMAL,0
U02620,TRANSITO,,3.842,145.88,24.0,71.87,3,2,89,100.0,1403.68,NORMAL,0
U02926,TRANSITO,,3.648,165.79,85.48,73.47,5,0,16,60.42,1038.9,URGENTE,0
U07909,SAUDE,43.34,3.645,110.48,89.24,69.28,5,2,52,67.49,687.82,NORMAL,0
U04121,TELECOM,44.33,3.135,109.27,50.89,70.12,1,3,10,57.47,1053.26,NORMAL,0
U05185,AGUA,51.33,4.236,117.14,4.95,76.28,3,1,30,69.22,1329.86,NORMAL,0
U00757,TRANSITO,37.81,0.945,84.32,27.91,36.92,2,2,42,63.5,670.28,NORMAL,0
U09700,ENERGIA,56.59,3.012,142.81,77.15,64.68,6,0,141,80.47,1176.54,NORMAL,0
U00137,TRANSITO,46.73,,127.68,100.49,66.71,4,0,137,47.25,1135.91,NORMAL,0
U03278,SAUDE,37.86,1.582,126.03,52.78,37.93,3,1,102,62.81,1252.24,NORMAL,0
U00016,TRANSITO,60.2,7.99,129.78,53.81,70.49,2,0,20,50.42,1810.47,CRITICO,1
U02533,AGUA,46.65,4.077,109.04,8.97,72.8,7,0,3,55.27,1292.08,NORMAL,0
U08677,SAUDE,35.73,2.306,101.83,102.91,49.02,4,1,104,73.9,1043.45,NORMAL,0
U04665,SAUDE,43.54,2.36,159.68,33.5,72.89,3,0,141,71.22,1178.99,NORMAL,0
U03646,TRANSITO,43.43,2.921,125.88,78.66,43.16,0,0,74,48.44,746.57,NORMAL,0
U08611,SAUDE,36.95,0.68,82.35,23.89,50.52,2,0,35,45.94,879.63,NORMAL,0
U08868,ENERGIA,42.11,1.221,103.84,48.71,52.59,4,1,26,43.81,1036.22,NORMAL,0
U08334,SAUDE,40.92,1.68,132.11,59.06,73.94,5,3,129,60.35,1279.63,NORMAL,0
U05437,SAUDE,48.37,,128.28,79.16,47.13,4,0,59,95.32,863.62,NORMAL,0
U04707,SAUDE,39.82,1.697,137.46,31.23,69.58,3,1,72,70.92,1199.89,NORMAL,0
U03737,SAUDE,36.56,2.311,102.54,42.18,69.21,1,0,64,49.62,1045.62,NORMAL,0
U06186,TRANSITO,,3.582,131.8,44.54,67.54,4,0,108,55.18,1284.44,NORMAL,0
U04150,ENERGIA,50.86,2.707,84.66,71.73,53.53,2,1,61,75.36,1188.59,NORMAL,0
U07943,TRANSITO,38.83,,143.96,60.13,75.07,4,0,40,62.86,1439.62,NORMAL,0
U02438,ENERGIA,42.4,2.763,123.72,47.49,53.67,1,0,142,69.67,1114.02,NORMAL,0
U07009,AGUA,46.66,3.478,88.76,62.23,50.49,5,1,56,55.94,1146.06,NORMAL,0
U08505,SAUDE,40.73,3.033,92.31,17.29,43.88,1,0,90,28.73,1143.5,NORMAL,0
U05690,TELECOM,48.88,0.858,59.53,14.6,57.75,1,0,5,41.47,746.05,NORMAL,0
U00065,TELECOM,46.0,2.384,140.12,,76.0,5,0,18,92.19,1365.69,NORMAL,0
U07577,ENERGIA,42.82,2.149,103.84,46.9,42.17,2,1,33,83.41,1047.48,NORMAL,0
U09404,AGUA,52.44,3.077,162.66,,87.54,6,0,55,55.88,1625.52,NORMAL,0
U09795,TRANSITO,,1.892,138.48,19.18,70.35,3,0,89,70.11,914.91,NORMAL,0
U08188,SAUDE,32.6,2.033,136.19,43.02,70.4,6,0,39,85.25,1043.52,NORMAL,0
U01679,SAUDE,38.6,1.448,101.06,20.36,39.56,0,1,130,49.76,1180.71,NORMAL,0
U02400,ENERGIA,50.04,2.841,142.57,29.86,55.18,1,0,33,77.76,967.76,NORMAL,0
U06327,SAUDE,,2.243,137.15,99.87,68.56,2,1,64,68.64,1467.2,NORMAL,0
U02011,ENERGIA,55.28,7.299,196.26,32.22,100.0,5,0,119,37.54,1765.8,CRITICO,1
U08022,ENERGIA,46.0,4.137,58.09,26.63,36.96,3,2,131,47.71,811.52,NORMAL,0
U09062,SAUDE,46.91,3.299,141.28,7.21,87.25,2,0,51,48.43,966.78,NORMAL,0
U03884,TELECOM,38.21,2.249,92.5,25.86,48.66,4,0,143,68.47,899.28,NORMAL,0
U04154,ENERGIA,44.5,,140.06,39.78,60.54,1,3,143,55.39,1201.44,NORMAL,0
U00057,AGUA,178.78,2.64,121.49,10.95,69.45,3,0,5,42.89,1163.76,NORMAL,0
U01163,SAUDE,38.3,1.823,96.64,40.95,51.4,3,0,34,36.3,1084.91,NORMAL,0
U00674,AGUA,47.91,3.157,147.89,19.88,78.27,2,2,119,48.09,1318.32,NORMAL,0
U03013,SAUDE,44.75,1.805,93.41,66.9,62.48,2,0,72,89.61,1307.87,NORMAL,0
U05174,AGUA,41.69,3.262,142.55,2.43,80.53,3,1,109,46.67,1227.15,NORMAL,0
U06602,SAUDE,37.91,1.929,83.07,65.31,45.7,2,1,135,75.65,1022.08,NORMAL,0
U01894,ENERGIA,56.65,2.758,93.42,59.64,60.4,3,0,48,36.55,963.04,NORMAL,0
U05765,SAUDE,39.76,1.0,149.6,49.64,70.39,3,1,20,63.32,1167.42,NORMAL,0
U00645,SAUDE,40.39,2.143,115.27,21.62,55.55,3,2,126,100.0,1071.47,NORMAL,0
U07543,TELECOM,41.88,2.516,115.2,60.63,41.64,5,0,129,79.1,1040.06,NORMAL,0
U03807,TELECOM,208.25,2.936,140.91,,70.91,3,0,74,64.45,1247.66,NORMAL,0
U03074,SAUDE,44.65,3.59,103.38,18.31,70.17,2,0,79,67.08,977.07,NORMAL,0
U03729,ENERGIA,47.22,4.135,123.41,15.42,42.12,0,0,76,73.96,1041.37,NORMAL,0
U08509,TRANSITO,42.11,2.578,84.18,61.87,48.42,3,0,31,48.9,464.22,NORMAL,0
U08303,AGUA,42.82,2.813,99.53,2.0,58.55,2,0,35,62.13,1384.29,NORMAL,0
U04214,ENERGIA,50.22,3.016,84.18,83.67,59.12,0,1,23,60.89,1203.87,NORMAL,0
U06344,TRANSITO,44.29,3.5,117.19,20.94,62.45,5,1,74,36.14,1229.71,NORMAL,0
U06533,SAUDE,41.75,,163.48,41.93,82.26,7,2,27,70.84,1002.51,NORMAL,0
U08520,AGUA,42.65,1.177,106.68,68.4,58.98,1,1,75,77.05,954.83,NORMAL,0
U03032,TRANSITO,181.26,2.674,154.35,84.93,91.29,4,0,52,78.52,1392.06,NORMAL,0
U06617,ENERGIA,59.71,3.93,156.13,32.43,79.19,9,1,128,82.84,1313.92,URGENTE,1
U03703,ENERGIA,51.5,2.787,87.26,20.91,57.32,2,1,23,51.59,918.13,NORMAL,0
U01394,ENERGIA,50.16,4.69,162.92,72.6,80.37,5,0,63,98.45,1606.81,NORMAL,0
U07364,TELECOM,44.97,3.402,110.58,29.8,62.82,1,1,99,64.9,981.11,NORMAL,0
U06825,ENERGIA,57.04,3.609,139.02,40.94,57.08,4,0,46,56.04,1374.68,NORMAL,0
U06778,ENERGIA,52.21,3.948,93.47,31.81,68.71,3,0,63,46.13,827.65,NORMAL,0
U02555,TRANSITO,37.09,1.119,81.18,102.32,44.63,0,1,11,74.78,407.75,NORMAL,0
U04397,TELECOM,41.74,2.145,96.64,,34.82,2,1,123,79.35,766.04,NORMAL,0
U06045,AGUA,44.16,2.797,130.96,13.94,67.31,1,0,69,46.12,1111.08,NORMAL,0
U08614,ENERGIA,48.29,2.609,75.46,38.07,53.87,5,1,60,74.18,1001.21,CRITICO,1
U04684,TRANSITO,51.41,2.953,158.21,29.07,74.27,1,0,96,59.83,1047.6,NORMAL,0
U08494,TELECOM,52.1,4.192,161.35,37.85,96.52,1,0,12,65.03,1672.0,URGENTE,0
U04970,SAUDE,46.55,2.221,135.86,42.42,70.85,4,1,23,84.6,1004.73,URGENTE,0
U05477,SAUDE,46.07,3.451,167.25,24.06,90.74,4,0,99,83.87,1390.3,NORMAL,0
U00036,TELECOM,54.95,1.312,142.36,44.67,79.97,4,0,87,50.1,777.47,NORMAL,0
U04853,ENERGIA,201.43,3.805,99.47,43.78,60.14,1,0,73,88.21,834.49,NORMAL,0
U01935,ENERGIA,38.52,3.465,113.62,40.16,53.87,4,1,21,59.8,1103.96,NORMAL,0
U02333,TRANSITO,50.58,2.501,110.94,20.25,61.16,1,1,16,75.83,721.61,NORMAL,0
U05226,AGUA,44.62,3.595,160.87,43.74,73.68,8,1,111,46.94,932.96,NORMAL,0
U01242,TRANSITO,49.03,2.362,108.7,54.87,54.48,0,0,42,75.07,1047.42,NORMAL,0
U04034,ENERGIA,57.97,2.985,122.17,28.18,55.35,2,0,47,60.16,828.37,NORMAL,0
U01924,SAUDE,40.89,1.123,59.72,48.52,43.62,1,1,30,56.76,575.68,NORMAL,0
U05581,ENERGIA,38.58,1.939,113.45,26.06,63.35,1,0,44,60.38,682.8,NORMAL,0
U04298,ENERGIA,44.99,2.842,98.76,72.23,59.83,3,0,14,46.56,888.97,NORMAL,0
U09061,SAUDE,,2.118,86.17,31.7,69.51,4,0,5,62.58,1221.86,NORMAL,0
U07344,ENERGIA,55.02,3.173,87.51,112.4,65.17,5,0,72,31.54,1067.06,NORMAL,0
U08830,ENERGIA,53.66,3.368,116.61,31.89,53.92,2,1,128,53.5,974.66,CRITICO,1
U09084,ENERGIA,47.75,2.311,117.09,22.3,61.67,3,1,133,61.82,568.03,NORMAL,0
U05728,SAUDE,,2.564,86.37,13.2,48.4,3,2,46,54.32,674.65,NORMAL,0
U05127,TELECOM,51.07,2.183,115.05,107.39,39.43,3,0,130,37.57,849.29,NORMAL,0
U02817,TRANSITO,45.92,2.913,130.94,91.13,57.63,3,0,119,84.03,1176.92,NORMAL,0
U07966,ENERGIA,55.36,4.483,130.99,30.59,86.06,1,1,5,38.6,1386.23,NORMAL,0
U02296,ENERGIA,49.47,2.919,111.34,43.69,42.97,0,0,6,100.0,772.01,NORMAL,0
U06838,TRANSITO,97.07,1.881,133.53,117.05,81.76,2,1,27,57.33,1136.85,NORMAL,0
U06444,ENERGIA,52.82,4.069,154.68,35.66,82.7,3,1,37,65.4,1122.15,NORMAL,0
U01606,TRANSITO,56.54,3.042,125.61,34.7,55.6,3,0,144,64.39,749.92,CRITICO,1
U09143,ENERGIA,48.55,2.941,111.42,30.34,43.53,3,1,58,85.69,719.16,NORMAL,0
U03843,TRANSITO,56.22,2.265,126.85,40.19,73.69,6,0,46,73.07,820.01,NORMAL,0
U01993,AGUA,33.78,3.286,87.69,128.4,39.89,2,1,113,55.25,1211.27,NORMAL,0
U01874,TRANSITO,39.52,2.088,101.88,68.07,32.25,0,0,10,67.05,850.28,NORMAL,0
U01693,SAUDE,40.55,2.553,110.71,48.68,68.49,5,2,75,90.9,1433.15,NORMAL,0
U03125,TELECOM,,1.698,139.44,49.18,56.87,5,1,90,66.33,1004.84,NORMAL,0
U00273,TELECOM,221.56,3.582,142.4,44.75,71.17,2,0,36,53.82,1210.99,NORMAL,0
U04212,SAUDE,38.69,1.209,86.8,48.72,41.87,1,1,18,34.97,1263.72,NORMAL,0
U00193,ENERGIA,43.73,,142.92,131.33,61.71,3,1,99,27.53,939.55,NORMAL,0
U03796,TRANSITO,41.87,2.141,57.19,57.75,39.33,2,0,30,77.95,1000.75,NORMAL,0
U02766,TELECOM,55.97,2.998,135.34,93.83,63.14,4,0,73,63.0,1068.59,NORMAL,0
U04757,SAUDE,39.08,3.146,141.0,35.58,74.7,1,0,108,62.64,1255.54,NORMAL,0
U04396,AGUA,38.05,2.426,99.28,34.95,57.1,4,3,16,53.66,449.15,NORMAL,0
U00828,AGUA,40.29,2.988,84.56,59.68,43.12,1,0,115,68.28,656.66,NORMAL,0
U05708,TRANSITO,42.16,3.453,131.24,73.34,58.54,5,0,71,74.11,1310.08,NORMAL,0
U00552,SAUDE,,2.219,147.02,105.28,69.32,3,2,99,85.92,767.74,NORMAL,0
U05046,TELECOM,37.37,2.199,108.68,48.63,32.36,1,0,124,68.4,841.7,NORMAL,0
U03499,ENERGIA,50.46,2.253,94.6,31.38,68.5,3,0,43,61.97,939.51,NORMAL,0
U02891,AGUA,32.27,3.183,189.57,29.22,84.47,3,2,141,66.03,1175.87,NORMAL,0
U02999,ENERGIA,47.86,3.054,80.8,12.91,26.97,0,1,123,51.41,625.16,NORMAL,0
U04821,AGUA,51.86,2.961,150.0,76.1,100.0,5,0,17,51.91,1567.49,URGENTE,0
U04044,ENERGIA,46.43,3.584,121.62,36.23,58.83,5,1,110,60.64,977.29,URGENTE,1
U03039,TRANSITO,47.01,2.749,118.25,7.92,58.45,5,0,73,41.19,1162.99,NORMAL,0
U04159,ENERGIA,38.11,1.902,98.87,65.03,32.42,4,1,82,45.56,1035.93,NORMAL,0
U00706,SAUDE,44.11,2.631,102.28,32.83,47.44,0,1,48,79.49,840.65,URGENTE,0
U09668,SAUDE,35.73,1.642,91.93,11.35,38.71,2,0,31,62.62,1012.81,NORMAL,0
U01767,SAUDE,51.17,2.181,111.57,105.13,68.33,2,0,39,72.94,716.06,NORMAL,0
U07927,ENERGIA,57.96,4.6,81.1,27.85,67.38,6,1,26,60.72,1005.08,CRITICO,1
U07177,TELECOM,164.39,1.6,97.17,12.93,49.93,2,0,47,53.02,1157.65,NORMAL,0
U02653,AGUA,45.02,2.061,162.27,80.44,90.63,3,0,15,86.24,1182.62,NORMAL,0
U02918,TELECOM,56.0,1.144,115.5,38.79,52.68,4,1,108,66.95,776.25,NORMAL,0
U07793,SAUDE,44.82,2.124,109.48,94.02,47.07,2,2,100,60.43,1058.47,NORMAL,0
U05656,TELECOM,55.0,2.76,114.68,29.72,61.54,2,1,22,76.06,1123.79,NORMAL,0
U05267,ENERGIA,159.28,4.734,171.14,20.84,100.0,3,0,128,68.18,1321.75,NORMAL,0
U05322,TRANSITO,40.28,2.306,100.99,126.65,34.75,3,0,65,55.17,1215.25,NORMAL,0
U08065,TELECOM,,3.498,164.77,27.07,87.73,5,0,115,43.81,1066.67,NORMAL,0
U09142,SAUDE,37.5,2.223,85.95,71.49,50.92,1,0,112,45.13,622.46,NORMAL,0
U04141,ENERGIA,52.75,,108.87,28.57,58.44,1,0,103,51.78,1082.34,URGENTE,1
U09517,ENERGIA,52.8,2.892,115.95,64.41,76.27,3,1,61,37.21,1035.84,NORMAL,0
U07815,TRANSITO,45.62,1.739,150.19,75.12,67.23,3,1,81,66.42,1043.75,NORMAL,0
U03078,SAUDE,41.04,3.431,53.94,15.09,48.59,3,0,4,33.57,802.4,NORMAL,0
U01604,TELECOM,52.13,,155.44,64.88,67.75,1,1,104,43.11,1258.88,NORMAL,0
U08239,SAUDE,53.51,3.235,106.95,45.05,63.9,3,1,81,78.96,1003.65,NORMAL,0
U00660,TELECOM,35.77,1.453,112.64,21.11,30.26,0,0,127,75.92,895.23,NORMAL,0
U05303,AGUA,38.25,4.844,183.91,66.28,77.54,4,0,110,49.32,1355.24,NORMAL,0
U04641,AGUA,33.67,2.847,91.94,76.69,41.98,2,0,130,69.65,697.71,NORMAL,0
U01670,ENERGIA,49.98,2.828,140.71,74.78,81.63,5,0,23,87.07,1504.85,NORMAL,0
U04133,TRANSITO,,3.344,125.09,16.39,68.41,1,1,127,82.43,1376.89,NORMAL,0
U07526,AGUA,34.25,1.321,105.0,15.53,54.67,3,1,29,74.96,1006.79,NORMAL,0
U05453,TELECOM,46.31,3.818,114.53,19.77,64.59,4,1,5,80.18,913.42,NORMAL,0
U06330,AGUA,37.15,1.52,93.19,65.0,37.23,2,0,14,16.56,812.28,NORMAL,0
U05726,SAUDE,38.27,2.541,116.84,21.74,79.45,4,0,49,87.93,1117.06,NORMAL,0
U01912,SAUDE,37.85,1.554,107.53,17.75,59.54,1,2,55,70.92,1147.39,NORMAL,0
U02188,TELECOM,45.56,3.06,40.4,30.46,34.36,2,0,6,91.05,1021.87,NORMAL,0
U03459,ENERGIA,50.8,9.36,120.66,83.9,81.99,4,1,37,52.71,1305.54,CRITICO,1
U01043,AGUA,,2.387,95.85,58.03,52.21,4,0,88,82.14,1000.7,NORMAL,0
U01984,TELECOM,47.58,2.817,121.49,91.42,63.16,2,1,7,66.38,1121.12,NORMAL,0
U08492,SAUDE,37.37,3.216,120.45,,42.56,6,1,124,63.39,773.16,NORMAL,0
U01287,TRANSITO,,2.32,96.07,63.93,60.67,3,0,27,67.28,1089.29,NORMAL,0
U07520,SAUDE,41.34,3.74,100.33,249.82,50.57,5,0,14,69.73,1198.33,NORMAL,0
U01413,SAUDE,50.44,1.736,119.12,34.83,67.65,2,3,100,62.29,1371.66,NORMAL,0
U01301,TRANSITO,46.96,1.999,95.29,20.13,25.57,3,0,53,57.35,924.19,NORMAL,0
U05878,SAUDE,42.85,2.652,132.85,63.63,59.47,2,0,97,100.0,939.29,CRITICO,1
U01360,TRANSITO,56.69,3.079,131.83,36.91,77.9,5,1,41,48.25,1142.52,NORMAL,0
U04892,SAUDE,35.7,1.688,83.51,80.24,54.89,2,2,45,43.23,1144.18,URGENTE,0
U08897,ENERGIA,58.82,3.098,61.01,31.06,37.93,3,0,101,43.86,870.74,NORMAL,0
U03432,SAUDE,36.64,0.812,80.05,79.37,50.45,2,1,2,32.99,1017.7,NORMAL,0
U09132,ENERGIA,46.11,3.506,111.19,29.75,61.29,1,0,36,92.64,1029.33,CRITICO,1
U01620,AGUA,40.57,4.394,75.47,49.71,43.06,2,2,126,52.14,981.02,NORMAL,0
U08700,AGUA,39.8,1.675,105.48,34.17,42.66,3,0,116,50.42,772.02,NORMAL,0
U07859,SAUDE,207.63,2.86,72.45,25.62,33.94,1,1,33,68.24,736.9,NORMAL,0
U08864,SAUDE,34.04,2.646,139.51,90.17,53.87,0,0,143,62.57,809.84,NORMAL,0
U06600,TRANSITO,39.0,2.767,115.71,31.24,43.74,5,0,77,52.89,1179.09,NORMAL,0
U03749,ENERGIA,59.91,2.856,171.1,58.02,96.96,4,0,114,73.45,1573.92,CRITICO,1
U09938,SAUDE,39.36,1.984,78.27,132.17,37.67,3,0,132,69.33,807.96,NORMAL,0
U09672,TRANSITO,37.87,3.209,106.82,56.76,55.19,4,1,66,37.96,920.38,NORMAL,0
U01674,SAUDE,31.9,1.3,34.86,35.04,32.55,1,2,16,56.57,715.78,NORMAL,0
U05663,TRANSITO,212.62,2.717,113.71,52.87,65.61,1,2,83,45.12,1300.46,NORMAL,0
U08088,AGUA,49.92,4.321,137.04,19.09,70.81,5,0,78,70.93,863.79,NORMAL,0
U05156,TELECOM,53.08,2.645,102.21,23.54,42.75,0,0,49,47.39,901.36,URGENTE,0
U06333,ENERGIA,64.43,2.658,159.3,70.15,66.82,1,1,125,61.24,1030.29,NORMAL,0
U05397,TRANSITO,39.72,2.792,102.27,38.98,25.54,1,1,100,62.03,761.24,NORMAL,0
U09535,SAUDE,44.78,4.095,139.89,18.0,60.17,2,1,91,82.55,778.69,NORMAL,0
U04744,ENERGIA,57.62,5.937,167.06,16.44,97.45,7,0,30,55.77,1470.12,CRITICO,1
U06410,SAUDE,40.51,2.486,105.49,65.21,49.83,2,0,80,65.51,1030.8,NORMAL,0
U01380,SAUDE,42.84,2.874,184.16,77.77,100.0,1,1,53,77.55,1395.91,NORMAL,0
U02990,SAUDE,43.16,3.22,98.49,14.55,52.2,1,0,48,66.48,565.8,NORMAL,0
U09748,SAUDE,42.78,1.761,100.63,45.26,44.34,6,0,8,63.35,696.61,NORMAL,0
U08213,TRANSITO,45.53,,143.86,21.32,100.0,6,1,75,47.3,1489.03,NORMAL,0
U09904,TRANSITO,41.03,1.796,97.07,61.71,65.34,6,1,80,76.55,806.43,URGENTE,1
U08762,AGUA,49.02,2.166,159.41,15.56,65.47,7,2,54,39.21,1085.14,CRITICO,1
U07048,TRANSITO,45.44,1.083,97.74,28.14,50.28,2,0,45,49.72,1187.68,NORMAL,0
U06296,SAUDE,44.19,,150.08,77.7,68.56,3,1,143,51.19,950.49,NORMAL,0
U04691,ENERGIA,49.09,2.979,90.15,25.93,39.36,2,0,55,56.51,689.03,NORMAL,0
U04448,TELECOM,49.34,2.395,98.88,,56.49,4,0,72,85.59,900.42,NORMAL,0
U03910,TELECOM,44.28,2.297,78.2,29.64,52.71,3,1,59,76.11,1227.05,NORMAL,0
U07668,TRANSITO,44.73,3.994,133.85,35.73,83.36,2,0,138,61.27,812.69,NORMAL,0
U05591,SAUDE,35.15,0.0,66.22,,23.6,1,1,94,55.27,462.98,NORMAL,0
U09702,AGUA,38.92,3.136,114.21,61.76,65.95,3,3,29,60.52,962.67,NORMAL,0
U03035,TELECOM,56.43,1.542,91.91,121.19,45.69,0,2,42,58.97,697.67,NORMAL,0
U07963,SAUDE,48.51,2.713,119.3,47.32,63.9,6,1,59,73.8,806.67,NORMAL,0
U09412,AGUA,51.51,3.779,138.5,15.15,63.43,1,0,94,81.23,1082.69,URGENTE,1
U00982,AGUA,36.53,3.544,141.57,155.46,58.53,2,0,130,54.59,694.18,NORMAL,0
U09887,TELECOM,51.76,3.999,162.23,33.98,75.38,3,1,134,61.47,1216.22,NORMAL,0
U01306,TELECOM,41.77,1.286,75.92,21.6,26.68,2,2,103,51.38,1032.53,NORMAL,0
U08260,AGUA,41.41,4.301,68.74,2.0,59.55,2,0,51,61.79,973.61,CRITICO,0
U07492,SAUDE,31.61,0.699,122.88,42.26,53.62,2,2,45,54.67,1114.62,NORMAL,0
U07516,AGUA,35.67,3.829,131.58,38.02,73.13,6,0,81,50.2,1209.22,NORMAL,0
U06120,TRANSITO,50.07,1.828,143.27,5.26,81.26,3,1,39,35.7,1142.12,NORMAL,0
U00321,TRANSITO,,3.144,143.31,28.43,63.67,3,1,85,74.14,964.14,NORMAL,0
U07701,AGUA,39.38,2.424,130.66,44.21,79.0,2,0,39,74.47,935.63,NORMAL,0
U07384,ENERGIA,58.24,2.361,153.67,88.36,56.47,2,0,138,76.19,748.46,NORMAL,0
U09658,SAUDE,39.38,2.649,92.49,43.29,46.68,4,1,88,31.3,964.12,NORMAL,0
U05715,TRANSITO,47.37,3.502,100.7,16.9,78.18,2,1,95,71.42,1323.39,NORMAL,0
U01251,AGUA,37.8,5.496,159.65,5.19,51.6,2,0,92,65.7,912.64,NORMAL,0
U09724,AGUA,47.2,2.875,115.41,23.05,64.15,5,0,49,72.91,1078.05,NORMAL,0
U00382,ENERGIA,54.2,4.811,169.9,30.6,69.79,1,1,56,85.25,998.57,NORMAL,0
U03206,TRANSITO,52.35,1.587,125.96,25.71,65.69,4,0,94,51.1,964.09,NORMAL,0
U06126,ENERGIA,40.42,2.883,142.83,,58.61,3,0,136,80.77,858.11,NORMAL,0
U04842,TELECOM,46.48,1.801,120.06,20.87,72.1,6,0,11,58.17,1164.42,URGENTE,0
U07279,SAUDE,47.98,2.617,134.21,20.31,62.3,1,0,32,51.61,1098.64,NORMAL,0
U08477,SAUDE,46.5,1.327,58.97,37.79,23.62,2,1,11,52.42,917.24,NORMAL,0
U04122,ENERGIA,53.01,3.302,101.76,31.99,67.56,6,2,66,69.72,1251.52,CRITICO,1
U04165,TRANSITO,47.04,2.754,146.75,44.41,78.65,2,0,86,63.63,1161.03,NORMAL,0
U01614,TELECOM,38.16,2.582,125.88,49.1,62.47,1,0,108,49.24,787.45,NORMAL,0
U01298,TRANSITO,41.08,2.031,138.07,38.98,58.72,1,1,20,77.92,979.43,NORMAL,0
U09479,ENERGIA,45.51,3.888,134.43,38.56,57.69,1,0,99,64.09,1246.9,NORMAL,0
U08733,TELECOM,47.97,2.945,164.4,78.09,62.39,6,0,113,34.17,1074.6,URGENTE,0
U04936,SAUDE,41.04,1.762,75.65,69.27,30.49,0,0,79,54.2,986.36,NORMAL,0
U05782,ENERGIA,183.66,3.492,101.32,57.93,39.12,1,0,128,75.02,634.94,NORMAL,0
U00449,AGUA,39.14,2.245,116.24,38.44,59.06,0,0,82,55.04,1285.51,NORMAL,0
U07372,TRANSITO,,2.986,94.27,72.11,36.58,3,0,104,58.93,673.6,NORMAL,0
U05940,ENERGIA,46.12,3.472,123.37,177.64,69.58,2,0,51,69.44,1205.7,NORMAL,0
U07819,SAUDE,41.75,2.617,135.77,96.05,77.73,3,3,67,66.82,1234.81,NORMAL,0
U06659,TELECOM,43.14,2.393,126.4,75.38,48.03,4,1,122,72.38,1173.91,NORMAL,0
U00696,TRANSITO,50.73,3.371,122.97,137.64,71.39,5,0,4,56.61,848.99,NORMAL,0
U03336,AGUA,38.41,2.405,168.84,12.7,100.0,3,0,54,83.0,1508.26,CRITICO,1
U07517,SAUDE,37.43,2.71,113.0,61.93,65.04,5,0,71,86.18,1058.06,CRITICO,1
U00426,SAUDE,42.08,3.108,120.6,24.86,54.03,2,1,43,75.6,891.05,NORMAL,0
U02258,ENERGIA,51.71,3.374,163.62,50.83,77.72,4,0,118,75.16,1139.04,NORMAL,0
U09573,SAUDE,38.8,2.592,122.65,,48.89,1,0,127,70.15,966.59,NORMAL,0
U02051,SAUDE,44.87,3.293,140.16,128.1,61.58,2,1,136,49.1,908.61,NORMAL,0
U06539,TELECOM,45.55,2.279,122.98,56.43,66.77,6,1,64,62.47,1392.1,NORMAL,0
U06015,ENERGIA,45.16,3.776,78.44,143.77,39.16,1,0,44,33.27,808.02,NORMAL,0
U01426,TELECOM,51.29,2.245,100.46,31.48,69.21,3,0,26,61.69,1349.06,URGENTE,0
U03710,AGUA,46.08,4.032,134.32,,68.78,1,1,43,65.49,1210.05,CRITICO,1
U03844,ENERGIA,50.82,3.308,92.93,181.75,56.53,4,0,8,49.82,1053.13,CRITICO,1
U06381,TRANSITO,45.96,1.681,82.42,9.97,51.04,4,0,27,71.71,1277.78,NORMAL,0
U06579,ENERGIA,42.72,2.38,161.48,139.53,68.77,1,0,129,59.95,1072.98,NORMAL,0
U06731,ENERGIA,50.05,2.652,120.48,41.46,62.78,3,0,116,45.42,1421.04,NORMAL,0
U03150,TELECOM,51.87,1.644,96.13,26.52,48.94,1,1,121,54.39,863.66,NORMAL,0
U02074,SAUDE,47.87,1.981,105.12,35.79,75.02,5,0,31,48.5,1087.7,NORMAL,0
U09903,SAUDE,,1.518,57.12,74.28,70.31,5,0,26,43.42,1140.99,NORMAL,0
U06346,ENERGIA,49.12,4.036,111.02,131.15,72.02,6,0,66,72.62,875.69,NORMAL,0
U02430,TRANSITO,50.89,3.063,168.41,25.47,98.1,6,1,63,74.98,1698.44,NORMAL,0
U09737,ENERGIA,41.17,2.864,57.8,18.32,47.53,3,2,47,72.8,628.38,NORMAL,0
U03450,TRANSITO,44.47,2.491,76.0,80.97,53.26,2,1,69,47.83,518.77,NORMAL,0
U02649,ENERGIA,,3.314,102.95,25.58,47.96,2,0,74,34.96,837.46,NORMAL,0
U08526,ENERGIA,53.68,2.509,136.34,46.42,65.2,4,1,19,47.44,1188.8,NORMAL,0
U01780,SAUDE,41.58,0.629,81.53,77.62,50.56,4,1,71,69.01,936.87,NORMAL,0
U04430,TELECOM,49.93,2.41,158.97,48.98,69.71,0,3,133,36.49,1040.87,NORMAL,0
U00761,TELECOM,48.96,1.967,106.2,17.6,46.04,0,2,44,41.94,879.18,NORMAL,0
U06831,ENERGIA,45.85,2.428,94.07,24.74,55.49,2,0,131,56.93,1156.56,URGENTE,1
U04442,SAUDE,51.23,3.36,188.3,38.7,100.0,3,0,130,82.72,1448.58,NORMAL,0
U08250,TELECOM,51.92,1.833,97.85,40.31,51.73,3,2,5,64.11,959.07,NORMAL,0
U02561,TRANSITO,47.6,3.214,145.55,20.27,77.9,6,1,13,83.76,1060.51,URGENTE,0
U01316,TRANSITO,45.74,2.493,59.48,13.05,46.41,1,2,37,48.75,1219.3,NORMAL,0
U01135,TELECOM,47.15,2.956,99.27,74.04,53.11,6,0,73,80.12,1287.75,NORMAL,0
U07416,SAUDE,34.75,1.249,121.17,62.19,37.39,5,0,74,62.63,502.01,NORMAL,0
U04948,TELECOM,41.91,2.236,87.19,35.05,39.62,2,1,92,76.42,703.33,NORMAL,0
U07368,TELECOM,47.36,1.914,99.34,66.08,57.37,2,2,99,76.61,1003.85,NORMAL,0
U04174,TELECOM,40.83,1.302,153.12,,66.89,3,0,86,44.47,1195.55,NORMAL,0
U08358,SAUDE,38.86,2.251,104.05,36.94,53.54,1,0,68,73.18,1139.02,NORMAL,0
U05002,TRANSITO,44.91,3.746,146.89,81.86,65.15,2,0,127,85.29,947.63,NORMAL,0
U04370,TRANSITO,51.3,,115.66,51.08,62.88,1,0,40,55.41,990.69,NORMAL,0
U06633,AGUA,40.06,1.274,138.83,18.48,41.29,1,0,65,46.58,1078.46,NORMAL,0
U02082,SAUDE,42.65,3.149,143.4,50.31,75.21,3,0,2,43.38,1562.2,NORMAL,0
U01809,ENERGIA,56.27,2.539,153.44,41.85,75.23,8,0,119,82.04,932.91,NORMAL,1
U09929,ENERGIA,42.27,3.906,103.82,98.64,44.35,2,0,116,34.74,798.32,NORMAL,0
U09622,SAUDE,44.53,2.92,53.73,86.45,51.55,3,1,58,88.12,988.98,NORMAL,0
U00152,ENERGIA,57.3,3.283,182.84,120.68,86.92,2,2,131,74.79,919.49,CRITICO,1
U06805,TRANSITO,47.47,2.188,112.35,94.49,55.7,4,0,106,61.65,1053.25,NORMAL,0
U05290,TRANSITO,40.86,,139.38,72.66,68.89,2,1,19,51.57,913.72,NORMAL,0
U06895,ENERGIA,46.53,8.693,126.26,71.91,51.38,0,0,114,71.64,1245.44,URGENTE,1
U05922,AGUA,,3.39,158.24,3.48,62.18,0,3,83,68.96,1185.31,NORMAL,0
U00678,ENERGIA,49.7,3.413,144.86,22.81,64.36,3,1,90,35.74,714.16,URGENTE,0
U02457,SAUDE,46.46,6.278,120.2,27.91,100.0,5,0,10,87.94,1485.7,CRITICO,1
U09873,TRANSITO,42.11,,101.12,8.99,59.47,3,0,15,59.18,910.89,NORMAL,0
U06144,ENERGIA,53.98,4.935,144.95,56.76,68.63,4,0,17,59.46,1411.11,URGENTE,0
U04538,TELECOM,60.92,2.757,141.11,77.37,100.0,0,0,5,59.55,1526.19,NORMAL,0
U09431,TELECOM,49.76,1.634,104.7,,44.24,2,0,46,71.65,594.74,NORMAL,0
U06888,TRANSITO,45.72,1.146,101.97,,53.27,1,1,19,62.72,1240.08,NORMAL,0
U04045,AGUA,43.85,1.456,120.05,71.74,62.4,5,1,71,61.22,1186.5,NORMAL,0
U00339,TELECOM,50.63,2.453,172.38,54.0,80.28,3,1,69,73.58,1226.76,NORMAL,0
U09520,ENERGIA,48.08,2.067,119.71,8.73,69.53,1,0,29,82.76,1419.47,NORMAL,0
U09022,ENERGIA,44.26,1.556,162.65,25.49,68.91,3,0,117,45.43,782.35,NORMAL,0
U08280,ENERGIA,40.79,2.45,95.82,8.78,58.44,3,0,40,16.11,1581.75,NORMAL,0
U06076,TELECOM,42.45,2.309,138.59,,66.14,2,2,121,45.31,1013.63,URGENTE,0
U05361,TELECOM,51.28,,131.06,206.67,74.59,3,1,36,64.12,1292.27,NORMAL,0
U08425,AGUA,33.0,2.848,125.27,29.71,46.13,0,1,111,32.7,1100.16,NORMAL,0
U05837,SAUDE,43.64,1.805,88.4,13.51,39.61,0,2,75,47.95,1415.03,NORMAL,0
U09066,TRANSITO,45.71,3.36,67.93,47.34,39.43,1,1,74,84.91,547.05,NORMAL,0
U03386,TELECOM,52.06,3.298,124.75,51.86,76.53,1,1,52,74.08,878.04,NORMAL,0
U06578,AGUA,44.21,,130.37,11.31,51.26,4,1,80,49.47,1095.7,NORMAL,0
U04149,TELECOM,,0.97,100.91,53.4,41.21,0,0,88,50.15,667.26,NORMAL,0
U07303,TRANSITO,38.07,1.401,89.34,39.53,23.87,2,0,97,34.1,605.37,NORMAL,0
U09675,TELECOM,48.03,2.865,179.36,31.8,79.14,2,0,109,73.17,1280.57,URGENTE,0
U08539,TRANSITO,42.62,1.715,87.51,31.14,38.49,4,2,95,91.97,514.16,NORMAL,0
U09447,TELECOM,53.13,3.654,172.89,,100.0,6,1,97,47.73,1590.12,NORMAL,0
U08769,ENERGIA,47.49,3.706,166.84,32.8,69.78,0,1,65,43.22,525.08,NORMAL,0
U01630,TELECOM,53.06,2.691,96.34,56.47,63.01,2,0,83,58.98,1183.19,NORMAL,0
U00653,ENERGIA,49.79,3.18,163.33,69.72,74.38,1,0,114,72.38,1355.42,CRITICO,1
U06941,ENERGIA,56.85,2.84,90.63,32.95,70.54,1,0,75,80.42,931.87,NORMAL,0
U03546,AGUA,33.08,3.411,95.57,99.73,41.91,0,0,54,62.08,353.46,NORMAL,0
U00738,AGUA,33.1,1.973,76.73,40.12,43.9,2,0,7,69.66,1290.84,NORMAL,0
U05208,ENERGIA,43.95,3.286,121.51,9.22,64.06,6,1,125,54.51,1238.44,NORMAL,0
U06073,SAUDE,43.91,,139.61,49.61,49.35,4,1,142,70.4,764.53,NORMAL,0
U08299,TRANSITO,46.88,3.783,148.77,66.12,89.66,7,2,14,68.84,1320.57,NORMAL,0
U02878,TELECOM,45.0,,134.0,25.54,59.99,4,0,113,46.05,1159.27,NORMAL,0
U01420,SAUDE,50.25,1.834,130.83,60.27,83.51,4,2,125,64.42,1291.04,NORMAL,0
U06280,TRANSITO,43.75,1.203,82.14,35.76,42.5,3,1,38,77.12,615.03,NORMAL,0
U05615,TRANSITO,52.19,2.816,124.31,38.86,66.24,4,0,123,53.63,793.8,NORMAL,0
U06699,AGUA,43.5,2.213,131.57,7.65,61.62,5,0,119,34.67,1160.85,NORMAL,0
U05689,ENERGIA,56.5,4.009,143.81,83.03,82.82,3,0,60,72.28,1400.03,URGENTE,0
U07418,SAUDE,35.55,1.069,99.92,32.58,47.19,2,1,110,71.45,792.23,NORMAL,0
U02221,SAUDE,37.68,2.097,152.58,86.75,72.38,1,1,86,60.05,1217.37,NORMAL,0
U08939,ENERGIA,50.66,2.699,83.22,26.89,59.54,2,0,54,64.3,1001.67,NORMAL,0
U06193,ENERGIA,53.83,3.13,153.08,16.55,82.68,2,1,111,28.82,1587.95,NORMAL,0
U07070,TELECOM,41.86,2.838,64.67,44.37,36.09,1,0,36,54.83,893.35,NORMAL,0
U00119,SAUDE,39.08,1.722,111.17,57.99,42.99,3,2,101,47.63,850.47,NORMAL,0
U01624,ENERGIA,53.28,,102.47,46.78,54.24,5,1,55,74.65,1070.56,CRITICO,1
U03392,SAUDE,52.3,3.71,163.89,7.74,89.48,5,1,60,50.24,1073.46,CRITICO,1
U06416,AGUA,44.88,3.022,172.81,56.0,89.39,0,1,42,54.07,1549.72,NORMAL,0
U01513,TRANSITO,37.85,,87.8,58.28,41.69,2,0,81,54.86,807.47,NORMAL,0
U01441,SAUDE,39.8,,128.58,33.88,71.77,1,1,60,60.14,1243.16,NORMAL,0
U03591,ENERGIA,37.31,3.544,88.6,54.45,42.16,1,1,63,59.6,842.78,NORMAL,0
U05239,ENERGIA,41.91,2.339,83.14,54.88,36.27,4,0,43,65.01,1090.67,URGENTE,0
U06680,SAUDE,41.11,0.858,44.51,,24.11,2,0,2,52.36,555.28,NORMAL,0
U07851,SAUDE,33.68,3.454,134.06,36.2,77.65,0,0,69,89.33,1194.93,NORMAL,0
U05953,TELECOM,43.47,3.588,76.56,12.95,67.1,6,0,9,57.21,1311.14,NORMAL,0
U05299,TELECOM,53.6,3.662,82.3,14.49,40.16,1,0,61,92.04,885.06,NORMAL,0
U01585,TELECOM,50.88,0.745,88.05,65.87,26.81,2,0,77,60.49,876.26,NORMAL,0
U09705,ENERGIA,48.02,2.163,91.58,41.37,51.43,1,0,49,52.26,680.78,NORMAL,0
U01450,AGUA,53.08,2.115,49.22,57.25,34.66,1,1,83,49.49,1261.8,NORMAL,0
U09085,SAUDE,40.9,4.101,103.83,,61.16,8,0,113,47.1,690.94,CRITICO,1
U09721,SAUDE,47.49,2.271,172.47,72.72,87.02,1,0,119,66.48,1610.91,NORMAL,0
U00424,TRANSITO,53.43,2.224,77.17,46.46,68.03,3,3,39,37.88,1433.99,NORMAL,0
U06537,SAUDE,140.53,2.963,160.71,96.85,88.79,7,0,139,64.29,1215.35,CRITICO,1
U07862,ENERGIA,47.42,2.943,132.37,88.89,59.88,1,0,104,63.36,1218.44,NORMAL,0
U08308,AGUA,38.28,3.347,111.08,81.93,58.54,0,1,12,44.34,873.59,NORMAL,0
U03149,ENERGIA,45.09,1.942,83.44,,50.48,4,1,31,70.03,894.21,NORMAL,0
U03151,TELECOM,,1.132,95.05,,41.06,1,1,95,59.4,727.84,NORMAL,0
U08698,SAUDE,44.1,2.184,167.46,71.61,83.93,4,1,102,42.92,1370.31,NORMAL,0
U09168,TRANSITO,58.17,,149.26,151.94,85.94,0,1,85,65.7,1115.23,NORMAL,0
U02252,ENERGIA,35.02,2.876,63.48,86.1,45.9,4,0,13,46.2,895.14,NORMAL,0
U06942,TRANSITO,40.0,2.331,54.1,46.89,37.64,4,0,45,52.48,631.94,NORMAL,0
U01353,ENERGIA,46.86,2.188,113.3,29.67,61.24,4,0,11,86.13,948.2,NORMAL,0
U02564,AGUA,152.89,2.592,166.55,88.03,92.95,6,1,90,66.12,1783.22,NORMAL,0
U01738,ENERGIA,44.08,2.305,112.34,27.84,35.78,2,2,84,60.87,671.02,NORMAL,0
U00044,TRANSITO,39.28,2.743,116.38,25.85,73.79,4,2,37,71.84,1454.69,NORMAL,0
U04608,ENERGIA,46.46,3.248,120.82,20.23,60.27,0,0,36,66.11,1093.52,NORMAL,0
U05178,AGUA,84.64,3.382,74.78,37.12,32.66,1,0,77,81.2,977.57,NORMAL,0
U02193,TELECOM,,2.143,105.12,85.62,45.93,1,0,17,66.77,650.55,NORMAL,0
U00681,ENERGIA,42.85,2.84,121.96,39.17,67.4,3,1,57,60.94,1347.05,NORMAL,0
U04219,TRANSITO,51.66,2.766,164.06,58.37,99.97,7,0,32,60.85,1814.34,NORMAL,0
U01223,TRANSITO,50.41,2.285,120.11,59.69,67.44,1,0,103,59.77,1237.71,NORMAL,0
U08521,TRANSITO,48.1,1.614,105.48,67.78,61.65,5,1,90,51.24,1326.12,NORMAL,0
U05391,ENERGIA,55.79,4.67,149.36,6.67,74.66,5,0,125,45.48,1276.72,URGENTE,0
U02064,AGUA,34.12,3.772,108.05,16.42,70.48,1,0,59,52.5,1253.46,NORMAL,0
U01680,ENERGIA,44.24,3.13,60.95,51.59,47.23,5,0,19,60.36,577.29,NORMAL,0
U08139,ENERGIA,43.46,3.045,184.62,69.31,71.19,2,1,139,65.19,1571.46,CRITICO,1
U06872,TRANSITO,152.29,1.624,100.34,53.68,48.1,1,2,61,73.08,830.93,NORMAL,0
U09608,ENERGIA,44.48,3.57,104.95,131.24,52.3,3,2,128,87.97,1168.17,NORMAL,0
U09411,SAUDE,47.88,1.963,98.28,99.3,57.73,3,0,60,73.39,1178.09,NORMAL,0
U03396,TRANSITO,46.64,2.508,74.73,44.38,36.48,1,2,110,53.0,789.69,NORMAL,0
U09656,TELECOM,50.83,2.032,121.75,96.81,52.42,2,0,78,86.61,499.84,NORMAL,0
U09404,AGUA,52.44,3.077,162.66,,87.54,6,0,55,55.88,1625.52,NORMAL,0
U03262,AGUA,35.32,3.285,100.45,33.65,46.36,1,1,80,52.12,1078.2,NORMAL,0
U05359,ENERGIA,53.64,1.887,139.42,120.69,64.71,4,1,20,82.96,717.82,URGENTE,1
U00082,AGUA,,1.93,84.21,18.81,44.99,3,2,82,48.71,835.86,NORMAL,0
U09166,ENERGIA,58.51,3.883,149.95,56.7,70.61,1,2,43,42.31,1118.23,NORMAL,0
U06278,ENERGIA,49.06,3.006,126.49,41.51,51.02,2,1,83,70.83,1386.02,NORMAL,0
U04583,TELECOM,50.36,2.182,160.95,20.53,68.02,6,1,136,39.64,1124.71,NORMAL,0
U00709,ENERGIA,55.18,3.252,109.31,30.68,62.89,6,1,24,44.68,1090.58,NORMAL,0
U07121,TRANSITO,44.55,2.889,60.77,25.36,33.16,3,0,32,49.71,970.2,NORMAL,0
U07178,SAUDE,44.58,7.394,98.51,29.42,68.03,2,0,117,53.32,869.27,CRITICO,1
U06930,SAUDE,45.73,3.265,105.2,10.31,57.24,4,1,11,54.28,927.91,NORMAL,0
U08643,SAUDE,37.33,1.397,130.82,34.99,66.28,4,0,38,68.12,629.98,NORMAL,0
U02127,SAUDE,42.95,1.273,132.15,20.31,75.42,2,0,11,63.47,1020.95,NORMAL,0
U08669,TELECOM,58.13,3.04,131.22,20.4,76.54,5,0,15,40.17,1102.07,NORMAL,0
U03867,TRANSITO,51.52,1.11,152.07,12.08,83.33,0,1,45,51.75,1130.48,NORMAL,0
U09118,SAUDE,41.52,3.668,125.02,94.97,77.91,5,0,21,60.5,1041.12,NORMAL,0
U05256,ENERGIA,46.33,3.096,120.47,105.41,70.24,2,0,36,64.85,1319.94,NORMAL,0
U02027,SAUDE,49.48,2.386,136.86,18.08,67.79,2,1,8,50.09,1364.19,NORMAL,0
U09080,ENERGIA,49.42,2.984,84.91,50.61,39.29,4,0,9,75.57,898.96,NORMAL,0
U01407,ENERGIA,57.65,4.486,92.27,12.39,54.63,1,1,71,68.79,1129.32,NORMAL,0
U08090,TRANSITO,48.47,2.79,135.84,39.68,59.93,3,1,118,99.66,961.3,NORMAL,0
U00592,AGUA,,1.749,117.44,17.91,46.11,3,1,127,84.91,766.82,NORMAL,0
U01406,SAUDE,42.01,2.071,74.48,42.56,39.9,0,1,60,70.76,735.61,NORMAL,0
U07689,TRANSITO,,2.953,138.27,34.64,81.74,4,0,27,89.82,1320.63,NORMAL,0
U02091,TELECOM,35.84,2.881,133.2,55.01,76.19,3,1,77,60.31,1147.38,NORMAL,1
U05363,TELECOM,42.51,1.304,113.79,25.2,50.63,2,0,99,52.83,1030.23,NORMAL,0
U09403,TRANSITO,54.38,2.792,115.07,65.74,83.85,3,1,33,59.65,1464.23,NORMAL,0
U05894,TRANSITO,43.37,3.41,109.69,9.82,76.61,4,0,8,61.88,1179.52,NORMAL,0
U07967,ENERGIA,44.78,3.354,99.37,21.34,59.72,2,1,9,75.71,1118.59,NORMAL,0
U03540,ENERGIA,,4.614,93.49,23.09,71.43,3,1,26,53.4,1605.41,NORMAL,0
U03747,TELECOM,155.72,7.403,134.13,83.25,57.39,6,1,112,79.57,1145.75,CRITICO,1
U00112,ENERGIA,56.45,3.918,115.98,25.82,58.17,1,0,48,81.48,1390.21,NORMAL,0
U02099,AGUA,35.74,,136.56,32.47,48.44,1,0,133,55.56,1208.74,NORMAL,0
U02670,SAUDE,38.22,1.989,139.55,110.89,75.91,2,0,115,83.99,1066.95,NORMAL,0
U09666,TRANSITO,35.92,4.364,136.33,25.99,75.54,2,1,29,84.75,1504.99,NORMAL,0
U04566,SAUDE,42.47,1.623,117.31,6.23,30.2,4,0,126,70.32,744.4,NORMAL,0
U07877,AGUA,35.16,3.013,102.8,,51.4,3,2,26,58.55,1306.05,NORMAL,0
U09458,TELECOM,45.1,2.866,155.77,76.94,59.87,3,1,25,72.66,701.96,NORMAL,0
U06841,ENERGIA,56.27,3.006,153.72,30.11,91.53,4,1,15,69.76,1571.31,NORMAL,0
U04777,AGUA,46.96,2.827,170.94,16.52,96.97,3,0,11,61.56,1669.83,NORMAL,0
U07208,TRANSITO,51.09,,176.37,27.08,100.0,4,0,49,53.74,1497.43,CRITICO,1
U07554,TELECOM,43.32,2.27,122.28,3.27,54.8,3,0,122,86.67,772.32,NORMAL,0
U04401,TRANSITO,60.29,2.846,127.83,69.64,64.67,1,0,49,86.64,1239.31,NORMAL,0
U04367,TELECOM,48.93,,135.58,,71.97,2,0,80,88.15,1115.66,NORMAL,0
U07748,AGUA,41.33,0.93,107.1,49.0,41.52,5,1,119,86.34,760.39,NORMAL,0
U05773,SAUDE,41.96,2.786,147.93,98.12,70.53,2,0,61,52.48,1443.65,URGENTE,1
U02618,ENERGIA,49.33,2.516,84.71,105.28,40.17,4,1,127,55.19,739.02,NORMAL,0
U01578,SAUDE,30.22,1.722,130.58,55.59,51.18,1,0,64,37.72,1027.59,NORMAL,0
U00046,ENERGIA,41.4,1.16,100.84,34.8,36.21,0,0,116,74.95,740.81,NORMAL,0
U04717,TELECOM,44.73,,147.69,38.84,48.45,0,1,119,72.89,1017.0,NORMAL,0
U00956,SAUDE,52.67,3.053,123.69,77.93,100.0,6,0,31,77.9,1422.95,NORMAL,0
U04256,TRANSITO,64.03,2.7,154.05,68.81,87.49,3,1,54,73.31,1470.34,NORMAL,0
U08716,AGUA,33.64,3.281,60.77,,42.52,2,1,18,73.41,891.95,NORMAL,0
U04250,ENERGIA,54.51,3.012,114.57,32.6,70.61,3,2,58,52.75,1342.19,NORMAL,0
U04659,AGUA,48.11,2.771,132.75,121.85,60.58,7,0,64,36.7,749.14,NORMAL,0
U04572,TRANSITO,46.21,4.275,123.83,11.3,69.41,4,0,53,70.77,1391.26,NORMAL,0
U00131,TELECOM,,3.238,50.26,43.15,30.41,1,1,5,57.3,1118.78,NORMAL,0
U00328,ENERGIA,46.67,,79.15,20.24,39.17,2,0,45,88.88,757.3,NORMAL,0
U09760,TRANSITO,50.21,1.164,91.3,124.95,53.44,5,0,76,62.52,1201.9,NORMAL,0
U04681,SAUDE,41.74,3.062,150.55,26.99,83.48,6,0,24,83.45,1576.72,CRITICO,1
U07131,SAUDE,47.79,1.659,89.92,52.11,30.3,3,2,75,50.64,822.3,NORMAL,0
U06801,ENERGIA,49.8,2.803,120.08,8.95,65.29,0,0,95,25.95,983.61,NORMAL,0
U03899,ENERGIA,,3.304,155.02,12.3,79.91,6,0,14,39.58,1432.39,NORMAL,0
U01052,ENERGIA,42.98,3.26,170.84,,79.5,3,0,117,72.73,1309.41,NORMAL,0
U02261,SAUDE,41.94,1.971,133.69,34.02,64.03,5,1,73,58.6,971.27,NORMAL,0
U04064,AGUA,37.37,1.695,93.25,61.51,45.44,6,0,6,75.45,1027.37,NORMAL,0
U00514,SAUDE,37.2,0.19,31.04,50.14,10.44,1,0,84,78.85,932.44,NORMAL,0
U03931,SAUDE,45.24,3.055,148.61,44.09,55.74,2,1,99,90.46,706.34,NORMAL,0
U04211,TELECOM,41.91,2.346,89.74,40.07,45.7,2,0,71,69.21,805.93,NORMAL,0
U05305,TRANSITO,40.96,2.919,138.58,98.97,69.72,3,0,98,59.9,685.78,NORMAL,0
U06227,ENERGIA,48.55,3.541,129.96,19.59,75.9,6,0,102,61.43,1222.03,NORMAL,1
U06785,AGUA,40.41,2.069,100.18,99.76,51.05,2,2,68,45.74,1029.77,URGENTE,0
U09437,ENERGIA,44.24,3.99,128.81,30.07,73.73,2,0,19,55.0,1471.27,CRITICO,1
U07146,SAUDE,32.43,2.443,126.69,65.0,57.78,1,1,107,59.24,1248.27,NORMAL,0
U05914,SAUDE,38.55,3.536,121.61,77.78,60.44,3,0,138,88.43,1283.1,NORMAL,0
U05465,AGUA,44.39,1.98,48.07,51.71,12.86,1,0,8,50.93,803.0,NORMAL,0
U09394,ENERGIA,51.1,3.415,159.93,20.5,100.0,0,0,12,51.82,1491.34,NORMAL,0
U09587,SAUDE,46.52,1.739,116.7,41.24,57.45,3,0,86,53.18,743.89,NORMAL,0
U08441,TRANSITO,42.98,1.933,117.46,184.13,49.75,2,1,69,79.24,791.4,NORMAL,0
U08105,TRANSITO,38.78,2.664,141.34,26.11,65.18,2,1,67,69.76,753.44,NORMAL,0
U08863,TRANSITO,40.86,3.086,114.47,18.89,71.55,3,2,28,65.88,1302.92,NORMAL,0
U02531,SAUDE,44.79,3.684,101.5,18.52,45.68,4,1,137,65.82,996.33,NORMAL,0
U07837,ENERGIA,55.5,4.226,166.79,39.0,76.26,2,1,95,54.61,1312.29,CRITICO,1
U04839,TELECOM,42.36,3.742,117.18,24.46,64.27,2,2,113,63.7,1190.72,NORMAL,0
U08094,SAUDE,49.33,3.327,94.06,54.36,68.45,6,0,34,48.15,1331.78,NORMAL,0
U05879,AGUA,42.87,3.577,176.04,87.06,82.07,1,0,135,72.85,1150.47,NORMAL,0
U06203,ENERGIA,45.71,3.609,154.67,147.62,76.38,5,0,52,58.43,1261.12,CRITICO,1
U05886,ENERGIA,50.92,3.023,87.27,2.04,43.26,0,0,89,48.79,864.45,NORMAL,0
U00994,TRANSITO,50.42,2.104,140.82,58.01,62.54,3,0,8,65.1,908.64,NORMAL,0
U09981,ENERGIA,,3.451,157.49,49.84,69.26,3,0,91,78.18,1002.81,NORMAL,0
U01522,SAUDE,40.17,3.158,87.07,100.36,61.93,1,0,25,45.17,1390.3,NORMAL,0
U06592,AGUA,28.2,2.498,165.4,107.68,60.49,3,1,80,56.72,1016.22,URGENTE,0
U09776,AGUA,34.76,2.482,110.57,54.19,59.67,2,0,111,54.52,1107.52,NORMAL,0
U04791,ENERGIA,50.84,3.752,106.38,24.82,57.57,4,3,29,71.52,1091.16,NORMAL,0
U04900,TRANSITO,49.6,3.822,135.78,71.64,62.85,4,0,104,67.79,1012.32,NORMAL,0
U07425,TELECOM,44.63,2.025,54.68,49.49,24.26,1,1,34,72.5,549.07,NORMAL,0
U03141,TRANSITO,51.28,1.432,131.42,11.04,45.44,2,1,136,74.61,329.03,NORMAL,0
U07587,AGUA,42.45,4.114,162.43,44.63,59.56,5,0,144,22.09,1300.44,NORMAL,0
U05800,TELECOM,35.91,1.71,51.92,,21.65,2,1,57,53.3,632.29,NORMAL,0
U07619,SAUDE,43.72,2.407,160.76,90.13,87.37,4,1,121,57.66,1448.24,NORMAL,0
U02902,SAUDE,124.05,4.252,125.11,35.56,66.88,2,2,18,62.02,1145.73,NORMAL,0
U01593,SAUDE,45.17,4.109,147.42,4.87,73.1,3,0,115,60.94,1109.95,NORMAL,0
U03361,ENERGIA,47.91,3.75,167.28,19.28,80.37,3,0,88,73.0,1059.16,NORMAL,0
U03914,ENERGIA,40.98,3.437,75.3,9.48,43.77,2,0,2,70.95,957.44,NORMAL,0
U04489,AGUA,41.1,2.227,154.49,39.79,93.02,6,0,86,49.84,1099.11,NORMAL,0
U02484,ENERGIA,49.86,2.348,83.82,22.67,36.39,0,1,117,54.31,909.97,NORMAL,0
U08007,SAUDE,38.42,1.494,111.99,14.4,52.41,3,3,118,32.62,899.79,NORMAL,0
U02985,ENERGIA,45.21,,129.28,17.8,73.24,2,0,27,93.95,1449.43,NORMAL,0
U03533,AGUA,40.52,2.527,99.79,15.24,47.37,3,0,8,77.5,773.62,NORMAL,0
U01031,ENERGIA,43.82,5.112,118.6,50.63,68.65,7,1,30,62.92,959.78,NORMAL,0
U04867,TRANSITO,54.54,2.381,110.92,117.54,57.57,4,0,59,72.0,1386.57,NORMAL,0
U04096,TRANSITO,51.12,4.147,91.43,59.35,52.56,2,0,85,61.44,945.32,NORMAL,0
U00126,SAUDE,43.89,1.365,92.7,61.22,60.98,5,1,14,50.15,1182.82,NORMAL,0
U08851,AGUA,43.47,2.859,135.67,17.45,69.71,1,1,84,76.09,1315.13,NORMAL,0
U08942,SAUDE,38.21,2.325,98.16,7.84,57.79,5,0,63,94.32,1140.33,NORMAL,0
U03045,ENERGIA,48.88,3.42,81.42,204.25,41.89,3,1,106,68.08,891.7,NORMAL,0
U08844,ENERGIA,48.72,2.601,114.09,57.77,71.05,1,1,44,47.67,1317.46,NORMAL,0
U01807,ENERGIA,53.05,3.662,95.31,26.09,46.62,1,1,80,47.39,1086.27,NORMAL,0
U03463,ENERGIA,53.23,2.58,136.72,88.05,51.64,4,0,35,45.14,729.89,NORMAL,0
U08497,ENERGIA,,1.94,127.4,183.43,56.51,2,1,110,47.08,588.37,NORMAL,0
U00551,TELECOM,42.84,2.623,140.24,20.64,62.41,3,2,144,71.21,1252.72,NORMAL,0
U07597,SAUDE,43.58,2.713,64.75,61.8,56.12,2,0,7,64.84,881.81,NORMAL,0
U07788,ENERGIA,48.21,4.066,113.66,27.63,71.12,3,0,23,80.52,1079.31,URGENTE,0
U07726,ENERGIA,46.9,3.571,124.06,120.36,68.84,3,0,124,89.32,1128.48,NORMAL,0
U02969,TRANSITO,44.57,,129.42,34.33,53.11,2,0,52,56.93,1074.78,NORMAL,0
U00928,ENERGIA,51.76,3.319,143.28,54.79,75.69,3,0,99,64.84,1265.52,NORMAL,0
U02417,ENERGIA,93.45,3.563,130.58,68.93,62.73,3,0,30,86.29,741.42,NORMAL,0
U03598,TELECOM,38.2,2.625,94.19,64.8,57.74,1,0,31,69.27,1330.48,NORMAL,0
U05203,ENERGIA,53.41,3.492,121.19,121.08,68.72,3,0,3,51.91,1393.84,NORMAL,0
U02644,SAUDE,30.63,2.573,102.59,46.42,33.29,3,0,99,48.99,643.56,NORMAL,0
U01847,ENERGIA,51.08,,83.19,21.44,48.45,1,0,43,70.08,948.89,URGENTE,0
U02002,TELECOM,44.84,2.824,124.21,,65.32,3,0,31,75.77,785.74,URGENTE,0
U04325,TRANSITO,43.39,2.404,127.75,64.3,68.22,1,0,38,67.25,1192.58,NORMAL,0
U06955,ENERGIA,53.66,2.681,136.16,38.22,61.27,2,1,116,77.97,1194.34,NORMAL,0
U02750,SAUDE,40.39,2.281,117.07,67.06,50.24,6,0,58,44.53,683.16,NORMAL,0
U09800,ENERGIA,48.28,4.063,108.6,60.0,80.38,3,0,27,65.91,1378.44,NORMAL,0
U05807,SAUDE,38.9,,121.58,33.9,59.33,6,1,121,50.91,1196.43,CRITICO,1
U01643,AGUA,30.81,3.319,127.81,72.83,67.26,1,0,52,39.14,871.07,NORMAL,0
U00113,AGUA,48.08,2.837,121.78,91.96,78.96,2,0,37,33.72,1286.36,CRITICO,1
U01575,TRANSITO,,3.206,117.89,36.34,61.28,1,0,62,87.22,1203.27,NORMAL,0
U06147,TELECOM,51.82,3.899,113.44,29.07,63.04,3,0,33,76.13,1217.25,NORMAL,0
U02062,SAUDE,42.24,2.05,127.79,16.89,63.27,2,0,25,89.43,1229.85,NORMAL,0
U03686,AGUA,47.61,1.965,147.63,139.98,79.28,7,1,138,77.81,1416.39,URGENTE,0
U06737,TELECOM,50.62,1.599,125.11,50.89,67.68,4,0,68,74.5,1039.34,NORMAL,0
U04759,SAUDE,48.67,1.454,120.16,14.77,69.86,2,0,48,40.77,1188.27,URGENTE,0
U06398,TELECOM,41.43,1.337,120.26,19.87,51.4,2,0,43,65.86,901.29,NORMAL,0
U09527,ENERGIA,44.64,2.95,75.19,60.4,16.71,2,1,18,82.58,727.11,NORMAL,0
U07059,ENERGIA,52.98,3.093,105.71,,49.98,1,1,130,81.74,787.92,NORMAL,0
U09429,SAUDE,37.65,2.122,123.98,50.12,43.32,3,0,6,79.25,266.36,NORMAL,0
U06692,TELECOM,52.92,1.798,146.54,41.47,95.15,2,0,43,22.32,1250.5,NORMAL,0
U08310,SAUDE,34.55,1.702,117.54,20.84,73.56,1,0,24,69.62,1097.29,URGENTE,0
U03752,TRANSITO,,3.399,131.29,49.04,73.46,2,0,77,54.45,1555.23,NORMAL,0
U05513,AGUA,46.68,2.215,58.33,49.98,45.76,1,3,14,42.33,921.92,NORMAL,0
U01350,ENERGIA,38.33,2.968,98.83,46.82,29.23,4,0,106,63.19,1116.79,NORMAL,0
U02674,AGUA,40.45,3.175,142.06,36.69,57.27,0,0,100,73.72,929.09,NORMAL,0
U01841,ENERGIA,56.83,3.309,144.38,44.03,75.81,0,0,44,60.21,967.85,NORMAL,0
U01964,SAUDE,35.05,1.292,114.81,46.33,50.63,3,0,49,52.55,535.96,NORMAL,0
U05451,ENERGIA,51.98,3.831,149.06,49.61,80.49,0,1,140,93.92,1211.6,URGENTE,0
U04231,ENERGIA,55.57,2.43,89.18,76.67,53.48,1,2,77,75.4,644.64,NORMAL,0
U01427,AGUA,45.6,4.595,114.41,73.02,77.77,3,0,81,69.15,1285.57,NORMAL,0
U03595,ENERGIA,52.17,3.309,147.57,77.82,86.2,7,0,55,72.34,1184.96,NORMAL,0
U04419,SAUDE,48.98,4.266,124.48,44.93,58.34,1,0,106,60.42,921.78,NORMAL,0
U02008,TRANSITO,39.32,2.309,130.63,39.99,63.44,2,0,93,71.28,1140.59,NORMAL,0
U07594,TRANSITO,50.83,2.392,187.36,25.15,81.43,6,1,113,55.1,1494.22,URGENTE,1
U09782,SAUDE,33.8,2.632,144.15,26.91,71.51,4,0,12,45.93,1359.72,NORMAL,0
U06807,SAUDE,43.28,2.908,132.28,28.91,63.56,1,2,130,45.52,948.15,NORMAL,0
U02209,ENERGIA,59.44,2.273,136.7,64.12,60.96,5,0,144,86.14,977.27,NORMAL,0
U09534,AGUA,39.47,3.617,157.9,60.98,72.38,2,0,137,59.51,1505.9,NORMAL,0
U07695,TELECOM,45.78,3.603,66.0,72.68,50.89,4,0,17,41.95,616.16,NORMAL,0
U01971,AGUA,42.7,1.79,72.9,30.93,50.11,2,0,26,47.19,508.7,NORMAL,0
U07004,AGUA,50.36,3.37,125.83,72.11,70.26,6,0,32,60.15,1137.91,NORMAL,0
U02983,SAUDE,43.44,1.724,44.8,16.86,34.4,3,1,8,86.61,819.34,NORMAL,0
U01584,TELECOM,47.23,,124.73,106.82,64.07,3,1,16,89.41,968.76,NORMAL,0
U00375,TELECOM,48.44,,112.45,68.62,42.88,3,0,101,70.9,1190.23,NORMAL,0
U06870,SAUDE,55.37,3.314,181.76,50.01,93.81,1,1,92,77.02,1406.16,NORMAL,0
U09444,TELECOM,,3.024,125.01,25.2,56.03,2,0,96,63.03,820.5,NORMAL,0
U01617,ENERGIA,56.13,4.244,131.43,57.36,52.05,1,1,13,93.95,996.14,NORMAL,0
U06934,ENERGIA,58.55,2.607,113.6,119.45,60.4,1,0,25,77.86,794.24,NORMAL,0
U06951,SAUDE,50.46,1.857,82.78,31.5,51.21,4,0,32,72.73,1017.49,NORMAL,0
U07941,TRANSITO,,2.45,141.69,24.2,68.49,3,1,48,70.81,1254.89,NORMAL,0
U05241,TRANSITO,37.91,1.915,125.09,82.44,53.54,3,0,123,54.37,1143.64,NORMAL,0
U09064,TRANSITO,36.08,3.278,150.35,44.72,64.53,3,1,54,81.79,1175.88,NORMAL,0
U00908,TELECOM,55.36,2.611,152.29,82.08,78.23,3,0,111,59.33,1396.07,CRITICO,1
U04405,TELECOM,44.12,2.469,96.37,43.65,33.92,3,1,65,100.0,1064.68,NORMAL,0
U01706,ENERGIA,52.15,4.372,156.18,50.54,61.29,2,1,136,63.93,999.94,NORMAL,0
U05719,SAUDE,45.83,1.741,124.22,23.93,70.06,0,0,138,56.06,997.18,NORMAL,0
U05821,SAUDE,38.46,2.089,99.2,57.91,27.77,3,1,68,80.07,1018.07,NORMAL,0
U03320,ENERGIA,153.55,2.433,165.73,13.35,69.92,4,1,139,41.28,1440.2,NORMAL,0
U08958,TELECOM,59.74,3.525,162.07,67.79,66.23,2,0,116,78.41,1334.61,NORMAL,0
U09756,TELECOM,44.9,2.035,139.08,26.22,48.01,2,0,93,86.34,1017.25,NORMAL,0
U09019,TELECOM,51.81,1.492,121.88,104.9,65.7,4,0,60,75.62,981.19,NORMAL,0
U01361,TRANSITO,42.46,2.725,74.29,59.88,43.5,5,0,25,56.72,863.71,NORMAL,0
U02542,TRANSITO,43.4,2.76,155.89,146.45,62.59,1,1,140,80.51,892.72,NORMAL,0
U06238,SAUDE,38.5,1.328,114.45,22.52,54.83,1,0,134,58.82,884.79,URGENTE,1
U08249,TRANSITO,45.13,2.651,110.06,78.65,69.82,5,0,21,54.6,1395.45,NORMAL,0
U01980,SAUDE,35.67,2.266,119.26,100.77,41.18,3,1,123,88.07,885.86,NORMAL,0
U07323,TRANSITO,50.43,3.122,132.85,25.87,56.87,1,1,126,56.6,983.26,NORMAL,0
U00774,ENERGIA,51.62,2.469,109.38,73.12,57.27,2,1,38,72.86,1116.75,NORMAL,0
U01951,SAUDE,43.15,2.301,109.75,17.78,75.08,6,0,124,76.34,1295.82,NORMAL,0
U05177,TRANSITO,40.55,1.365,48.45,73.35,55.39,7,0,41,60.86,1019.12,NORMAL,0
U08888,SAUDE,40.36,2.418,87.71,28.47,52.01,4,0,21,80.73,1021.6,NORMAL,0
U08184,TRANSITO,37.67,2.642,68.72,53.82,27.38,3,1,62,50.46,543.85,NORMAL,0
U08576,TRANSITO,43.51,2.566,81.17,82.57,46.11,2,1,19,58.41,720.03,NORMAL,0
U08508,SAUDE,45.42,1.964,122.08,88.4,75.9,2,0,77,52.12,983.72,URGENTE,1
U05370,ENERGIA,42.11,4.312,177.77,53.11,52.61,3,0,121,80.59,926.38,CRITICO,1
U03592,TRANSITO,44.47,0.506,64.92,53.63,28.44,6,0,15,41.8,514.87,NORMAL,0
U08209,TRANSITO,57.12,,161.88,62.51,73.85,5,2,134,56.6,1437.9,NORMAL,0
U04041,ENERGIA,47.16,3.324,102.77,23.91,66.07,2,1,23,54.87,1332.51,NORMAL,0
U05811,SAUDE,34.68,1.999,112.22,180.12,36.36,2,0,81,69.46,838.19,NORMAL,0
U04945,TELECOM,39.71,2.094,97.81,,55.45,0,1,89,73.16,943.65,NORMAL,0
U02998,TRANSITO,38.75,,96.48,74.69,56.25,4,0,51,78.3,706.22,NORMAL,0
U08578,AGUA,38.66,2.859,136.38,63.12,60.83,4,0,34,73.93,772.81,NORMAL,0
U08600,SAUDE,46.55,6.549,184.78,51.72,94.89,5,1,41,54.78,1577.58,URGENTE,1
U00305,SAUDE,50.69,1.856,111.29,22.6,45.5,3,1,22,47.69,1042.44,NORMAL,0
U04837,ENERGIA,40.85,,89.07,22.72,23.64,0,0,127,61.75,356.67,NORMAL,0
U09164,SAUDE,38.42,2.609,113.43,43.68,60.89,2,0,44,65.47,1123.29,NORMAL,0
U07959,ENERGIA,44.76,2.526,122.77,71.07,70.64,5,0,26,71.93,1418.99,NORMAL,0
U05399,ENERGIA,35.89,3.038,74.1,19.44,21.53,1,0,88,69.99,848.29,NORMAL,0
U02661,AGUA,46.5,2.724,129.14,,60.66,2,0,74,66.16,1127.3,NORMAL,0
U05916,ENERGIA,47.52,3.108,132.53,59.72,81.09,2,0,56,36.75,1240.98,NORMAL,0
U07403,TELECOM,53.82,2.471,159.28,85.95,83.78,1,1,130,56.62,1245.07,CRITICO,1
U02110,TRANSITO,39.08,3.217,85.37,,33.29,0,0,76,53.93,856.51,NORMAL,0
U03995,SAUDE,41.75,2.335,116.43,47.66,64.92,4,0,30,46.27,1177.92,URGENTE,0
U01196,TRANSITO,,2.69,121.7,16.54,75.01,3,0,24,50.45,942.96,NORMAL,0
U08575,TRANSITO,,1.743,110.88,10.42,61.55,1,2,15,65.28,1223.26,NORMAL,0
U08416,TRANSITO,,1.996,116.79,14.43,50.05,5,1,129,61.35,451.95,NORMAL,0
U02219,ENERGIA,,3.434,89.42,,51.31,3,0,8,66.34,1288.93,NORMAL,0
U06819,ENERGIA,55.53,2.419,131.1,57.71,49.64,3,0,132,69.64,911.56,NORMAL,0
U07322,TELECOM,46.37,2.369,90.85,47.1,41.22,2,0,93,62.65,602.85,NORMAL,0
U07451,ENERGIA,46.31,3.353,151.82,9.35,66.74,5,0,123,42.78,887.21,NORMAL,0
U06366,ENERGIA,53.15,1.982,62.74,79.72,23.0,4,0,132,57.34,638.74,NORMAL,0
U09830,SAUDE,42.31,1.882,85.28,19.74,43.03,0,0,31,70.83,868.88,NORMAL,0
U07858,AGUA,34.83,2.716,92.87,17.44,44.97,1,0,105,50.79,766.62,NORMAL,0
U06495,SAUDE,33.76,2.072,111.92,74.14,56.27,5,1,15,85.23,612.74,URGENTE,0
U08071,TRANSITO,41.49,2.536,82.94,6.97,57.27,2,0,97,40.6,509.78,NORMAL,0
U08842,TRANSITO,41.45,2.022,147.0,25.06,72.59,2,2,115,54.39,1630.0,NORMAL,0
U06828,SAUDE,40.46,2.57,87.71,45.43,52.73,1,0,25,59.63,705.8,NORMAL,0
U05029,ENERGIA,55.87,4.136,172.17,66.79,92.5,7,0,88,70.03,1469.01,URGENTE,1
U08104,TRANSITO,42.03,2.044,124.96,56.41,68.02,3,0,51,62.42,1108.38,URGENTE,0
U09733,AGUA,47.37,3.965,190.8,45.4,82.07,4,0,111,65.7,1153.77,NORMAL,0
U02196,TRANSITO,38.95,2.13,54.59,63.79,25.63,0,0,129,86.73,604.85,NORMAL,0
U00784,AGUA,35.46,,177.45,21.31,82.99,1,2,118,17.26,1000.82,CRITICO,1
U09881,AGUA,46.09,2.545,80.41,5.56,47.15,2,0,107,48.18,733.17,NORMAL,0
U00923,TELECOM,46.75,4.804,95.86,11.19,55.21,3,0,12,90.61,1188.35,CRITICO,1
U05402,TELECOM,49.76,2.458,94.68,,55.54,2,0,8,72.52,1265.81,NORMAL,0
U02849,AGUA,44.29,3.74,139.05,69.45,95.0,4,0,11,62.79,942.1,NORMAL,0
U07441,SAUDE,45.4,2.931,113.86,17.7,62.14,3,0,13,55.24,1039.39,NORMAL,0
U00694,ENERGIA,50.1,3.392,130.12,,67.04,5,0,68,38.51,1346.09,NORMAL,0
U06734,ENERGIA,49.81,4.124,136.46,22.65,81.47,7,1,23,59.07,910.78,NORMAL,0
U01155,AGUA,36.46,2.358,122.86,67.04,54.43,7,2,27,63.07,896.67,URGENTE,0
U02028,TRANSITO,48.23,0.829,106.19,8.2,45.83,1,0,121,65.54,1013.14,NORMAL,0
U07494,AGUA,39.53,3.15,153.75,28.07,75.13,5,0,142,65.48,1142.8,NORMAL,0
U00139,ENERGIA,48.18,3.898,214.91,92.86,89.01,2,0,106,70.89,1264.93,NORMAL,0
U06856,ENERGIA,47.22,3.4,79.67,21.51,50.09,4,0,22,60.06,896.32,NORMAL,0
U05382,ENERGIA,56.71,3.871,152.56,54.04,74.12,4,2,143,54.45,1293.64,NORMAL,0
U00457,TELECOM,47.24,3.843,111.0,159.92,62.55,1,0,139,72.67,1394.9,CRITICO,1
U00415,ENERGIA,46.22,3.694,103.98,83.57,54.31,3,1,135,70.8,872.72,NORMAL,0
U04834,ENERGIA,40.41,2.467,78.66,32.49,46.76,2,0,32,49.39,977.35,NORMAL,0
U08467,ENERGIA,46.87,3.251,83.94,28.67,48.69,2,0,28,80.22,640.77,NORMAL,0
U01206,AGUA,50.78,,185.64,16.89,79.93,1,0,123,51.59,1343.28,NORMAL,0
U08923,SAUDE,42.82,3.88,193.86,181.64,81.9,3,1,141,87.72,895.58,URGENTE,1
U01526,AGUA,49.75,9.216,143.48,16.89,74.0,3,1,31,61.37,1227.88,CRITICO,1
U03904,ENERGIA,41.5,2.901,153.73,57.18,73.31,5,1,140,81.87,910.63,NORMAL,0
U03321,TRANSITO,45.46,,131.86,50.54,84.62,3,1,16,46.82,1415.42,CRITICO,0
U07926,TRANSITO,45.27,2.365,87.3,53.64,65.7,1,1,20,82.85,837.7,NORMAL,0
U00727,TELECOM,46.89,2.628,108.54,,46.59,3,0,98,47.39,857.49,NORMAL,0
U01461,AGUA,48.65,2.981,137.0,58.75,78.88,1,2,46,53.74,1593.76,NORMAL,0
U03006,SAUDE,37.85,2.656,104.48,103.93,62.72,1,1,7,51.92,763.54,NORMAL,0
U02391,TRANSITO,42.81,1.266,104.54,13.89,59.51,4,0,71,72.94,1156.06,NORMAL,0
U00361,AGUA,42.74,2.97,82.81,27.93,52.11,0,0,61,88.65,837.91,NORMAL,0
U07706,ENERGIA,52.33,3.988,123.87,15.6,76.16,2,1,18,73.71,1592.45,NORMAL,0
U02327,SAUDE,34.91,1.596,70.58,106.52,47.89,3,1,3,75.75,921.29,NORMAL,0
U09114,ENERGIA,49.84,3.284,98.27,5.35,60.65,3,0,107,48.64,928.44,NORMAL,0
U00469,SAUDE,37.18,2.428,70.67,29.4,29.66,1,0,125,71.51,428.15,NORMAL,0
U02874,AGUA,41.73,2.802,64.43,74.3,21.46,1,0,69,54.4,35.44,NORMAL,0
U01056,ENERGIA,47.41,,121.28,114.6,65.83,2,0,129,60.34,936.98,NORMAL,0
U09347,TELECOM,46.14,2.438,132.92,22.16,72.96,6,0,134,59.0,1278.67,NORMAL,0
U08625,SAUDE,34.35,3.233,133.0,33.99,51.59,4,0,136,38.83,1104.24,NORMAL,0
U08624,AGUA,40.45,2.556,119.67,94.66,58.77,3,0,46,82.79,1080.49,NORMAL,0
U05094,TRANSITO,50.12,2.403,90.11,69.87,52.21,3,0,22,33.15,830.6,NORMAL,0
U06132,SAUDE,28.72,,99.46,97.71,48.98,1,2,83,74.31,782.64,NORMAL,0
U07137,ENERGIA,53.75,,98.97,35.03,54.97,1,0,77,57.83,757.7,NORMAL,0
U01225,ENERGIA,48.65,2.57,89.14,26.16,50.26,3,1,18,51.43,1379.68,NORMAL,0
U00523,TELECOM,39.33,3.585,96.87,36.07,74.48,6,1,10,69.18,1142.51,NORMAL,0
U02712,ENERGIA,47.93,3.994,131.36,128.46,76.58,4,0,116,41.5,1256.79,URGENTE,1
U08314,ENERGIA,52.57,4.041,134.47,61.59,57.27,1,0,121,68.63,1201.97,URGENTE,1
U09856,TELECOM,,1.903,103.78,99.48,33.94,4,1,98,51.82,886.1,CRITICO,1
U03532,SAUDE,42.36,3.168,131.36,45.6,75.66,1,0,82,36.42,1042.36,NORMAL,0
U02066,ENERGIA,49.9,3.069,138.36,72.14,64.25,4,1,84,28.99,789.01,NORMAL,0
U09809,TELECOM,54.53,2.708,68.82,65.32,36.41,4,0,47,46.47,973.36,NORMAL,0
U03593,TRANSITO,48.46,1.358,115.61,30.34,44.15,4,1,141,57.05,1298.92,NORMAL,0
U07723,SAUDE,43.2,1.925,76.98,28.83,74.7,4,2,17,55.74,1417.79,NORMAL,0
U05383,SAUDE,52.79,2.038,82.41,16.72,50.73,5,0,31,68.99,1043.23,NORMAL,0
U08115,AGUA,32.37,2.707,120.77,168.42,49.08,3,0,66,80.94,387.3,NORMAL,0
U05947,AGUA,31.26,3.019,135.15,12.22,46.35,1,0,47,74.72,1020.33,NORMAL,0
U01176,SAUDE,43.13,3.218,169.4,40.79,83.51,4,2,141,61.24,1001.75,NORMAL,0
U03719,TRANSITO,35.92,2.68,68.65,35.3,35.42,2,0,133,45.93,575.9,CRITICO,0
U07655,TELECOM,48.52,3.082,136.46,76.9,78.76,2,0,13,60.36,1216.83,NORMAL,0
U04200,SAUDE,33.63,1.774,84.2,28.88,32.34,2,1,10,74.76,1142.31,NORMAL,0
U01682,ENERGIA,38.04,3.401,99.69,14.65,45.36,5,1,44,58.05,858.82,NORMAL,0
U09774,SAUDE,54.24,2.052,140.37,46.88,77.34,4,1,71,69.57,1333.91,NORMAL,0
U08103,TRANSITO,49.44,3.818,149.59,,64.21,1,0,129,64.18,1239.35,CRITICO,1
U06696,TELECOM,39.58,2.182,115.89,44.33,19.46,3,1,120,26.75,448.86,NORMAL,0
U06241,AGUA,40.27,3.692,96.4,38.4,71.71,5,0,33,70.02,828.17,NORMAL,0
U06584,ENERGIA,55.0,3.773,158.57,16.27,66.84,2,0,55,59.98,1100.37,NORMAL,0
U04465,AGUA,33.81,3.991,100.09,109.88,36.99,0,1,35,83.22,719.35,NORMAL,0
U04204,TELECOM,40.02,1.89,77.76,61.36,46.59,2,0,88,63.3,1017.81,NORMAL,0
U08969,TRANSITO,39.23,3.206,140.51,59.11,72.88,3,0,71,52.96,1164.92,URGENTE,0
U08265,TRANSITO,46.82,,121.46,63.31,59.72,3,0,91,50.94,1392.8,NORMAL,0
U07773,ENERGIA,56.73,3.134,78.02,18.86,68.51,3,0,9,46.59,993.47,NORMAL,0
U03845,AGUA,33.18,3.456,137.32,41.41,63.47,3,0,80,39.55,1046.64,NORMAL,0
U08374,TELECOM,48.52,3.157,144.0,10.07,80.73,4,2,13,80.48,917.23,NORMAL,0
U01092,ENERGIA,45.22,1.45,105.41,23.19,43.74,0,1,69,68.66,786.57,NORMAL,0
U06776,TELECOM,40.08,0.91,41.61,23.57,17.79,3,0,29,77.53,588.89,NORMAL,0
U09832,SAUDE,27.04,3.227,75.73,40.05,50.88,5,1,87,70.97,906.93,NORMAL,0
U02405,TRANSITO,43.42,3.043,94.43,18.05,47.7,2,0,109,57.06,563.23,NORMAL,0
U09216,SAUDE,44.29,3.056,104.02,92.71,56.92,1,0,70,55.09,1130.29,NORMAL,0
U03790,AGUA,40.73,3.078,139.92,26.46,52.18,2,1,127,48.0,1037.5,NORMAL,0
U00386,ENERGIA,45.23,3.207,41.94,33.99,39.64,2,2,92,61.03,698.48,CRITICO,1
U01011,TRANSITO,48.4,3.715,112.2,19.43,71.8,6,0,27,92.69,1412.99,NORMAL,0
U04371,AGUA,43.72,3.129,135.32,97.81,55.02,5,0,64,57.0,763.28,NORMAL,0
U00198,SAUDE,51.85,2.652,132.99,39.0,91.24,3,0,19,80.44,1401.99,NORMAL,0
U09892,ENERGIA,50.0,3.575,123.38,63.06,70.68,4,0,136,37.55,1291.25,URGENTE,0
U08015,ENERGIA,53.55,11.393,109.55,59.7,57.13,1,0,134,55.48,966.23,URGENTE,1
U09703,AGUA,40.17,2.202,162.0,31.75,62.88,1,0,136,59.13,1368.74,NORMAL,0
U07534,ENERGIA,39.03,3.471,149.08,22.19,71.24,3,2,132,85.24,1246.02,NORMAL,0
U00972,TRANSITO,45.07,2.021,109.61,35.69,49.59,1,1,90,84.2,945.8,NORMAL,0
U01181,SAUDE,41.69,1.865,125.34,28.27,52.87,2,0,124,21.07,691.12,NORMAL,0
U08705,TRANSITO,51.9,2.725,119.54,17.57,67.13,3,0,35,70.15,1241.04,NORMAL,0
U00286,TELECOM,44.7,3.06,134.82,21.11,68.3,3,1,26,75.94,1047.48,URGENTE,0
U04736,ENERGIA,56.44,2.025,122.7,34.93,75.99,2,1,45,76.09,576.8,NORMAL,0
U00575,ENERGIA,53.87,3.527,98.51,96.26,69.98,3,0,51,79.9,950.7,NORMAL,0
U04323,TRANSITO,,3.219,86.79,35.02,43.65,5,0,61,90.72,894.88,NORMAL,0
U01470,ENERGIA,52.94,3.448,113.51,15.24,61.05,2,1,40,60.32,822.15,NORMAL,0
U09423,SAUDE,41.26,,126.55,37.34,58.18,4,0,26,76.77,1026.45,NORMAL,0
U06377,ENERGIA,53.17,2.663,77.21,42.2,39.52,3,0,57,51.42,776.87,NORMAL,0
U03667,AGUA,37.68,,109.65,24.57,45.62,1,0,136,64.98,1115.68,NORMAL,0
U03491,TRANSITO,45.97,2.731,90.5,29.74,36.04,3,0,9,76.69,285.19,NORMAL,0
U05312,ENERGIA,,2.153,121.0,43.54,73.16,3,0,7,84.14,1062.61,NORMAL,0
U07481,SAUDE,39.03,1.846,152.79,13.57,72.27,3,0,116,40.35,1268.58,CRITICO,1
U04582,AGUA,42.41,4.312,160.42,91.09,82.51,5,0,8,81.44,1169.47,NORMAL,0
U02636,ENERGIA,56.84,2.457,164.97,47.86,91.35,3,0,34,56.74,1046.0,NORMAL,0
U09302,ENERGIA,52.62,3.281,94.44,151.46,48.86,3,1,89,51.77,516.66,URGENTE,1
U08745,ENERGIA,48.08,3.829,123.62,50.03,50.4,3,0,13,80.0,1245.86,NORMAL,0
U03514,ENERGIA,52.48,3.396,154.49,33.35,89.14,4,2,109,92.29,1192.28,NORMAL,0
U03768,TRANSITO,,2.271,73.49,12.43,44.43,5,0,72,36.91,653.84,NORMAL,0
U07639,ENERGIA,52.51,2.619,136.85,,55.95,5,1,143,68.69,1314.97,NORMAL,0
U02725,ENERGIA,50.62,2.952,103.45,47.34,43.04,2,0,38,65.14,910.94,NORMAL,0
U03761,TELECOM,50.1,2.693,152.9,,61.33,4,2,132,36.68,1056.2,NORMAL,0
U09040,TRANSITO,34.81,3.076,30.83,58.9,25.08,2,1,50,62.68,866.69,NORMAL,0
U06430,AGUA,48.48,3.519,108.41,22.4,79.39,6,0,143,66.11,1038.65,NORMAL,0
U06761,TELECOM,43.29,2.406,72.54,148.74,62.21,4,0,64,60.78,690.55,NORMAL,0
U08531,SAUDE,48.11,2.127,131.31,42.71,60.96,3,0,115,61.57,1210.92,NORMAL,0
U05407,SAUDE,51.74,0.984,89.09,20.6,57.81,2,1,87,79.92,1062.88,NORMAL,0
U02688,TRANSITO,46.34,3.66,179.03,31.42,68.49,4,0,129,47.2,932.04,NORMAL,0
U04826,SAUDE,45.03,1.566,110.12,56.79,55.58,2,0,68,56.51,870.77,NORMAL,0
U08281,AGUA,45.3,3.833,130.91,25.94,86.1,3,0,13,81.83,1321.69,NORMAL,0
U08190,SAUDE,51.84,2.328,99.86,13.59,46.59,7,0,39,61.92,653.1,NORMAL,0
U05093,ENERGIA,40.68,4.254,98.54,75.79,55.66,0,0,38,54.12,1051.53,NORMAL,0
U07313,ENERGIA,54.64,4.426,130.14,36.24,71.05,4,0,30,60.62,1354.86,NORMAL,0
U02590,SAUDE,44.3,2.463,137.89,105.62,63.36,1,0,97,65.53,1229.09,NORMAL,0
U04425,TELECOM,49.06,1.88,141.05,24.76,70.56,3,1,143,56.24,1429.7,NORMAL,0
U01892,SAUDE,40.7,2.63,110.03,74.61,79.66,3,1,42,31.55,1706.39,NORMAL,0
U07449,ENERGIA,52.35,1.831,126.07,36.62,58.7,4,0,113,77.57,693.47,NORMAL,0
U00101,TRANSITO,43.99,2.396,108.56,30.93,69.81,5,0,22,63.18,1541.8,NORMAL,0
U04399,SAUDE,43.4,1.525,135.05,60.02,49.75,5,0,109,55.51,914.7,URGENTE,0
U05979,TELECOM,51.89,2.915,126.91,97.15,69.33,0,0,136,70.48,1020.23,NORMAL,0
U05516,AGUA,33.22,3.635,125.69,111.45,64.68,0,0,55,50.64,1639.31,NORMAL,0
U09176,TELECOM,44.49,1.846,48.22,16.24,22.53,1,1,37,61.8,776.15,NORMAL,0
U09569,TRANSITO,44.71,3.166,128.6,32.49,55.86,5,1,94,69.03,978.64,NORMAL,0
U02054,ENERGIA,52.5,1.35,91.36,131.43,50.83,3,0,17,41.28,1080.82,NORMAL,0
U06837,AGUA,30.42,3.779,120.83,70.76,66.04,2,0,131,67.99,1174.85,NORMAL,0
U01055,ENERGIA,59.25,5.151,150.08,24.79,89.33,1,0,45,44.21,1171.03,NORMAL,0
U03452,TRANSITO,43.07,2.881,146.23,181.9,72.78,0,0,116,44.54,1216.63,NORMAL,0
U01126,SAUDE,34.86,1.959,146.28,50.71,48.32,0,1,142,57.32,614.95,NORMAL,0
U08657,SAUDE,42.74,2.775,121.17,12.77,40.57,1,0,131,65.09,903.65,NORMAL,0
U09731,SAUDE,43.54,,142.04,17.97,58.89,2,2,103,85.61,901.11,NORMAL,0
U03445,SAUDE,40.92,2.134,102.56,36.63,59.75,3,1,43,74.12,811.23,NORMAL,0
U06422,SAUDE,43.2,2.295,117.75,55.82,41.05,3,2,139,92.53,980.01,NORMAL,0
U03383,SAUDE,,1.821,140.61,137.21,53.33,1,0,133,42.4,1128.85,NORMAL,0
U05042,TELECOM,59.03,1.818,96.73,14.41,46.0,1,0,131,50.2,876.47,NORMAL,0
U00467,ENERGIA,50.46,3.51,111.92,50.98,50.41,5,0,108,84.63,740.51,NORMAL,0
U04068,AGUA,41.49,3.063,117.25,17.68,70.49,3,0,124,49.43,1258.87,NORMAL,0
U09563,ENERGIA,57.33,2.768,139.07,20.09,57.55,3,0,133,54.57,1014.35,NORMAL,0
U03059,SAUDE,46.14,2.979,126.87,30.42,65.49,7,1,75,51.31,1138.13,NORMAL,0
U00983,AGUA,60.75,3.238,130.86,91.62,84.15,0,0,63,83.23,1482.64,CRITICO,0
U04670,SAUDE,41.5,3.785,150.28,116.06,62.36,2,1,105,57.98,1172.88,NORMAL,0
U00839,AGUA,45.5,2.259,91.48,27.51,45.01,1,0,117,59.28,719.05,NORMAL,0
U09689,SAUDE,37.44,1.011,72.12,89.42,41.74,2,0,103,38.87,811.2,NORMAL,0
U02608,AGUA,,2.064,111.08,25.96,43.26,4,1,51,74.53,859.85,NORMAL,0
U02798,TRANSITO,50.13,2.027,130.53,48.5,67.39,4,1,98,58.83,1694.3,URGENTE,0
U04654,TELECOM,56.35,2.439,137.08,,68.26,4,2,67,52.03,1328.43,NORMAL,0
U02116,ENERGIA,52.02,2.325,64.43,76.79,57.48,3,1,15,46.34,900.8,NORMAL,0
U06465,TELECOM,51.99,2.329,106.77,19.41,63.68,2,2,25,73.3,1183.43,NORMAL,0
U04378,AGUA,40.15,4.003,128.22,10.76,76.42,4,0,78,95.16,1534.51,NORMAL,0
U07305,AGUA,42.62,3.594,95.15,88.75,70.04,1,0,15,47.04,843.59,NORMAL,0
U06071,AGUA,37.52,2.53,83.09,28.49,42.18,2,0,29,62.59,1121.57,NORMAL,0
U00480,TRANSITO,49.21,2.952,192.17,9.49,86.29,5,0,26,70.6,1598.58,NORMAL,0
U06912,AGUA,46.78,4.088,115.24,7.28,67.73,6,0,51,64.97,1103.98,NORMAL,0
U09878,TELECOM,41.41,3.932,103.97,30.45,59.83,1,1,60,66.08,1027.3,NORMAL,0
U01467,SAUDE,42.6,2.85,143.51,113.18,64.39,2,0,114,92.7,1180.07,NORMAL,0
U00246,SAUDE,33.41,1.663,63.42,51.54,27.61,1,0,78,56.54,803.22,NORMAL,0
U06531,TRANSITO,45.15,4.489,108.32,19.33,58.74,2,0,45,62.66,1721.95,CRITICO,1
U04434,ENERGIA,46.19,2.647,120.27,8.26,57.02,5,0,117,70.26,707.94,NORMAL,0
U00162,ENERGIA,43.76,2.87,125.98,68.67,64.33,2,1,46,25.24,1133.65,NORMAL,0
U02078,ENERGIA,208.39,3.098,165.85,10.36,81.04,7,2,55,69.0,1160.73,NORMAL,0
U07152,ENERGIA,40.48,3.126,140.74,43.14,75.23,4,2,135,38.08,948.53,NORMAL,0
U08863,TRANSITO,40.86,3.086,114.47,18.89,71.55,3,2,28,65.88,1302.92,NORMAL,0
U05369,ENERGIA,54.03,2.879,124.08,50.55,71.65,0,0,24,37.5,1269.14,NORMAL,0
U03985,ENERGIA,45.67,2.385,102.72,27.56,46.8,5,0,115,61.67,865.42,NORMAL,0
U00225,ENERGIA,49.05,3.418,133.35,166.14,74.16,2,1,32,56.44,1125.83,NORMAL,0
U02842,ENERGIA,35.4,2.083,83.9,44.38,47.58,4,0,56,77.69,969.52,NORMAL,0
U06535,AGUA,50.59,4.043,184.93,68.27,83.66,5,2,109,67.77,1217.5,NORMAL,0
U02317,ENERGIA,55.85,3.527,170.25,119.21,77.49,8,1,104,77.95,1039.79,NORMAL,0
U05936,ENERGIA,44.45,2.587,141.62,34.5,71.89,1,0,101,42.11,1569.24,NORMAL,0
U02200,TELECOM,47.23,1.988,143.78,28.44,68.7,2,1,84,56.01,1386.3,NORMAL,0
U08429,ENERGIA,53.74,2.798,131.33,67.84,52.45,3,2,38,73.77,1267.32,NORMAL,0
U08446,SAUDE,41.8,2.198,117.79,86.36,57.44,0,0,14,54.16,1335.73,NORMAL,0
U06376,SAUDE,34.84,1.393,52.21,105.66,27.38,2,2,27,68.68,1026.17,NORMAL,0
U07186,AGUA,33.18,3.56,114.12,34.37,63.74,1,1,8,65.14,1387.73,NORMAL,0
U01188,TRANSITO,37.95,2.236,92.06,35.63,40.45,3,1,96,30.06,332.02,NORMAL,0
U00364,TRANSITO,38.4,1.358,94.25,46.97,45.05,3,0,24,36.62,1049.02,NORMAL,0
U01601,TRANSITO,54.17,3.109,159.75,119.13,88.03,4,0,44,74.94,1519.18,CRITICO,1
U07985,ENERGIA,40.67,3.397,148.4,52.28,68.55,3,0,5,40.33,394.67,NORMAL,0
U02922,SAUDE,44.42,2.479,100.64,104.5,53.98,3,0,39,74.2,665.74,NORMAL,0
U08324,AGUA,47.16,2.431,92.54,,70.07,2,0,23,61.22,769.69,NORMAL,0
U08110,TRANSITO,48.87,2.588,144.93,80.31,71.21,7,0,56,77.44,504.2,NORMAL,0
U04347,TELECOM,49.12,1.609,138.99,81.37,57.73,6,1,114,45.08,1100.0,NORMAL,0
U07997,SAUDE,46.16,3.235,126.82,34.63,79.88,3,0,36,54.8,1161.59,NORMAL,0
U09956,ENERGIA,49.98,2.587,66.34,38.61,45.3,0,1,43,60.46,1168.33,NORMAL,0
U05777,TELECOM,38.15,2.131,135.28,79.94,36.53,1,1,131,78.75,859.98,NORMAL,0
U01724,ENERGIA,52.08,2.726,166.35,64.03,68.8,2,0,129,99.23,1349.71,NORMAL,0
U02612,SAUDE,34.09,2.786,110.74,109.25,62.98,3,1,37,68.54,873.12,NORMAL,0
U01032,AGUA,44.82,4.615,166.59,48.6,80.16,4,0,93,63.55,1478.18,NORMAL,0
U05193,TELECOM,51.21,3.539,147.28,23.82,81.09,2,0,134,79.46,954.02,NORMAL,0
U03876,AGUA,44.39,2.651,127.9,76.34,72.9,5,0,18,96.3,1142.06,NORMAL,0
U09839,ENERGIA,56.08,3.234,122.33,24.51,71.57,1,1,138,93.3,883.13,NORMAL,0
U00084,SAUDE,41.37,3.647,150.42,32.56,75.07,0,1,88,69.98,741.7,NORMAL,0
U09902,ENERGIA,40.98,2.36,124.13,63.0,65.15,5,1,43,58.21,1061.6,NORMAL,0
U09178,AGUA,30.28,1.475,92.38,105.62,35.54,1,1,41,62.29,566.04,NORMAL,0
U05196,TRANSITO,44.23,2.448,78.97,94.36,36.67,2,1,16,77.43,719.65,NORMAL,0
U07713,TELECOM,44.34,2.982,129.4,166.47,64.45,2,0,108,46.64,1265.07,NORMAL,0
U09371,ENERGIA,45.08,2.17,121.31,70.41,41.88,0,1,80,61.13,880.54,NORMAL,0
U09478,TRANSITO,49.53,2.501,124.8,11.02,44.64,0,0,18,53.48,1589.75,URGENTE,0
U07745,AGUA,37.2,2.055,75.31,48.67,22.34,1,0,23,37.5,484.75,NORMAL,0
U06100,AGUA,37.68,2.598,121.98,60.75,76.3,3,0,83,59.53,764.6,NORMAL,0
U09854,ENERGIA,44.1,3.356,171.21,11.59,71.72,1,1,141,45.07,1152.87,NORMAL,0
U04163,ENERGIA,56.07,2.872,141.01,54.63,77.29,1,0,125,49.55,1042.73,NORMAL,0
U03185,TELECOM,41.0,3.911,124.43,22.19,49.36,5,1,97,60.5,819.05,NORMAL,0
U03562,SAUDE,47.12,2.425,134.25,63.83,83.44,2,0,116,59.22,1154.62,NORMAL,0
U03789,ENERGIA,47.98,3.652,156.3,50.56,79.81,3,0,95,59.78,1289.78,NORMAL,0
U08206,SAUDE,40.26,2.151,116.08,60.2,45.72,3,1,129,64.04,797.45,NORMAL,0
U08890,AGUA,40.25,2.132,82.96,20.3,51.78,1,0,57,85.81,696.05,NORMAL,0
U05426,SAUDE,36.35,3.215,100.79,16.53,38.58,2,1,35,73.74,912.05,NORMAL,0
U06172,SAUDE,42.92,3.668,154.3,44.64,86.73,3,0,60,80.71,1143.86,NORMAL,0
U03104,ENERGIA,49.54,3.591,149.56,20.51,71.79,0,1,125,58.27,1019.12,NORMAL,0
U00867,TRANSITO,45.09,2.266,101.01,19.67,48.03,2,0,2,60.46,973.14,NORMAL,0
U09551,SAUDE,37.81,2.385,96.4,91.43,55.16,1,0,66,75.2,893.07,NORMAL,0
U00758,TRANSITO,47.71,3.286,181.02,41.46,81.77,7,1,139,50.21,990.79,NORMAL,0
U05292,TRANSITO,48.17,2.962,156.6,43.97,87.36,0,2,80,79.39,1527.34,NORMAL,0
U04957,TELECOM,52.06,2.685,133.11,12.57,77.37,2,0,77,64.79,1146.49,NORMAL,0
U02938,ENERGIA,46.07,4.027,139.97,74.07,70.46,7,1,114,59.77,850.58,NORMAL,0
U08704,SAUDE,54.2,2.72,119.54,62.3,72.08,3,2,14,23.25,1446.14,NORMAL,0
U02057,TRANSITO,37.89,3.806,124.12,,61.69,2,0,53,44.28,646.28,NORMAL,0
U04865,ENERGIA,58.13,4.213,155.87,14.68,84.3,5,0,138,41.39,1139.71,URGENTE,1
U02962,ENERGIA,50.96,2.89,129.87,50.25,52.75,3,0,115,73.29,1056.24,NORMAL,0
U02251,AGUA,44.7,3.911,114.04,71.27,77.49,4,1,62,56.81,1503.18,NORMAL,0
U02474,TRANSITO,48.84,1.415,135.55,97.75,61.51,2,0,143,80.72,915.49,URGENTE,1
U09918,SAUDE,36.88,1.248,81.19,23.68,34.97,5,1,70,48.55,973.67,NORMAL,0
U00197,TELECOM,46.09,2.83,119.14,78.45,63.83,3,0,98,35.11,1316.44,NORMAL,0
U05838,AGUA,40.82,2.212,32.57,49.23,30.6,2,1,18,57.36,666.58,NORMAL,0
U08187,AGUA,35.88,2.682,83.28,25.67,45.02,1,0,81,39.65,650.02,NORMAL,0
U00847,ENERGIA,38.67,,81.42,,35.02,3,0,101,52.25,982.06,NORMAL,0
U03898,SAUDE,43.2,1.677,49.41,116.87,58.86,2,1,9,78.98,1156.88,NORMAL,0
U02498,TELECOM,46.08,2.685,121.94,161.06,60.72,1,0,68,46.61,1117.21,NORMAL,0
U02970,ENERGIA,52.5,4.09,81.77,25.92,57.52,4,0,55,52.55,680.29,NORMAL,0
U09294,AGUA,43.22,2.063,101.04,14.55,47.48,1,1,27,81.98,804.66,NORMAL,0
U02140,SAUDE,39.53,1.592,97.96,45.85,53.06,4,2,46,39.85,1075.21,NORMAL,0
U03754,TRANSITO,45.25,3.386,158.04,18.04,76.59,3,0,135,73.65,1545.24,NORMAL,0
U04217,SAUDE,42.73,2.721,105.23,153.54,51.4,2,0,53,56.81,630.91,NORMAL,0
U00891,ENERGIA,40.33,4.197,87.31,9.44,67.51,4,0,17,32.78,1518.27,NORMAL,0
U04965,TELECOM,50.58,3.43,158.34,62.4,62.47,5,1,137,79.28,1006.35,NORMAL,0
U07482,TELECOM,40.97,2.388,82.63,45.93,31.49,1,1,122,57.7,558.78,NORMAL,0
U06114,ENERGIA,55.36,3.057,141.45,4.56,75.11,4,1,94,64.26,1005.13,CRITICO,1
U05143,TELECOM,43.62,1.783,71.89,48.51,39.92,1,1,92,31.36,951.05,NORMAL,0
U08487,ENERGIA,45.92,2.962,94.51,85.21,55.25,3,1,47,54.12,661.21,NORMAL,0
U07910,TRANSITO,,1.863,91.62,61.45,52.21,4,2,21,55.26,1050.18,NORMAL,0
U04570,SAUDE,36.01,1.331,143.61,45.09,84.19,5,1,60,58.39,1091.69,NORMAL,0
U02952,SAUDE,38.42,2.604,126.78,24.54,62.6,2,1,89,74.53,1215.11,NORMAL,0
U04591,TRANSITO,45.48,2.522,60.4,16.45,39.75,2,1,8,47.9,1046.26,NORMAL,0
U04247,SAUDE,42.09,2.345,121.38,12.62,63.74,2,0,85,73.19,839.89,NORMAL,0
U00281,TRANSITO,48.42,,109.98,55.73,76.0,2,1,59,56.24,1542.13,NORMAL,0
U03170,AGUA,41.15,3.707,122.53,5.59,72.83,3,4,135,62.06,1412.85,URGENTE,1
U05269,SAUDE,34.03,8.368,127.66,60.29,65.32,2,0,32,57.17,1304.8,CRITICO,1
U04493,ENERGIA,45.91,3.746,91.95,12.04,48.94,1,0,13,80.09,1032.84,NORMAL,0
U00071,AGUA,44.29,,134.17,24.62,60.59,3,0,117,74.89,1171.66,URGENTE,0
U08267,SAUDE,42.26,2.239,111.01,77.68,64.72,0,0,123,62.17,1202.49,URGENTE,0
U00586,AGUA,37.73,4.063,161.94,7.38,76.07,1,1,130,24.8,805.87,NORMAL,0
U09189,SAUDE,41.66,2.198,158.93,59.14,63.15,1,0,144,70.47,1062.96,NORMAL,0
U04398,AGUA,34.01,3.342,116.65,21.65,55.79,3,1,37,56.96,944.99,NORMAL,0
U01050,TELECOM,48.62,2.069,104.91,93.67,66.14,1,0,33,47.08,1373.08,NORMAL,0
U06374,ENERGIA,54.97,4.014,185.97,156.17,93.38,3,0,136,67.29,1426.67,CRITICO,1
U08737,TELECOM,52.93,2.202,121.37,21.52,80.37,5,2,51,39.3,1351.58,CRITICO,0
U04083,TRANSITO,,3.254,118.06,31.51,66.55,2,0,3,68.29,794.08,NORMAL,0
U09282,ENERGIA,50.17,2.641,115.36,48.36,44.39,1,1,116,28.42,1216.3,CRITICO,1
U05618,TRANSITO,,2.891,127.87,55.46,76.12,4,1,17,79.03,1274.0,NORMAL,0
U07750,ENERGIA,52.82,2.562,108.32,21.42,36.78,1,0,50,68.55,609.95,NORMAL,0
U00805,SAUDE,51.9,2.838,119.35,2.0,51.12,2,2,70,100.0,1130.18,NORMAL,0
U03698,ENERGIA,51.33,4.533,109.37,9.18,51.2,3,0,127,52.14,860.78,NORMAL,0
U06460,ENERGIA,49.53,3.408,135.23,95.49,67.02,2,0,103,42.89,1107.31,NORMAL,0
U05590,SAUDE,42.14,1.936,110.15,35.88,52.11,2,0,130,68.98,856.1,NORMAL,0
U08140,SAUDE,39.56,3.19,112.34,54.05,55.7,2,0,121,67.59,934.93,NORMAL,0
U09593,SAUDE,36.81,2.758,67.15,65.87,37.7,1,0,53,82.45,726.09,NORMAL,0
U03684,TRANSITO,,3.239,111.27,37.18,59.19,2,0,65,58.51,769.41,NORMAL,0
U02298,TRANSITO,46.97,3.982,102.14,65.98,59.2,0,0,108,47.83,1053.58,NORMAL,0
U06830,TELECOM,47.92,3.784,138.91,61.07,91.32,3,1,58,46.52,1295.62,NORMAL,0
U07772,TRANSITO,46.03,3.479,106.59,53.68,54.63,4,0,144,46.17,957.78,NORMAL,0
U08291,TRANSITO,46.7,2.983,88.13,29.76,49.78,5,0,42,59.35,1315.47,NORMAL,0
U06558,AGUA,39.93,2.137,87.02,89.52,37.82,2,0,108,43.92,1038.24,NORMAL,0
U04960,ENERGIA,50.98,3.327,169.81,5.64,91.97,4,1,6,87.64,1325.71,NORMAL,0
U04441,ENERGIA,50.03,3.183,135.79,36.36,65.69,2,0,94,52.63,1130.44,NORMAL,0
U05295,AGUA,41.74,2.681,59.69,71.57,32.19,6,0,51,46.38,804.15,NORMAL,0
U09995,SAUDE,43.18,2.536,132.53,53.59,88.41,6,3,90,63.69,1014.15,NORMAL,0
U04222,ENERGIA,54.08,10.833,92.75,118.74,57.41,2,0,10,57.27,435.84,URGENTE,1
U06493,SAUDE,42.59,4.127,136.51,45.77,79.65,2,0,84,63.63,1239.11,NORMAL,0
U04522,SAUDE,43.12,1.62,131.39,81.53,75.45,7,1,36,51.3,1308.93,NORMAL,0
U01204,AGUA,41.11,3.829,102.18,74.56,46.39,1,1,126,49.62,559.48,NORMAL,0
U05774,SAUDE,39.89,1.675,134.34,102.95,66.27,5,2,135,83.59,1308.4,CRITICO,1
U01445,AGUA,38.09,2.8,117.19,39.42,71.27,2,1,142,77.87,1278.5,NORMAL,0
U02225,SAUDE,42.46,1.749,144.54,8.0,73.63,3,0,82,51.58,1354.76,NORMAL,0
U08437,TELECOM,47.27,4.684,115.26,152.28,55.69,4,1,106,35.53,864.25,URGENTE,0
U02897,SAUDE,54.65,2.086,144.77,77.12,96.69,7,1,112,68.18,1492.41,NORMAL,0
U05559,SAUDE,38.34,3.105,161.76,25.57,71.57,0,1,108,88.64,1109.9,NORMAL,0
U08824,AGUA,40.21,3.742,105.5,78.38,60.43,1,1,103,39.02,814.47,NORMAL,0
U07248,TRANSITO,47.58,3.254,134.93,40.39,66.8,1,0,77,64.67,1058.3,NORMAL,0
U08117,ENERGIA,50.02,2.978,140.94,58.02,71.17,6,2,47,66.99,911.18,NORMAL,0
U02211,TRANSITO,50.63,2.44,134.73,68.33,75.6,2,1,134,76.83,1112.72,NORMAL,0
U08623,ENERGIA,46.13,,99.83,47.08,46.59,4,0,38,53.97,1171.86,NORMAL,0
U07733,SAUDE,46.65,2.325,106.13,45.73,57.48,4,1,133,63.56,1012.64,NORMAL,0
U07881,SAUDE,43.21,3.496,78.49,35.19,43.73,0,0,25,52.45,442.52,NORMAL,0
U00338,ENERGIA,48.79,2.413,132.46,46.33,61.83,1,0,139,66.25,1122.22,CRITICO,1
U06968,SAUDE,42.25,3.296,120.24,22.82,59.41,3,0,105,89.77,862.6,NORMAL,0
U07087,SAUDE,42.16,0.116,77.54,44.28,40.68,4,1,53,74.04,866.64,NORMAL,0
U07595,TELECOM,55.74,2.262,122.03,30.02,49.85,1,2,124,44.41,690.6,NORMAL,0
U02384,TRANSITO,48.51,1.867,105.94,84.75,72.28,2,2,21,66.32,1273.91,NORMAL,0
U05048,ENERGIA,52.05,2.102,105.46,18.04,42.93,1,0,129,49.89,648.96,NORMAL,0
U06261,ENERGIA,47.13,4.928,157.26,14.61,74.18,6,1,40,65.73,705.28,URGENTE,0
U02101,ENERGIA,47.8,3.424,60.9,17.65,39.65,2,1,126,100.0,423.58,NORMAL,0
U02083,SAUDE,44.56,2.049,128.16,55.04,64.9,0,0,120,99.3,598.97,NORMAL,0
U00153,AGUA,31.08,2.291,40.75,61.74,23.98,0,1,103,62.04,1003.86,NORMAL,0
U04503,ENERGIA,43.63,3.266,86.15,37.52,60.0,4,0,13,68.17,863.0,NORMAL,0
U04562,ENERGIA,47.04,2.82,111.89,8.58,64.92,4,0,18,68.89,1100.21,URGENTE,0
U08217,TELECOM,43.16,4.381,170.34,81.53,77.6,3,0,130,44.38,1383.55,NORMAL,0
U09616,ENERGIA,43.63,3.717,127.02,82.24,69.58,4,0,9,69.54,977.93,NORMAL,0
U06944,TRANSITO,43.64,0.754,107.77,26.5,76.7,7,1,57,68.72,1404.95,NORMAL,0
U00489,TRANSITO,54.94,2.903,122.84,111.67,70.06,4,0,125,66.25,1242.01,NORMAL,1
U09540,TELECOM,50.56,3.101,96.47,64.34,44.14,2,0,108,55.08,1290.61,NORMAL,0
U05237,ENERGIA,41.34,0.256,37.29,14.12,25.47,4,0,29,63.91,509.36,NORMAL,0
U00226,ENERGIA,49.58,2.777,162.76,43.47,81.21,3,0,114,47.11,1174.65,NORMAL,0
U06550,AGUA,45.27,2.178,120.68,65.79,74.44,3,2,39,61.64,1218.76,NORMAL,0
U05401,ENERGIA,45.35,2.96,154.5,20.47,86.91,3,0,15,63.45,1198.38,NORMAL,1
U02111,AGUA,43.18,2.443,157.87,88.98,64.16,2,0,101,56.16,898.14,NORMAL,0
U08452,TELECOM,40.14,1.5,94.08,29.95,43.93,3,0,32,57.31,793.1,NORMAL,0
U05720,TRANSITO,,2.746,163.81,133.3,83.68,6,0,118,65.87,1085.82,NORMAL,0
U04726,SAUDE,49.35,2.642,165.61,29.69,86.56,5,0,86,61.06,1277.94,NORMAL,0
U04066,TELECOM,43.32,2.909,126.45,51.45,58.37,2,1,98,68.12,983.51,NORMAL,0
U00639,SAUDE,40.98,2.618,155.63,32.15,67.39,1,0,97,63.21,749.52,CRITICO,1
U02934,ENERGIA,40.73,3.606,53.52,52.2,33.72,3,0,39,59.35,580.31,NORMAL,0
U07276,ENERGIA,44.62,3.665,104.93,24.32,58.51,3,0,46,44.96,682.89,NORMAL,0
U03525,ENERGIA,,3.094,172.97,84.59,81.93,1,1,99,60.71,1532.08,URGENTE,1
U08581,AGUA,43.62,,166.99,35.4,75.64,3,0,143,50.81,1597.37,URGENTE,0
U05887,TELECOM,136.65,1.968,131.08,20.37,51.02,3,1,49,75.22,758.49,NORMAL,0
U02915,AGUA,40.39,,136.11,38.4,52.43,2,1,114,49.25,784.07,NORMAL,0
U04278,TELECOM,52.63,4.125,134.82,37.13,69.97,2,0,139,26.51,818.65,NORMAL,1
U02471,ENERGIA,52.73,2.447,173.03,35.0,82.32,6,1,123,89.63,991.81,NORMAL,0
U05459,TELECOM,51.24,2.663,111.49,38.79,61.54,4,0,54,66.34,1389.06,NORMAL,0
U08672,ENERGIA,47.15,3.371,81.08,120.99,46.29,2,2,22,79.79,845.62,URGENTE,0
U04679,TELECOM,52.77,3.139,168.37,13.24,78.5,4,0,121,38.26,1279.01,NORMAL,0
U07904,ENERGIA,52.3,4.079,119.98,53.02,64.6,6,0,63,76.57,883.18,NORMAL,0
U00557,AGUA,50.0,2.823,151.04,6.83,86.06,3,0,35,46.62,1261.23,NORMAL,0
U01812,AGUA,40.52,2.491,128.05,14.34,75.24,4,1,23,47.7,1594.27,NORMAL,0
U02660,AGUA,41.07,3.782,170.13,19.32,86.4,3,1,118,45.02,1044.13,NORMAL,0
U00949,TELECOM,50.6,7.876,122.35,12.89,66.12,3,0,83,63.89,1390.29,CRITICO,1
U08899,AGUA,47.17,4.224,144.63,43.38,81.15,7,0,100,76.45,1032.92,URGENTE,0
U07235,TRANSITO,41.59,4.133,134.43,13.43,69.68,4,1,71,65.2,1495.9,NORMAL,0
U01796,TRANSITO,51.37,4.065,139.64,15.31,95.9,3,0,43,37.44,1634.67,NORMAL,0
U02866,ENERGIA,48.91,8.949,186.96,33.99,79.15,4,0,137,31.42,1180.39,URGENTE,1
U04082,TELECOM,47.2,2.087,112.07,4.48,50.22,3,0,115,45.62,772.6,NORMAL,0
U04996,SAUDE,49.13,2.127,147.57,66.71,65.3,4,0,133,63.8,1039.7,NORMAL,0
U07883,TRANSITO,44.28,3.089,94.03,46.02,55.5,4,0,51,75.37,1025.92,NORMAL,0
U02249,SAUDE,46.43,2.112,124.86,8.75,70.76,3,0,42,89.35,973.33,NORMAL,0
U05452,SAUDE,,3.691,81.11,36.66,45.0,1,0,17,28.79,1061.58,URGENTE,0
U07473,ENERGIA,52.61,2.823,117.34,14.29,48.38,5,0,124,65.18,1080.38,NORMAL,0
U00102,SAUDE,44.19,2.523,129.4,119.39,64.48,2,1,110,49.39,1237.09,NORMAL,0
U06370,TRANSITO,46.73,2.386,117.79,103.57,63.97,2,0,62,56.68,575.75,NORMAL,0
U03857,AGUA,42.85,4.818,130.63,31.16,78.52,2,1,48,38.36,1345.17,NORMAL,0
U09187,SAUDE,45.86,2.148,159.14,,76.92,1,1,121,66.95,1234.91,NORMAL,0
U09685,AGUA,,3.907,101.5,51.17,40.46,2,1,70,77.8,933.24,NORMAL,0
U05950,ENERGIA,51.83,1.338,111.21,72.93,53.32,4,1,85,66.55,1100.5,NORMAL,0
U01246,TELECOM,52.95,2.665,119.76,80.68,55.72,7,0,115,65.27,1253.16,NORMAL,0
U05558,TELECOM,46.07,,119.93,41.29,45.0,2,0,123,64.33,739.56,NORMAL,0
U03618,TELECOM,41.7,1.846,91.72,24.2,50.87,3,0,67,60.42,1485.38,NORMAL,0
U07908,AGUA,32.7,3.985,116.43,67.6,48.93,3,2,101,56.38,1200.78,NORMAL,0
U04106,ENERGIA,46.0,4.762,122.41,116.5,64.7,4,1,13,65.1,1224.95,NORMAL,0
U08630,ENERGIA,45.38,3.951,156.65,84.58,95.24,1,0,31,85.16,1370.96,CRITICO,1
U00279,ENERGIA,55.32,2.775,95.33,38.24,38.93,1,0,128,47.67,518.18,NORMAL,0
U02218,TRANSITO,49.62,2.392,142.21,81.22,64.63,7,0,105,67.12,580.89,CRITICO,1
U00555,AGUA,41.59,2.436,136.51,28.53,70.61,1,1,129,41.19,1263.96,NORMAL,0
U08259,ENERGIA,54.39,3.376,111.69,79.37,33.17,3,0,137,67.15,1147.74,URGENTE,1
U02205,TRANSITO,,3.054,127.0,49.32,73.45,5,0,45,54.33,1339.93,NORMAL,0
U09324,AGUA,37.38,1.803,105.88,7.5,80.26,1,0,64,66.35,1314.11,NORMAL,0
U06866,SAUDE,44.22,3.324,149.68,48.95,75.11,2,0,137,53.85,1218.8,NORMAL,0
U00464,ENERGIA,54.69,1.791,136.31,40.92,62.01,2,0,66,64.93,1400.34,NORMAL,0
U03002,ENERGIA,43.76,,84.48,68.12,46.81,5,0,115,77.68,1261.84,NORMAL,0
U06490,TELECOM,58.24,3.422,128.28,20.83,67.19,3,0,135,56.49,958.94,NORMAL,0
U08342,ENERGIA,42.75,3.092,122.51,68.98,47.82,2,0,98,78.26,899.05,NORMAL,0
U05466,AGUA,,2.469,67.02,53.1,41.62,2,0,60,59.91,797.6,CRITICO,0
U07041,SAUDE,41.11,0.786,135.52,9.64,70.68,4,0,141,75.57,1336.54,CRITICO,1
U08636,SAUDE,42.53,3.126,122.76,62.88,65.5,2,1,71,59.85,1409.97,CRITICO,1
U04594,ENERGIA,58.6,5.511,150.82,13.27,90.8,4,2,17,40.29,1640.78,URGENTE,1
U08121,AGUA,49.8,2.459,181.12,18.23,82.85,3,2,108,63.57,1144.13,NORMAL,0
U09122,ENERGIA,56.75,2.1,88.53,,39.8,1,1,94,48.3,1068.78,URGENTE,0
U09370,TRANSITO,52.89,2.969,135.86,70.6,74.19,3,0,30,98.27,1260.67,NORMAL,0
U08425,AGUA,33.0,2.848,125.27,29.71,46.13,0,1,111,32.7,1100.16,NORMAL,0
U01802,SAUDE,52.23,2.926,97.16,27.16,70.97,1,2,40,86.5,1325.56,NORMAL,0
U08488,AGUA,41.35,2.402,98.72,44.85,43.64,2,1,38,75.59,767.09,URGENTE,0
U05768,TELECOM,54.06,2.015,100.85,115.63,44.22,2,0,64,100.0,675.23,URGENTE,0
U05888,TRANSITO,46.8,2.387,109.16,23.36,62.03,0,0,88,42.32,893.99,NORMAL,0
U04763,AGUA,35.56,2.652,170.37,85.28,77.06,3,1,132,69.61,1190.13,CRITICO,1
U00623,TRANSITO,57.52,0.879,39.74,123.7,42.28,3,1,45,79.83,1048.53,NORMAL,0
U09268,AGUA,49.92,2.478,111.01,95.47,76.28,1,0,29,61.08,1096.72,NORMAL,0
U02186,AGUA,35.55,,56.08,35.51,35.45,1,0,40,48.98,847.69,NORMAL,0
U08295,SAUDE,34.62,2.637,92.15,46.67,65.9,5,0,2,69.93,1060.09,NORMAL,0
U04387,SAUDE,37.54,3.553,127.8,105.34,55.09,1,1,86,52.8,981.79,NORMAL,0
U05044,SAUDE,39.35,2.724,82.08,81.88,40.3,3,1,40,75.74,764.3,NORMAL,0
U05164,ENERGIA,55.77,4.549,126.04,79.01,67.35,1,0,42,43.11,1337.04,NORMAL,0
U00120,ENERGIA,46.33,3.342,156.09,57.88,61.94,3,0,139,65.34,1064.32,CRITICO,0
U06918,SAUDE,45.8,1.355,133.43,40.44,58.99,7,2,103,35.96,1166.0,NORMAL,0
U06701,SAUDE,48.15,2.713,148.12,,82.57,5,0,53,26.12,1001.84,NORMAL,0
U01800,TRANSITO,57.8,2.187,163.76,31.73,97.82,4,0,106,39.84,1193.43,NORMAL,0
U06573,SAUDE,49.04,2.983,130.6,151.14,75.04,2,0,45,70.64,1280.22,NORMAL,0
U08784,TRANSITO,41.06,0.629,59.57,49.89,33.79,4,2,3,24.24,825.71,NORMAL,0
U06167,ENERGIA,49.72,2.34,7.31,3.58,44.76,1,1,2,88.08,1204.78,NORMAL,0
U05930,TRANSITO,54.45,3.174,185.92,144.42,82.83,3,0,141,82.2,1091.05,URGENTE,1
U05202,SAUDE,37.56,1.728,156.12,34.17,74.76,4,2,22,50.8,1233.82,NORMAL,0
U05105,TRANSITO,37.73,2.655,81.16,29.87,46.38,4,1,23,63.1,702.95,NORMAL,0
U03492,TELECOM,40.47,2.509,143.63,103.99,66.47,4,0,138,57.49,932.72,NORMAL,0
U08759,TELECOM,40.11,3.756,148.58,,72.72,6,1,39,48.85,1303.53,NORMAL,0
U01636,ENERGIA,,3.138,81.46,61.68,55.27,4,2,13,44.1,1057.86,NORMAL,0
U07977,SAUDE,42.12,1.592,104.0,36.59,78.87,5,0,37,67.19,1085.99,NORMAL,0
U06197,TRANSITO,45.4,3.891,130.35,4.9,68.18,2,1,72,73.93,928.74,NORMAL,0
U07697,SAUDE,41.07,1.302,106.49,46.53,45.13,0,1,128,41.94,906.59,NORMAL,0
U02668,TELECOM,52.1,1.947,123.81,128.13,56.72,0,1,50,56.04,790.93,NORMAL,0
U00887,ENERGIA,44.88,,129.75,32.04,70.1,2,0,144,74.08,1036.84,NORMAL,0
U03061,TRANSITO,54.0,1.889,134.98,64.47,95.28,5,0,80,52.76,1040.09,NORMAL,0
U04573,SAUDE,40.15,1.552,55.02,60.61,30.48,2,1,41,45.83,979.97,NORMAL,0
U09034,SAUDE,46.14,2.489,89.6,66.71,76.07,2,1,12,70.22,1147.09,NORMAL,0
U09660,TELECOM,43.68,3.833,142.18,78.39,65.63,2,0,109,70.55,1130.8,CRITICO,1
U06112,SAUDE,,3.706,130.39,58.08,75.49,0,0,63,87.55,1044.72,NORMAL,0
U08564,AGUA,40.92,9.804,96.29,26.21,64.88,6,1,121,47.6,871.59,CRITICO,1
U00855,ENERGIA,48.18,2.391,106.29,38.35,37.67,7,2,83,62.92,502.52,NORMAL,0
U07648,ENERGIA,50.36,3.017,136.67,95.0,59.73,5,0,105,61.37,1310.58,NORMAL,0
U04755,ENERGIA,45.78,3.735,121.9,30.5,63.47,2,0,24,63.09,1353.91,NORMAL,0
U06878,TRANSITO,41.8,1.807,83.33,31.35,66.51,3,0,6,71.04,1025.3,NORMAL,0
U02829,ENERGIA,,9.468,162.18,101.4,94.95,3,1,69,68.69,1327.2,CRITICO,1
U03113,TELECOM,51.19,4.376,121.91,20.13,66.43,1,3,128,80.42,1171.84,URGENTE,0
U07495,ENERGIA,40.46,1.933,86.26,78.7,33.66,1,0,3,58.28,688.06,NORMAL,0
U09151,SAUDE,43.4,3.346,115.42,72.18,75.21,3,0,60,73.91,918.91,NORMAL,0
U04357,SAUDE,30.67,2.116,132.46,89.9,70.64,1,0,45,38.29,844.57,NORMAL,0
U08279,ENERGIA,46.63,4.098,162.06,19.86,74.33,5,1,134,69.39,1046.85,NORMAL,0
U03585,SAUDE,48.71,2.859,122.84,8.03,79.98,3,0,45,72.36,1269.24,NORMAL,0
U06832,SAUDE,57.67,2.524,109.12,72.66,81.92,3,1,91,64.12,1202.14,NORMAL,0
U00133,TRANSITO,47.29,2.483,134.78,68.42,66.26,3,0,38,55.91,1279.85,NORMAL,0
U09131,TELECOM,40.08,2.251,103.21,61.39,31.43,2,1,78,41.07,755.97,NORMAL,0
U01317,SAUDE,179.53,3.091,137.2,108.21,76.12,2,0,4,59.59,1143.26,URGENTE,0
U09906,TELECOM,50.98,3.196,97.37,24.02,71.66,2,2,49,83.14,985.18,NORMAL,0
U07301,ENERGIA,45.68,3.265,95.88,73.85,54.9,1,2,21,56.74,795.75,NORMAL,0
U01541,ENERGIA,43.06,2.803,103.2,62.16,79.32,3,0,21,77.04,1425.56,NORMAL,0
U01028,SAUDE,50.72,2.364,89.62,66.24,55.2,1,2,2,70.35,939.94,NORMAL,0
U04381,SAUDE,37.84,3.865,140.14,20.99,73.91,7,0,97,72.52,1478.61,CRITICO,1
U02260,SAUDE,43.86,2.179,114.94,63.22,75.35,3,0,99,36.54,1068.65,NORMAL,0
U02109,TELECOM,60.84,2.152,152.16,12.81,64.37,1,0,86,74.42,1200.03,NORMAL,0
U06536,TELECOM,56.66,2.971,103.27,63.64,51.78,3,1,27,73.61,950.05,NORMAL,0
U02247,AGUA,38.21,2.686,83.41,80.22,17.33,3,0,75,55.07,367.67,NORMAL,0
U05291,TELECOM,50.14,3.103,99.81,52.43,55.03,4,0,79,100.0,651.04,NORMAL,0
U04095,SAUDE,40.17,3.642,123.28,80.68,49.72,5,0,144,67.79,1019.1,NORMAL,0
U09276,SAUDE,,3.249,102.09,11.14,54.38,1,2,23,61.25,1126.8,URGENTE,0
U06419,SAUDE,39.45,0.588,130.23,45.21,52.36,0,0,104,61.47,980.07,URGENTE,0
U06322,SAUDE,45.56,3.244,137.72,86.89,84.49,3,0,7,41.4,1550.72,NORMAL,0
U03827,AGUA,,1.236,101.62,112.77,66.73,2,0,88,53.9,1039.69,NORMAL,0
U01882,SAUDE,44.66,2.363,131.77,71.22,86.16,5,1,74,60.99,1285.32,NORMAL,0
U02884,AGUA,37.37,1.991,115.99,22.63,64.36,3,0,17,49.39,1050.53,URGENTE,0
U05638,ENERGIA,38.72,3.825,95.97,98.28,47.58,3,1,60,55.44,918.41,NORMAL,0
U01896,TRANSITO,168.65,2.545,110.74,10.23,43.85,3,2,141,70.14,944.67,CRITICO,1
U01777,AGUA,43.28,3.449,159.91,5.69,74.64,4,1,116,52.91,785.17,NORMAL,0
U09620,SAUDE,39.1,3.56,103.66,21.29,70.4,5,0,8,38.55,1415.47,NORMAL,0
U03555,TELECOM,36.85,2.636,71.0,44.43,41.24,2,1,24,55.57,1118.71,NORMAL,0
U00001,SAUDE,49.08,,140.27,121.69,85.36,6,0,122,79.28,1491.11,CRITICO,1
U01779,AGUA,26.95,2.723,131.64,35.76,35.79,3,1,140,62.67,806.16,NORMAL,0
U04648,SAUDE,38.9,3.797,131.22,94.25,78.14,4,0,21,76.82,1189.65,NORMAL,0
U00143,SAUDE,38.35,1.218,81.99,,44.11,1,0,112,78.96,862.07,NORMAL,0
U03672,SAUDE,53.25,3.348,150.37,5.73,67.31,6,0,73,78.99,1089.91,NORMAL,0
U05518,TELECOM,58.91,2.407,62.35,15.44,66.32,4,0,61,63.0,1098.09,NORMAL,0
U04369,AGUA,52.5,4.295,122.47,76.35,78.41,3,0,105,68.63,1244.23,NORMAL,0
U08632,ENERGIA,47.69,2.561,112.75,91.96,65.19,1,0,91,61.13,1222.9,NORMAL,0
U08097,ENERGIA,53.89,2.167,94.33,61.53,73.77,3,2,34,39.19,1147.93,NORMAL,0
U04903,SAUDE,42.36,2.057,164.75,45.15,59.17,1,1,137,92.65,1295.15,CRITICO,1
U00421,SAUDE,40.01,2.16,90.32,44.91,70.24,5,0,28,65.59,1151.58,URGENTE,0
U07480,ENERGIA,48.14,,158.84,,58.59,4,1,35,54.41,1270.11,NORMAL,0
U02490,SAUDE,41.82,2.942,129.17,,77.74,2,0,27,56.84,1258.8,NORMAL,0
U02230,SAUDE,39.23,1.894,107.78,137.41,47.47,1,0,43,65.72,832.44,NORMAL,0
U02482,SAUDE,42.6,2.505,79.0,20.37,42.22,0,1,26,54.5,408.14,NORMAL,0
U00516,TELECOM,46.57,,128.24,64.37,63.31,5,0,82,80.73,1188.0,NORMAL,0
U00412,TRANSITO,46.67,2.398,77.77,2.0,44.73,2,0,31,46.96,1652.48,URGENTE,0
U06092,AGUA,35.26,3.236,111.88,48.7,60.66,2,1,123,72.72,1401.06,NORMAL,0
U08776,TRANSITO,,,98.15,39.23,52.77,1,0,64,60.3,1089.23,NORMAL,0
U09183,AGUA,32.07,1.455,68.46,46.49,37.97,2,0,101,72.48,730.49,NORMAL,0
U02871,ENERGIA,47.52,3.751,132.95,39.7,57.47,3,0,127,66.31,1029.14,NORMAL,0
U00123,ENERGIA,43.32,2.444,65.36,19.96,35.91,2,0,128,53.4,682.12,NORMAL,0
U02637,TELECOM,50.85,2.232,111.32,56.57,79.4,3,0,25,68.73,1717.97,NORMAL,0
U02907,SAUDE,49.83,,150.67,82.43,84.7,6,0,43,62.28,1258.35,NORMAL,0
U02903,TRANSITO,,1.911,128.28,38.78,63.86,3,1,102,78.99,848.06,NORMAL,0
U03192,SAUDE,39.79,3.009,87.6,129.85,61.04,2,1,20,44.43,1089.9,NORMAL,0
U03850,SAUDE,49.87,,98.53,40.08,67.08,4,1,21,33.61,1446.91,NORMAL,0
U01785,SAUDE,45.57,,146.94,42.16,72.03,3,0,5,84.09,1282.92,NORMAL,0
U04814,SAUDE,37.44,2.509,162.26,67.52,74.13,5,0,136,44.18,1040.98,URGENTE,0
U08011,ENERGIA,42.7,3.134,88.38,110.88,47.17,2,1,57,70.17,1133.36,NORMAL,0
U08596,ENERGIA,42.09,1.554,62.36,40.74,52.26,3,1,40,26.01,661.69,NORMAL,0
U00697,TRANSITO,,2.675,121.42,71.66,80.44,2,1,108,15.0,1520.85,NORMAL,0
U08730,TELECOM,44.33,2.713,106.28,47.95,52.04,2,0,26,26.67,636.51,URGENTE,0
U00605,TRANSITO,44.07,2.568,120.4,17.12,77.07,7,2,11,44.44,1310.15,NORMAL,0
U05058,TELECOM,46.86,1.584,89.79,11.07,36.61,0,0,69,36.99,1056.67,NORMAL,0
U08218,TRANSITO,42.55,3.554,108.14,107.22,65.96,5,0,80,56.34,1497.22,URGENTE,0
U01904,SAUDE,40.8,2.535,101.7,73.28,39.93,2,2,111,79.58,949.35,NORMAL,0
U02189,ENERGIA,51.48,2.872,131.08,40.39,41.98,0,0,111,74.29,844.99,NORMAL,0
U07854,TRANSITO,42.27,2.342,83.01,137.64,48.89,0,1,16,44.69,958.2,NORMAL,0
U04628,ENERGIA,50.71,3.026,127.18,49.61,63.97,4,0,8,91.27,1197.56,NORMAL,0
U07818,TELECOM,56.28,2.43,148.44,48.27,80.63,0,0,62,60.2,1346.82,URGENTE,0
U02847,TRANSITO,44.23,3.533,144.14,92.93,65.43,0,0,110,74.18,944.5,NORMAL,0
U02575,AGUA,40.87,3.29,123.01,88.01,74.1,2,3,89,51.63,1095.35,NORMAL,0
U09416,SAUDE,39.05,1.906,150.72,15.47,49.9,1,1,142,76.57,723.24,NORMAL,0
U06635,TELECOM,45.46,3.727,117.34,59.88,53.4,2,0,77,71.33,903.39,NORMAL,0
U05022,ENERGIA,41.88,,57.06,8.73,35.14,3,0,84,63.66,571.34,NORMAL,0
U04695,ENERGIA,63.48,3.612,143.92,75.74,76.55,2,0,103,51.71,1472.23,NORMAL,0
U07439,SAUDE,118.61,2.252,142.33,30.95,62.03,6,1,136,58.49,1379.26,NORMAL,0
U05372,SAUDE,35.8,2.775,141.58,57.0,70.18,2,0,139,38.61,865.84,NORMAL,0
U06904,TRANSITO,35.52,2.017,105.69,47.68,40.83,1,0,107,55.3,990.26,NORMAL,0
U05257,ENERGIA,55.2,2.338,68.49,97.13,52.0,5,1,14,78.04,846.11,NORMAL,0
U05722,ENERGIA,43.26,3.623,98.34,10.79,65.09,1,1,78,45.99,1095.33,NORMAL,0
U02931,TRANSITO,46.12,3.223,130.25,14.05,79.11,1,0,22,69.76,1035.75,NORMAL,0
U08882,SAUDE,40.72,,121.23,18.48,70.44,2,0,109,64.49,1197.3,NORMAL,0
U05439,SAUDE,34.43,1.404,90.28,,37.37,3,0,115,50.59,643.83,URGENTE,0
U08858,TELECOM,52.94,2.825,85.41,12.38,56.56,1,1,86,59.09,1059.44,NORMAL,0
U06921,TELECOM,48.84,2.101,96.82,82.35,37.97,0,1,126,100.0,566.27,NORMAL,0
U06783,TRANSITO,44.64,,105.69,47.65,60.71,5,0,98,55.68,1303.81,NORMAL,0
U07561,ENERGIA,51.61,2.626,132.36,30.4,63.81,1,0,120,70.01,1078.39,NORMAL,0
U01414,ENERGIA,53.76,4.533,117.36,25.44,75.16,7,0,121,63.31,1114.04,NORMAL,0
U05087,SAUDE,44.47,3.904,159.01,64.43,73.22,4,0,119,60.48,1357.84,NORMAL,0
U08407,TRANSITO,42.0,2.859,107.77,19.81,61.72,1,0,64,79.49,1127.09,NORMAL,0
U09930,ENERGIA,56.12,4.643,148.05,21.46,95.55,5,0,84,59.12,1158.03,NORMAL,0
U04484,ENERGIA,54.25,3.194,123.32,14.05,65.67,3,0,80,69.74,1434.78,NORMAL,0
U07753,SAUDE,44.54,1.282,136.88,21.35,65.07,6,0,122,61.6,799.6,NORMAL,0
U08060,TRANSITO,,3.601,129.23,14.72,81.63,5,1,53,53.84,1371.74,URGENTE,1
U04804,AGUA,44.18,3.814,135.45,46.41,51.01,4,0,105,53.33,747.45,NORMAL,0
U07945,AGUA,37.75,2.445,79.51,33.95,41.99,3,0,9,47.86,1195.5,NORMAL,0
U03260,TELECOM,47.35,1.972,150.86,27.31,70.81,2,2,90,55.65,1010.66,NORMAL,0
U09898,SAUDE,43.13,3.592,160.14,126.19,100.0,4,0,13,64.65,1614.07,NORMAL,0
U08047,ENERGIA,55.11,2.631,142.28,37.52,70.09,2,0,74,58.41,1386.73,NORMAL,0
U01157,SAUDE,51.22,4.309,153.89,17.21,85.75,3,0,104,70.25,1321.48,NORMAL,0
U07827,ENERGIA,44.82,2.783,96.52,30.36,26.96,3,1,84,75.4,640.07,URGENTE,0
U05212,TELECOM,55.14,1.092,138.67,4.85,78.52,4,1,72,61.08,1454.03,NORMAL,0
U03062,AGUA,37.61,2.543,115.42,12.11,58.38,1,0,59,85.38,872.2,NORMAL,0
U08069,SAUDE,47.93,2.892,129.36,108.32,76.84,6,0,61,73.23,1183.63,NORMAL,0
U04902,SAUDE,43.21,3.084,195.86,106.43,99.16,4,0,87,58.36,1475.05,CRITICO,1
U03574,TELECOM,52.87,4.241,123.87,44.85,67.7,2,1,83,78.78,1367.31,NORMAL,0
U04429,TRANSITO,42.66,2.322,122.81,25.68,62.8,3,1,8,53.86,1040.28,NORMAL,0
U08107,SAUDE,37.4,3.154,147.38,34.31,92.62,4,0,6,52.49,1635.79,NORMAL,0
U08862,TRANSITO,46.08,4.259,167.5,45.83,70.56,1,1,102,60.22,1265.69,NORMAL,0
U01590,TRANSITO,50.1,3.846,103.87,,61.07,2,1,4,75.64,938.58,NORMAL,0
U04725,ENERGIA,57.03,3.085,145.06,29.47,83.08,5,0,131,59.9,1253.81,NORMAL,0
U02602,AGUA,43.85,3.492,115.24,,88.5,4,1,9,58.43,957.14,NORMAL,0
U03162,ENERGIA,51.3,3.307,116.19,96.41,69.64,4,1,18,64.68,525.87,NORMAL,0
U07637,ENERGIA,49.11,3.05,160.83,82.86,59.86,1,0,96,72.6,980.54,NORMAL,0
U01036,TRANSITO,41.72,3.553,124.47,65.92,80.34,4,0,8,59.92,1498.12,CRITICO,1
U01088,ENERGIA,57.15,4.359,177.65,42.54,82.4,4,0,139,82.88,1472.98,NORMAL,0
U01557,SAUDE,49.89,,66.28,33.15,57.38,2,0,9,48.95,1107.93,NORMAL,0
U00550,TRANSITO,47.13,8.749,134.03,25.4,68.27,2,1,126,74.16,1191.14,CRITICO,1
U04950,ENERGIA,51.46,3.597,153.22,43.87,86.33,3,0,92,70.68,1155.98,CRITICO,1
U05661,ENERGIA,43.82,2.192,61.67,51.06,23.96,0,2,72,36.31,675.79,URGENTE,0
U05645,ENERGIA,53.79,2.707,109.19,81.31,66.78,2,0,94,53.67,1293.44,NORMAL,0
U06400,SAUDE,38.25,3.487,124.27,,62.33,0,0,123,66.66,1034.39,NORMAL,0
U08684,TELECOM,42.22,2.067,107.84,90.85,28.84,1,1,108,91.88,849.98,NORMAL,0
U04140,AGUA,50.33,2.587,99.83,30.63,68.68,2,0,18,70.14,1424.47,NORMAL,0
U02102,AGUA,35.56,,78.46,23.37,22.54,1,0,26,57.13,393.33,NORMAL,0
U04282,ENERGIA,,2.79,131.57,99.16,43.15,1,1,116,80.87,1063.25,NORMAL,0
U06393,AGUA,105.59,,165.03,36.3,71.18,3,0,114,78.9,1312.56,NORMAL,0
U03412,ENERGIA,54.8,3.345,139.27,41.43,45.5,1,1,140,84.17,848.49,NORMAL,0
U05946,ENERGIA,64.21,10.21,139.17,71.84,76.95,1,0,121,63.72,819.88,CRITICO,1
U06163,SAUDE,41.6,1.306,115.38,34.16,37.79,2,1,104,50.32,999.54,NORMAL,0
U08177,ENERGIA,51.5,3.775,129.46,85.58,88.62,2,0,3,65.37,1648.24,NORMAL,0
U03913,SAUDE,48.96,1.993,142.43,36.32,69.9,2,1,108,95.02,1158.98,NORMAL,0
U06325,ENERGIA,,2.591,125.1,44.44,53.44,0,0,131,67.8,1138.47,URGENTE,0
U07194,TELECOM,44.85,4.668,112.83,,55.82,4,0,142,52.91,913.69,NORMAL,0
U06668,ENERGIA,59.49,3.02,89.73,61.74,39.59,1,0,91,63.07,639.81,NORMAL,1
U06997,AGUA,45.77,3.637,146.08,66.83,66.82,0,0,134,50.65,931.64,NORMAL,0
U01064,TRANSITO,,2.548,50.12,11.89,32.8,3,1,34,59.93,666.66,NORMAL,0
U06772,AGUA,41.29,4.306,193.36,38.11,94.06,3,0,102,45.91,1332.04,NORMAL,0
U02381,TELECOM,47.93,4.229,133.83,79.45,56.28,0,0,100,71.83,1272.75,URGENTE,0
U06401,SAUDE,33.84,0.993,126.63,58.86,70.25,3,1,112,74.86,1263.62,NORMAL,0
U04988,AGUA,41.12,2.643,99.86,30.03,67.11,5,0,71,78.04,1529.32,NORMAL,0
U07527,ENERGIA,44.26,,106.37,25.74,63.73,0,0,67,80.26,1235.14,NORMAL,0
U09723,ENERGIA,48.55,2.171,140.51,41.1,70.29,4,1,138,45.23,1266.82,NORMAL,0
U09285,ENERGIA,177.33,2.138,84.02,167.48,53.43,4,2,26,52.65,1055.37,NORMAL,0
U08444,TELECOM,42.66,,128.39,80.13,50.42,1,0,109,47.54,980.31,NORMAL,0
U00815,SAUDE,44.45,2.599,120.3,21.29,66.29,3,0,99,55.92,1310.59,NORMAL,0
U04158,AGUA,33.57,2.984,149.25,24.24,57.93,3,0,79,21.94,901.34,NORMAL,0
U01974,TRANSITO,48.13,2.597,119.4,71.05,66.88,1,0,121,64.02,1487.21,NORMAL,0
U02979,TRANSITO,,1.638,122.39,113.03,42.42,5,0,143,71.35,948.76,NORMAL,0
U04460,SAUDE,44.81,2.421,88.36,69.62,40.11,5,1,40,64.39,852.96,NORMAL,0
U08847,AGUA,,2.756,126.42,,62.05,3,2,72,62.24,1281.21,URGENTE,0
U09491,SAUDE,47.1,2.304,99.42,31.24,50.3,4,1,115,48.15,1074.69,NORMAL,0
U05017,SAUDE,38.96,3.016,68.91,36.54,27.9,2,2,47,52.59,653.2,CRITICO,1
U09901,SAUDE,41.03,2.586,130.92,50.52,68.15,2,1,20,53.92,1398.95,NORMAL,0
U03741,ENERGIA,48.97,2.742,76.48,88.35,56.48,1,0,22,52.11,1236.91,NORMAL,0
U03718,ENERGIA,44.59,2.433,54.07,32.46,52.09,1,0,31,58.24,1145.2,NORMAL,0
U08014,TELECOM,53.59,3.797,91.56,17.36,64.67,4,0,43,83.73,1396.22,NORMAL,0
U07991,SAUDE,36.44,1.437,44.11,41.37,44.33,4,1,2,43.26,688.49,NORMAL,0
U01941,ENERGIA,37.02,4.161,145.92,85.18,77.52,4,0,65,55.24,1212.14,NORMAL,0
U07435,TRANSITO,67.88,2.589,135.03,30.78,64.95,4,1,138,76.78,1236.93,NORMAL,0
U01069,SAUDE,34.15,2.461,82.24,12.66,52.52,2,0,30,88.38,1177.38,NORMAL,0
U03801,TRANSITO,136.89,1.753,93.8,220.76,48.51,0,0,74,64.46,1013.6,NORMAL,0
U04660,AGUA,38.2,,150.8,17.6,80.54,2,1,32,47.72,1127.01,NORMAL,0
U09565,ENERGIA,54.41,4.977,115.16,81.23,81.93,5,0,31,69.58,1325.61,NORMAL,0
U04375,SAUDE,40.3,0.54,95.52,32.83,33.7,0,2,76,49.78,848.07,NORMAL,0
U01556,SAUDE,43.88,1.145,58.1,31.06,15.99,2,1,111,57.9,728.95,NORMAL,0
U01930,ENERGIA,46.66,3.277,73.76,37.05,48.76,2,0,71,44.97,669.84,NORMAL,0
U01538,ENERGIA,48.82,3.117,126.76,,71.09,4,0,84,62.63,1358.61,NORMAL,0
U01268,ENERGIA,43.83,4.079,153.1,30.13,66.39,6,2,119,38.86,1273.93,NORMAL,0
U05515,ENERGIA,53.14,2.68,103.27,91.13,52.5,2,1,133,80.42,916.98,NORMAL,0
U02071,SAUDE,43.11,2.573,117.26,35.77,55.45,1,1,120,75.73,922.32,NORMAL,0
U08633,TELECOM,42.72,1.609,88.63,35.78,49.14,4,0,130,70.55,1174.55,NORMAL,0
U04339,AGUA,40.08,4.84,119.9,15.8,52.99,5,0,115,78.44,916.45,NORMAL,0
U03855,ENERGIA,53.55,2.364,122.87,74.08,55.88,0,0,126,82.77,865.31,NORMAL,0
U02818,ENERGIA,46.17,3.788,84.65,13.09,55.84,2,0,61,25.03,1382.11,NORMAL,0
U00420,AGUA,39.77,3.691,159.46,68.7,85.48,7,1,47,36.8,903.96,CRITICO,1
U01321,ENERGIA,42.92,3.23,126.64,56.66,56.1,1,0,15,89.76,590.38,NORMAL,0
U06544,TRANSITO,37.35,1.897,65.73,18.63,25.26,0,0,112,66.39,1129.9,NORMAL,0
U07566,TRANSITO,52.46,2.726,123.91,106.28,60.08,5,0,23,85.94,830.8,NORMAL,0
U05470,TELECOM,49.57,2.743,80.01,94.74,46.63,4,1,92,53.51,1008.46,URGENTE,0
U01955,ENERGIA,33.64,3.041,92.95,67.02,43.41,1,0,99,59.67,862.49,NORMAL,0
U00049,TRANSITO,44.92,,93.12,57.04,55.0,2,0,48,48.25,1278.8,URGENTE,0
U09439,AGUA,40.23,,140.08,34.05,61.73,4,1,122,56.39,1207.76,NORMAL,0
U03288,ENERGIA,42.97,2.708,80.45,40.02,52.7,3,1,37,56.68,699.47,NORMAL,0
U02991,ENERGIA,53.15,3.023,121.29,64.19,79.81,4,0,72,58.04,1568.72,NORMAL,0
U09758,SAUDE,43.9,2.939,128.57,74.05,61.2,4,0,144,73.33,670.6,NORMAL,0
U00219,AGUA,37.63,1.761,159.73,21.47,68.29,5,0,143,57.7,834.09,NORMAL,0
U00056,AGUA,34.67,,112.17,60.48,54.82,5,0,13,67.33,617.98,NORMAL,0
U02791,SAUDE,45.27,1.873,112.16,51.53,56.28,3,1,38,62.63,1208.84,NORMAL,0
U06105,SAUDE,35.45,0.717,81.87,22.89,23.44,4,0,136,58.38,860.65,NORMAL,0
U04803,ENERGIA,53.59,2.96,128.02,20.95,58.43,0,1,122,51.24,1130.92,NORMAL,0
U04749,ENERGIA,53.71,4.189,113.08,75.02,60.2,1,0,6,50.43,1134.36,URGENTE,0
U06661,ENERGIA,55.1,3.897,91.89,52.18,69.2,5,0,32,61.06,1220.88,NORMAL,0
U03403,ENERGIA,51.69,2.122,95.77,36.2,64.79,2,0,108,55.65,977.65,NORMAL,0
U00066,TELECOM,45.94,,116.05,26.84,47.95,1,0,112,86.26,955.26,NORMAL,0
U08119,SAUDE,,2.024,103.1,37.84,51.88,3,0,42,66.57,725.61,NORMAL,0
U06175,SAUDE,35.18,2.807,71.34,,40.86,4,2,35,69.75,1382.57,NORMAL,0
U06103,ENERGIA,49.98,3.041,116.37,61.72,60.12,6,0,34,79.91,947.78,NORMAL,0
U07170,ENERGIA,49.09,2.602,105.64,76.19,58.99,4,0,24,55.27,1510.74,NORMAL,0
U09090,ENERGIA,50.05,3.133,105.38,56.59,52.94,1,2,65,88.48,1212.13,NORMAL,0
U06079,AGUA,41.04,1.667,146.27,47.83,65.9,2,1,135,62.89,1132.18,URGENTE,0
U04740,AGUA,41.92,3.245,133.07,2.73,57.2,2,1,128,67.86,967.88,NORMAL,0
U07857,ENERGIA,43.82,2.748,104.32,28.31,54.45,4,0,136,63.2,733.62,NORMAL,0
U09592,ENERGIA,39.86,1.935,131.95,63.58,64.42,4,0,141,36.92,1177.77,NORMAL,0
U05926,AGUA,40.63,2.925,120.06,54.01,72.12,3,1,53,48.13,1520.58,NORMAL,0
U09964,SAUDE,38.85,2.426,91.64,19.02,36.47,1,0,78,68.64,772.35,NORMAL,0
U09457,TELECOM,47.48,1.65,140.56,,66.66,2,0,142,67.0,1129.51,NORMAL,0
U02413,ENERGIA,44.8,2.895,128.61,8.26,65.15,2,2,130,70.08,1176.55,NORMAL,0
U03285,TRANSITO,44.68,2.634,109.51,30.66,40.58,3,1,43,70.13,660.0,NORMAL,0
U05274,SAUDE,47.12,2.078,113.39,56.7,63.8,5,2,4,76.29,963.11,NORMAL,0
U01613,ENERGIA,39.61,3.724,134.1,19.91,49.53,2,0,124,60.97,890.18,NORMAL,0
U05134,AGUA,41.87,3.747,117.95,10.4,51.11,3,0,85,64.63,661.12,NORMAL,0
U04980,AGUA,37.7,2.293,67.85,25.89,41.41,4,1,63,71.06,982.01,NORMAL,0
U00488,ENERGIA,56.19,3.132,138.27,14.52,89.18,5,1,34,53.25,1107.98,CRITICO,1
U07474,TRANSITO,52.72,3.235,165.26,33.52,90.25,2,0,127,69.74,1740.95,NORMAL,0
U07351,ENERGIA,52.77,2.616,91.52,21.41,61.98,2,0,30,49.28,1121.43,CRITICO,1
U06449,AGUA,32.73,3.547,128.45,90.77,49.45,2,2,105,50.79,1202.25,CRITICO,1
U04643,SAUDE,41.02,2.806,88.35,39.57,59.3,3,0,13,68.18,1103.75,NORMAL,0
U03443,SAUDE,49.17,3.17,83.21,17.86,55.83,2,1,25,76.12,728.36,NORMAL,0
U09670,ENERGIA,49.03,2.635,114.48,107.49,60.54,2,0,26,81.68,967.48,NORMAL,0
U09978,TRANSITO,60.7,3.975,140.54,27.12,94.96,4,0,126,64.72,1365.41,CRITICO,1
U03139,ENERGIA,56.76,2.21,103.88,68.74,44.21,3,0,104,72.57,1171.53,NORMAL,0
U03928,SAUDE,42.17,3.252,170.16,55.93,84.99,3,1,83,90.55,1258.62,NORMAL,0
U03513,TELECOM,41.14,1.685,105.07,139.26,54.65,2,0,39,49.22,1389.14,NORMAL,0
U08994,SAUDE,45.11,3.53,128.61,105.8,67.19,0,2,51,73.06,1649.77,NORMAL,0
U08889,ENERGIA,53.84,2.867,117.17,53.12,63.12,1,0,44,69.95,990.86,NORMAL,0
U05319,AGUA,46.91,1.897,101.84,79.62,64.84,1,2,88,66.88,1051.64,NORMAL,0
U03389,TRANSITO,42.37,3.338,146.86,159.71,75.23,3,0,14,56.29,1464.82,NORMAL,0
U03283,ENERGIA,52.38,1.238,125.42,39.6,47.47,2,0,140,65.8,1120.41,NORMAL,0
U07690,SAUDE,42.38,1.886,100.38,40.79,65.5,2,0,46,45.37,641.63,NORMAL,0
U01675,TRANSITO,44.6,2.33,85.65,,61.43,3,1,48,53.71,1169.48,NORMAL,0
U06489,AGUA,40.06,3.371,76.46,56.54,53.88,4,0,10,64.39,1101.21,NORMAL,0
U06107,TRANSITO,28.54,2.467,98.6,27.11,38.48,3,0,85,61.96,643.38,NORMAL,0
U07176,ENERGIA,48.96,3.304,101.96,135.28,58.08,2,0,88,99.13,1268.1,NORMAL,0
U06403,SAUDE,40.75,2.127,90.42,11.95,47.55,5,1,59,73.2,527.88,NORMAL,0
U01439,ENERGIA,53.17,6.156,116.3,24.65,48.32,2,0,76,45.24,1235.98,URGENTE,1
U06164,AGUA,28.13,2.979,92.44,60.05,59.5,3,0,4,40.69,843.85,NORMAL,0
U09027,ENERGIA,,2.161,90.59,121.9,54.11,4,2,98,40.77,1200.15,NORMAL,0
U08726,ENERGIA,55.69,3.391,139.8,105.75,71.07,2,0,41,55.42,1205.95,NORMAL,0
U02444,ENERGIA,43.98,4.264,113.57,,65.49,7,0,97,98.67,1187.93,CRITICO,1
U00434,TELECOM,44.5,1.563,77.61,19.66,59.16,4,0,24,64.38,1062.87,NORMAL,0
U07782,ENERGIA,49.33,3.155,94.95,19.44,50.85,4,1,41,69.36,384.37,NORMAL,0
U09233,TELECOM,48.46,3.694,117.74,65.81,65.54,2,1,73,62.89,755.68,NORMAL,0
U09710,ENERGIA,49.05,2.197,150.09,106.95,86.98,2,1,131,58.17,1288.52,NORMAL,0
U02420,ENERGIA,42.49,3.837,111.65,34.46,62.38,3,0,110,69.87,1041.26,URGENTE,1
U09344,SAUDE,35.77,3.701,134.89,133.81,95.83,3,0,45,98.98,1610.37,NORMAL,0
U04580,SAUDE,29.92,2.359,105.22,70.37,59.04,1,0,2,80.34,182.39,NORMAL,0
U05209,TELECOM,52.51,3.247,136.72,73.01,51.05,0,0,46,60.98,863.01,URGENTE,0
U06913,TRANSITO,52.58,3.926,58.35,30.31,49.76,6,0,5,60.34,820.24,URGENTE,1
U03846,TELECOM,40.81,2.895,72.21,22.5,58.0,1,1,18,59.14,1384.97,NORMAL,0
U01631,ENERGIA,49.42,,144.52,20.84,61.43,2,0,89,95.64,622.81,NORMAL,0
U02148,TELECOM,43.78,1.715,65.1,47.96,44.45,1,1,84,66.05,917.31,URGENTE,0
U02583,AGUA,26.17,3.231,102.8,38.72,57.72,1,0,94,73.85,1108.57,NORMAL,0
U08815,ENERGIA,55.62,2.006,83.75,19.61,48.22,4,1,28,73.26,1180.31,NORMAL,0
U04142,SAUDE,35.97,1.941,112.83,35.4,58.07,4,0,101,81.83,874.85,NORMAL,0
U03716,ENERGIA,41.26,4.002,169.28,19.8,81.01,3,2,44,74.74,1083.8,NORMAL,0
U01855,SAUDE,44.31,3.124,154.11,166.54,96.18,1,0,136,57.67,1346.96,URGENTE,0
U08607,ENERGIA,46.3,3.564,161.38,66.45,88.46,7,1,75,68.65,1480.75,NORMAL,0
U02170,SAUDE,46.48,2.069,106.39,34.05,67.0,2,2,65,58.77,1245.31,CRITICO,1
U07891,ENERGIA,45.46,3.218,120.77,118.2,42.42,0,0,54,65.59,747.08,NORMAL,0
U03934,AGUA,34.55,3.801,97.56,46.42,57.53,2,0,72,44.7,1300.6,NORMAL,0
U04137,TRANSITO,46.67,2.563,166.22,70.36,79.26,3,0,130,49.65,972.57,NORMAL,0
U00283,SAUDE,41.33,1.696,97.05,28.68,45.37,2,0,74,63.35,215.34,NORMAL,0
U00165,ENERGIA,,3.999,173.27,66.1,89.86,1,0,142,51.09,1637.17,URGENTE,1
U02867,TRANSITO,45.11,3.523,139.75,3.5,59.19,1,1,126,72.24,1013.54,NORMAL,0
U05154,SAUDE,41.95,3.124,143.5,22.95,72.64,2,1,62,50.41,1463.32,URGENTE,0
U08908,SAUDE,31.45,,91.61,13.74,44.49,0,2,31,50.98,542.28,NORMAL,0
U09541,AGUA,43.35,3.222,138.76,34.25,70.65,3,2,62,52.61,1505.67,NORMAL,0
U05754,SAUDE,39.54,3.083,103.84,,43.84,1,0,117,37.96,1119.74,URGENTE,0
U09821,TELECOM,52.65,2.892,152.2,77.73,75.39,3,1,103,77.89,883.11,NORMAL,0
U00919,AGUA,38.74,2.358,94.53,29.26,58.93,3,0,83,37.15,831.39,URGENTE,0
U06111,TELECOM,44.02,3.216,79.4,67.96,55.95,1,0,19,74.16,1132.68,NORMAL,0
U07548,AGUA,48.8,3.05,119.9,10.71,59.45,4,0,70,60.61,949.1,NORMAL,0
U09740,AGUA,39.82,3.834,83.74,51.26,38.69,2,2,33,56.36,1267.12,NORMAL,0
U02720,SAUDE,41.86,2.92,143.96,47.16,63.96,5,0,19,62.07,1051.54,URGENTE,0
U06292,SAUDE,38.78,1.985,128.51,80.03,54.36,4,0,2,49.67,1002.9,NORMAL,0
U03137,ENERGIA,48.0,5.431,143.61,10.91,83.06,2,1,62,71.74,1235.94,CRITICO,1
U09910,ENERGIA,59.6,3.688,153.93,23.24,81.79,0,1,36,57.23,1279.24,URGENTE,1
U09020,SAUDE,44.08,2.653,123.56,75.38,64.5,1,0,30,51.23,1155.98,NORMAL,0
U04885,AGUA,39.2,3.134,153.1,42.37,77.83,3,0,130,67.89,1255.67,NORMAL,0
U07013,SAUDE,47.53,2.634,97.02,42.89,75.01,5,0,58,63.09,1209.59,NORMAL,0
U01817,SAUDE,45.7,3.371,160.66,45.8,100.0,4,0,69,65.6,1482.78,NORMAL,0
U08920,TRANSITO,41.69,3.396,127.73,76.5,68.81,2,2,44,68.14,1072.21,NORMAL,0
U06497,SAUDE,43.19,2.318,106.92,29.57,62.56,0,5,29,64.11,1128.77,NORMAL,0
U01455,SAUDE,44.49,3.266,107.31,40.17,62.61,1,1,56,90.96,675.91,NORMAL,0
U05268,TELECOM,58.98,,114.28,61.59,72.98,1,0,94,55.91,1203.97,NORMAL,0
U05412,TRANSITO,55.27,3.695,120.84,70.52,80.33,3,0,70,78.85,1752.85,NORMAL,0
U01932,ENERGIA,38.77,1.047,103.87,57.67,34.9,1,0,63,87.69,614.08,NORMAL,0
U00255,AGUA,33.78,2.844,74.9,73.79,38.29,2,0,39,71.69,1134.39,NORMAL,0
U03865,TRANSITO,42.81,3.028,97.69,65.85,68.77,1,0,143,69.46,1342.2,NORMAL,0
U02721,AGUA,41.23,2.754,62.18,96.76,41.87,1,0,59,66.18,792.58,NORMAL,0
U05297,TRANSITO,152.7,2.208,134.35,22.94,67.74,1,0,63,65.41,1455.37,NORMAL,0
U03505,AGUA,34.53,2.414,102.57,13.07,47.28,1,1,66,82.97,929.13,NORMAL,0
U02511,SAUDE,,1.682,57.83,54.49,48.12,2,1,24,79.5,1353.51,NORMAL,0
U09321,ENERGIA,49.64,2.326,140.48,25.28,61.36,2,2,132,83.92,1150.72,NORMAL,1
U01296,AGUA,48.11,0.781,128.64,45.34,30.32,1,0,139,64.59,697.65,NORMAL,0
U04940,ENERGIA,47.83,3.665,56.85,37.39,38.95,4,1,56,61.59,1094.68,NORMAL,0
U00869,SAUDE,39.04,2.587,134.2,62.9,73.66,2,2,116,70.99,1092.53,NORMAL,0
U05145,AGUA,40.25,2.204,130.52,89.42,77.87,3,0,32,78.79,1333.7,NORMAL,0
U06375,AGUA,43.45,2.671,100.49,62.4,54.2,3,0,25,35.13,1226.61,NORMAL,0
U05932,TELECOM,43.43,1.802,90.39,60.96,41.93,5,1,89,71.97,637.91,NORMAL,0
U06906,ENERGIA,51.22,3.038,85.17,13.67,50.12,2,1,4,15.77,985.77,NORMAL,0
U06034,SAUDE,33.68,2.129,69.9,13.29,31.57,0,1,141,54.19,906.22,NORMAL,0
U03780,SAUDE,44.31,3.446,119.94,12.44,66.39,2,0,11,72.03,990.77,NORMAL,0
U08340,SAUDE,39.51,2.546,130.25,13.96,70.08,5,0,110,53.33,1230.76,NORMAL,0
U07079,AGUA,43.82,3.347,99.62,22.87,54.47,3,1,69,100.0,862.78,NORMAL,0
U07472,SAUDE,,1.765,105.72,125.41,57.65,1,1,42,63.85,1066.26,NORMAL,0
U07540,TELECOM,127.72,2.698,93.81,67.53,68.15,3,0,11,73.73,1277.8,NORMAL,0
U03259,TRANSITO,38.6,3.579,53.57,6.7,31.39,0,1,27,80.15,718.84,NORMAL,0
U04056,ENERGIA,55.96,3.474,110.69,22.57,64.15,1,0,73,59.43,1361.38,CRITICO,1
U05512,ENERGIA,53.41,2.975,126.35,59.65,52.36,0,0,15,60.55,1238.9,URGENTE,0
U00491,AGUA,39.81,3.286,74.79,13.52,39.81,0,0,75,77.95,1098.16,NORMAL,0
U00068,ENERGIA,49.41,3.125,123.4,18.84,61.83,2,0,63,94.26,977.28,NORMAL,0
U05360,AGUA,47.44,2.521,109.64,46.26,59.32,0,0,81,54.31,840.79,NORMAL,0
U00921,ENERGIA,46.95,2.479,120.83,28.4,49.12,1,2,120,72.16,784.21,NORMAL,0
U05115,TELECOM,51.06,2.558,133.34,42.34,46.1,3,1,84,40.95,1007.49,NORMAL,0
U06165,TRANSITO,,1.784,92.91,52.59,57.64,0,1,23,87.87,1195.14,NORMAL,0
U03014,SAUDE,42.78,3.334,101.24,6.52,72.72,5,1,61,58.46,1118.84,NORMAL,0
U08233,AGUA,34.3,2.619,110.53,20.62,48.12,0,1,116,66.6,1047.73,NORMAL,0
U06990,TELECOM,46.2,1.362,57.67,64.69,31.9,6,0,101,90.64,964.11,CRITICO,1
U08866,SAUDE,44.76,3.169,87.17,56.42,63.59,4,1,22,69.68,708.19,NORMAL,0
U03191,TRANSITO,47.96,2.104,78.97,18.61,50.27,3,0,9,63.24,502.65,NORMAL,0
U03095,ENERGIA,,3.035,129.53,135.33,71.51,2,0,123,61.72,1518.47,NORMAL,0
U04336,SAUDE,40.35,3.312,133.19,22.52,85.36,1,0,32,55.03,1581.07,NORMAL,0
U03878,ENERGIA,50.5,2.564,123.15,24.86,42.1,2,1,140,70.82,656.05,NORMAL,0
U05326,SAUDE,42.43,3.006,96.24,,48.55,2,2,8,31.44,980.66,NORMAL,0
U04194,TRANSITO,45.6,2.577,120.3,36.39,64.12,5,0,75,84.12,1195.5,NORMAL,0
U00856,AGUA,34.23,2.451,135.63,7.12,51.18,2,2,124,80.36,1103.53,URGENTE,0
U06518,SAUDE,26.95,1.864,109.98,42.61,75.32,6,1,40,37.88,1378.5,NORMAL,0
U04042,SAUDE,44.19,3.407,163.7,18.79,70.48,1,2,135,77.81,670.12,CRITICO,1
U01591,ENERGIA,46.0,4.28,124.79,23.43,56.57,3,1,49,73.76,394.88,NORMAL,0
U01169,SAUDE,44.56,,133.72,30.11,62.13,3,0,30,57.39,1109.7,NORMAL,0
U00701,ENERGIA,60.31,3.823,175.97,32.76,100.0,6,1,52,51.0,1467.58,NORMAL,0
U01275,TELECOM,51.57,2.461,149.19,154.16,92.66,3,2,8,72.43,1500.3,NORMAL,0
U03800,SAUDE,44.7,2.059,86.19,82.87,60.65,0,3,4,42.11,833.82,NORMAL,0
U04767,SAUDE,46.21,5.136,159.8,49.59,76.07,2,1,104,63.25,1215.1,NORMAL,0
U00245,SAUDE,50.67,2.447,130.31,39.51,52.82,2,0,141,59.09,928.23,NORMAL,0
U07020,ENERGIA,52.91,3.568,94.15,100.41,47.07,3,1,67,53.57,550.73,NORMAL,0
U07361,ENERGIA,43.27,,119.73,7.33,67.82,2,0,40,43.19,1132.26,NORMAL,0
U00601,ENERGIA,52.26,2.487,114.83,26.46,59.27,2,0,57,89.32,856.19,NORMAL,0
U08401,ENERGIA,52.04,3.843,115.94,196.97,71.46,0,1,43,84.05,912.62,NORMAL,0
U05896,AGUA,41.54,2.862,125.78,39.34,54.24,1,1,9,94.81,938.72,NORMAL,0
U03109,ENERGIA,47.05,,120.84,32.89,50.97,0,1,56,57.6,1191.63,NORMAL,0
U08225,TELECOM,49.58,2.383,136.91,32.56,70.5,3,1,113,73.98,1102.6,NORMAL,0
U04875,SAUDE,50.12,2.399,95.96,19.43,56.73,2,1,71,59.11,846.16,NORMAL,0
U05760,ENERGIA,46.79,3.512,175.17,21.73,75.04,7,0,138,60.47,1589.09,NORMAL,0
U01660,SAUDE,36.68,1.476,105.85,27.3,49.69,3,1,105,100.0,1007.85,URGENTE,0
U07864,SAUDE,36.95,1.43,65.47,83.25,11.86,1,0,73,63.41,695.44,NORMAL,0
U02014,ENERGIA,43.3,1.859,149.04,31.44,49.71,0,2,115,69.2,1161.6,NORMAL,0
U00913,TRANSITO,221.21,,156.25,43.15,77.26,3,0,28,60.53,1003.38,NORMAL,0
U03436,ENERGIA,45.31,,127.44,115.77,68.85,4,0,4,66.38,1423.72,NORMAL,0
U08089,ENERGIA,55.84,3.53,86.75,43.2,69.71,4,3,73,100.0,957.49,URGENTE,1
U09963,ENERGIA,53.57,2.946,118.43,66.32,65.1,5,0,7,78.92,1150.51,NORMAL,0
U00997,TRANSITO,36.49,1.807,86.6,74.08,29.01,3,0,111,76.04,696.16,NORMAL,0
U02469,ENERGIA,51.23,1.901,110.43,25.89,22.34,2,1,32,55.8,873.8,NORMAL,0
U00537,AGUA,41.7,2.983,91.21,70.37,40.31,2,0,131,88.61,520.4,NORMAL,0
U02063,TRANSITO,48.86,2.761,76.86,30.07,60.73,3,0,25,63.52,945.45,NORMAL,0
U02047,AGUA,45.62,3.044,111.13,67.7,75.43,0,1,26,41.5,1239.11,URGENTE,0
U05772,SAUDE,50.65,1.96,143.5,82.7,74.19,3,1,87,88.73,782.88,CRITICO,0
U00250,SAUDE,41.84,2.288,64.31,89.42,43.6,1,0,41,69.47,1005.41,NORMAL,0
U08903,AGUA,33.9,3.413,108.58,27.32,60.88,1,1,71,67.36,1114.9,NORMAL,0
U05234,SAUDE,41.4,1.981,89.49,81.34,47.65,3,1,82,45.33,630.5,NORMAL,0
U06612,ENERGIA,52.51,3.094,114.8,15.39,61.72,2,1,116,52.29,936.3,NORMAL,0
U01134,TRANSITO,58.88,2.441,122.22,37.12,87.64,3,0,35,28.63,1456.87,NORMAL,0
U02654,ENERGIA,60.64,4.377,185.67,31.65,76.75,2,1,78,64.85,1036.42,NORMAL,0
U01829,ENERGIA,226.94,2.541,105.79,,78.03,6,0,74,74.64,1211.08,NORMAL,0
U00428,SAUDE,45.77,2.959,104.67,,77.96,4,1,9,39.95,1111.87,NORMAL,0
U01034,AGUA,34.73,4.09,115.33,89.62,54.48,2,0,137,73.64,1086.86,URGENTE,1
U02378,TRANSITO,48.16,3.197,117.5,15.47,62.46,1,0,57,40.08,1173.35,NORMAL,0
U07160,SAUDE,52.52,2.634,93.61,30.82,61.62,2,0,93,55.42,1124.09,NORMAL,0
U00662,AGUA,37.94,3.079,154.42,36.33,74.89,1,0,125,70.13,1146.53,NORMAL,0
U06055,ENERGIA,107.08,1.549,82.52,135.96,36.18,1,0,127,94.87,572.21,NORMAL,0
U04338,SAUDE,43.35,1.54,115.72,16.3,48.18,1,1,87,40.01,593.07,NORMAL,0
U02638,SAUDE,43.62,2.294,143.33,3.6,89.25,4,0,71,65.96,1388.92,NORMAL,0
U09071,ENERGIA,56.77,3.624,143.65,40.55,84.45,6,3,138,56.14,1093.95,CRITICO,1
U08170,TRANSITO,41.63,,80.84,26.09,28.95,0,0,68,75.9,930.85,NORMAL,0
U09973,ENERGIA,215.64,,126.27,45.75,63.45,2,3,73,94.09,1329.86,CRITICO,1
U03705,AGUA,43.06,1.617,138.93,25.76,64.93,2,0,107,58.74,940.46,NORMAL,0
U05587,ENERGIA,44.16,1.92,87.93,99.53,59.87,2,0,13,59.9,1177.61,CRITICO,1
U00862,AGUA,37.83,3.598,95.08,7.74,62.8,2,1,74,94.11,1274.51,NORMAL,0
U02172,TRANSITO,42.82,2.391,119.61,31.2,58.61,4,2,32,54.71,1120.64,NORMAL,0
U03534,AGUA,41.97,2.771,131.35,31.74,56.48,3,0,49,71.65,1405.86,NORMAL,0
U05672,ENERGIA,60.05,2.961,163.35,52.71,75.12,3,0,69,30.3,1472.85,NORMAL,0
U01549,SAUDE,48.66,1.625,116.31,108.72,69.15,4,0,31,56.76,1523.42,NORMAL,0
U09502,ENERGIA,47.95,1.918,105.01,15.08,65.54,3,0,97,62.41,1113.38,NORMAL,0
U05832,ENERGIA,52.46,4.308,109.45,66.34,72.93,6,0,83,64.44,1101.67,URGENTE,1
U06679,ENERGIA,59.12,4.071,82.03,8.06,56.84,1,1,12,39.39,1028.77,NORMAL,0
U03708,AGUA,43.49,2.811,63.1,27.28,35.72,3,1,27,47.47,648.2,NORMAL,0
U01683,TELECOM,48.85,4.048,146.32,11.56,71.16,6,1,141,46.77,979.52,NORMAL,0
U03225,AGUA,,2.273,75.19,68.47,68.96,3,0,28,67.65,1645.3,NORMAL,0
U03200,SAUDE,45.48,2.268,100.58,,54.13,2,2,73,72.46,706.16,NORMAL,0
U01245,TELECOM,169.65,3.547,154.64,,67.19,2,0,142,47.93,681.9,NORMAL,0
U08096,TRANSITO,39.47,1.597,90.43,18.65,24.09,3,1,52,50.62,1049.34,NORMAL,0
U02440,ENERGIA,38.63,3.194,146.61,26.45,70.49,0,1,127,62.93,1284.24,NORMAL,0
U02056,SAUDE,31.95,1.792,80.19,76.34,45.43,0,1,103,63.58,1189.71,NORMAL,0
U06072,TRANSITO,44.02,10.286,125.38,56.6,73.82,4,0,32,42.65,949.86,URGENTE,1
U02956,ENERGIA,50.4,4.143,174.95,35.12,76.82,5,0,101,55.88,897.1,CRITICO,1
U07014,SAUDE,,3.269,105.04,18.13,49.11,3,0,79,98.34,791.28,NORMAL,0
U07133,ENERGIA,49.34,3.15,156.31,50.43,63.28,5,0,134,70.64,1274.11,NORMAL,0
U06113,TRANSITO,36.8,2.676,104.81,81.42,39.18,2,0,102,83.57,849.08,NORMAL,0
U01718,ENERGIA,52.1,2.829,125.85,16.63,47.84,2,1,16,77.36,528.6,NORMAL,0
U07604,ENERGIA,46.43,2.631,81.96,35.66,49.04,2,2,47,66.97,873.5,NORMAL,0
U01634,SAUDE,40.58,2.649,183.67,70.4,92.94,2,1,133,55.08,1535.8,URGENTE,0
U09581,SAUDE,31.17,2.702,133.18,121.08,61.9,3,0,126,72.49,1179.18,NORMAL,0
U05432,SAUDE,39.56,2.183,76.68,63.73,52.44,5,2,8,42.36,799.33,NORMAL,0
U08710,ENERGIA,116.06,3.389,133.22,13.1,75.8,3,0,120,90.49,1082.47,URGENTE,0
U02927,TELECOM,41.32,2.607,104.7,126.6,55.42,3,2,56,87.15,1263.52,CRITICO,1
U05184,ENERGIA,50.32,,139.17,,82.89,7,0,94,73.75,1186.94,URGENTE,0
U03124,SAUDE,43.15,3.328,146.0,33.81,80.17,5,0,108,49.9,1420.95,NORMAL,0
U04895,ENERGIA,46.94,3.323,119.45,25.3,40.59,1,0,139,44.38,636.24,NORMAL,0
U07979,ENERGIA,43.67,3.116,124.34,121.81,52.44,1,1,92,89.92,774.96,URGENTE,0
U03190,TELECOM,48.52,2.827,130.44,127.19,65.58,6,1,64,45.43,1137.15,NORMAL,0
U02285,AGUA,45.57,4.371,144.74,70.46,76.42,4,1,129,72.94,1143.57,NORMAL,0
U07708,SAUDE,43.32,3.403,184.16,27.48,100.0,3,1,112,53.9,1452.41,NORMAL,0
U00793,ENERGIA,43.97,3.13,72.71,24.69,42.67,1,2,17,65.92,1210.03,NORMAL,0
U02785,ENERGIA,54.61,2.528,128.82,34.48,67.84,2,1,132,63.91,1114.04,NORMAL,0
U07138,ENERGIA,48.73,3.837,166.28,51.84,76.85,3,1,142,96.85,1254.8,NORMAL,0
U02762,TRANSITO,,3.017,79.13,50.98,57.71,2,1,25,56.82,915.82,NORMAL,0
U02853,ENERGIA,56.27,4.098,159.52,11.75,69.19,1,0,108,39.95,1117.55,NORMAL,0
U05341,TELECOM,56.92,2.979,141.68,,72.11,6,0,80,43.5,1272.54,URGENTE,0
U02340,ENERGIA,44.95,9.264,144.96,108.12,66.0,1,1,120,35.07,1280.61,CRITICO,1
U08687,TRANSITO,43.39,1.618,118.39,,51.52,2,1,70,57.71,921.15,NORMAL,0
U08530,AGUA,33.0,2.993,68.94,68.5,49.09,2,0,46,92.71,1071.24,NORMAL,0
U00128,TRANSITO,,1.171,116.95,46.86,61.48,2,1,112,58.86,611.65,NORMAL,0
U08083,SAUDE,43.16,1.289,136.77,74.66,69.26,4,0,59,55.26,967.85,NORMAL,0
U01302,TELECOM,53.55,2.939,142.22,11.87,76.74,3,1,128,35.03,1315.3,NORMAL,0
U03810,TRANSITO,49.75,1.924,102.85,,63.48,4,0,29,67.6,1010.85,NORMAL,0
U02395,TRANSITO,47.65,1.789,105.81,83.13,50.84,1,0,82,39.61,775.59,NORMAL,0
U00813,TELECOM,55.63,1.588,101.33,,49.69,2,0,32,83.99,1098.44,NORMAL,0
U07052,TELECOM,,3.085,78.14,50.17,47.87,2,0,53,59.93,631.02,NORMAL,0
U07270,SAUDE,43.15,3.812,103.22,27.59,44.11,1,1,65,73.56,1143.69,NORMAL,0
U09765,TRANSITO,156.09,2.323,72.13,65.79,33.13,0,0,122,72.41,1015.56,NORMAL,0
U06646,SAUDE,,4.248,115.08,10.53,75.01,7,1,37,74.19,834.42,NORMAL,0
U05348,ENERGIA,52.1,,59.66,14.54,44.91,0,0,49,76.07,1042.11,NORMAL,0
U08711,ENERGIA,43.56,2.578,118.08,56.31,56.59,2,1,36,53.99,602.3,NORMAL,0
U00683,TRANSITO,45.26,2.271,117.43,48.62,57.23,2,2,104,100.0,1278.36,NORMAL,0
U04322,AGUA,44.86,8.868,135.86,15.08,70.53,0,0,71,71.81,1239.62,URGENTE,1
U00728,TRANSITO,42.87,2.296,135.49,74.74,60.52,2,0,70,48.65,788.72,URGENTE,0
U09859,TRANSITO,47.28,,141.56,24.32,68.39,1,0,38,81.88,966.29,NORMAL,0
U06663,ENERGIA,,3.292,126.0,34.42,51.55,6,0,43,40.27,620.23,URGENTE,0
U09571,ENERGIA,43.06,,138.13,45.15,74.97,4,0,109,79.55,1814.08,NORMAL,0
U07766,ENERGIA,40.83,4.749,102.38,11.7,63.02,3,0,29,60.73,888.65,NORMAL,0
U08231,AGUA,,2.872,123.04,56.52,71.77,5,0,3,80.6,1427.28,NORMAL,0
U09140,ENERGIA,55.77,3.959,143.94,26.1,70.8,3,1,62,43.65,1478.52,URGENTE,1
U05026,TRANSITO,44.42,1.691,97.87,32.4,62.08,1,0,122,30.54,824.41,NORMAL,0
U02173,SAUDE,,1.879,98.07,30.62,44.75,1,0,65,43.5,1221.81,NORMAL,0
U08694,ENERGIA,52.58,2.46,108.17,50.44,59.01,0,0,46,59.7,729.39,NORMAL,0
U03422,TELECOM,52.62,2.909,118.61,10.75,62.8,2,0,129,98.77,1065.93,CRITICO,1
U06270,AGUA,36.57,3.127,123.55,105.33,68.3,2,0,33,63.43,1451.61,NORMAL,0
U03883,AGUA,40.44,2.719,207.22,35.75,96.24,2,3,128,68.73,1623.79,NORMAL,0
U08248,ENERGIA,36.82,3.449,163.9,19.6,84.32,2,0,126,76.55,960.03,URGENTE,0
U05972,ENERGIA,45.65,2.742,99.05,2.74,48.18,2,0,110,37.69,540.28,NORMAL,0
U08480,SAUDE,49.11,3.084,177.57,96.73,83.63,3,0,66,66.06,873.43,NORMAL,0
U00608,SAUDE,36.71,1.245,124.62,38.37,52.9,2,1,37,62.71,982.88,URGENTE,0
U05354,SAUDE,51.08,1.542,147.94,117.72,70.42,2,0,86,70.47,1317.05,NORMAL,0
U03963,SAUDE,37.85,1.463,63.26,51.46,27.07,2,0,59,96.57,707.87,NORMAL,0
U03111,TRANSITO,39.55,2.996,99.47,74.26,46.54,0,0,111,75.16,1029.98,NORMAL,0
U08192,SAUDE,47.9,1.139,101.96,14.41,63.87,2,0,43,60.34,1329.01,NORMAL,0
U06394,TRANSITO,44.7,,74.92,54.64,30.56,4,2,100,63.85,1100.22,NORMAL,0
U04934,TRANSITO,49.65,4.041,136.62,27.1,94.98,6,0,22,67.42,1129.23,URGENTE,1
U08826,AGUA,33.02,2.203,91.95,69.12,52.55,5,1,78,48.66,832.49,NORMAL,0
U08157,TELECOM,49.95,3.953,176.81,72.62,100.0,3,0,144,71.29,1038.67,NORMAL,0
U04689,ENERGIA,37.71,3.747,118.14,21.96,60.4,3,0,78,62.89,987.47,NORMAL,0
U05639,TELECOM,161.14,1.915,101.67,46.98,61.2,3,0,62,56.11,1132.65,NORMAL,0
U02964,AGUA,55.17,2.824,128.63,24.45,64.8,2,1,95,72.58,1230.61,NORMAL,0
U06412,AGUA,38.08,3.846,141.57,6.82,73.29,5,1,53,75.36,969.86,NORMAL,0
U00053,ENERGIA,45.85,2.674,94.1,35.36,41.18,2,0,113,78.02,1402.67,NORMAL,0
U08838,TELECOM,52.21,2.811,144.29,58.79,67.37,1,1,65,58.37,954.15,NORMAL,0
U03911,SAUDE,42.99,1.869,168.81,100.18,56.02,2,0,118,60.87,1468.99,URGENTE,0
U09698,AGUA,46.6,3.589,180.68,37.0,74.9,2,0,99,67.86,1265.52,URGENTE,1
U06582,SAUDE,29.05,1.86,101.68,149.18,53.86,6,1,39,67.1,736.26,NORMAL,0
U01499,ENERGIA,42.49,2.817,66.27,94.41,42.79,1,0,69,70.36,586.66,NORMAL,0
U08545,AGUA,42.5,2.913,96.7,33.36,49.71,0,0,25,74.74,676.44,NORMAL,0
U07219,TELECOM,48.99,2.35,165.11,157.94,60.38,1,1,73,65.17,1209.09,NORMAL,0
U04568,ENERGIA,49.9,,97.02,4.49,59.62,3,0,42,47.29,472.59,NORMAL,0
U02968,TELECOM,54.74,3.965,94.37,18.4,63.68,4,1,6,51.84,797.24,URGENTE,1
U00520,SAUDE,57.24,1.489,122.75,66.36,67.58,2,3,84,60.15,945.57,NORMAL,0
U00085,SAUDE,37.03,1.634,119.84,76.57,52.25,1,0,18,44.4,761.86,NORMAL,0
U01707,AGUA,47.99,1.979,131.52,11.65,52.68,3,0,104,81.34,1315.37,NORMAL,0
U07476,ENERGIA,53.76,2.288,98.76,43.23,35.39,3,1,143,43.48,685.37,NORMAL,0
U02403,SAUDE,41.96,1.599,82.85,19.83,40.93,0,0,85,84.98,827.02,URGENTE,0
U07509,ENERGIA,50.17,4.062,131.26,11.04,57.85,0,0,130,72.46,1061.65,CRITICO,1
U05155,ENERGIA,51.63,3.232,106.1,16.88,69.76,0,0,69,59.97,1289.51,URGENTE,0
U08323,TRANSITO,45.39,1.736,84.88,29.14,31.72,2,0,105,65.98,756.39,URGENTE,0
U06482,SAUDE,47.31,3.526,180.3,53.63,95.32,2,1,137,77.06,1454.69,NORMAL,0
U04480,TRANSITO,35.23,2.143,63.2,48.71,43.49,1,1,62,53.64,711.71,NORMAL,0
U04908,ENERGIA,61.1,2.841,84.92,,71.81,0,1,21,83.24,1256.45,NORMAL,0
U00647,TELECOM,,2.28,114.0,39.41,39.35,1,0,104,62.14,471.45,NORMAL,0
U05994,TRANSITO,38.92,2.099,98.19,9.04,61.66,1,1,40,62.41,1025.97,NORMAL,0
U07286,SAUDE,43.92,1.447,122.57,21.48,69.0,1,0,29,53.21,657.04,NORMAL,0
U05207,AGUA,45.35,2.165,81.92,28.2,31.53,0,1,110,63.52,839.27,NORMAL,0
U08389,AGUA,40.64,3.004,129.52,35.76,62.78,3,1,13,94.65,1048.38,NORMAL,0
U03896,TELECOM,53.24,3.448,92.74,12.73,63.91,4,0,113,71.7,1186.85,NORMAL,0
U02265,SAUDE,47.9,1.311,101.98,56.52,67.37,2,0,109,92.17,859.53,NORMAL,0
U08102,AGUA,37.88,3.242,49.71,38.02,37.67,1,1,50,37.41,1001.76,NORMAL,0
U01953,TRANSITO,51.77,3.156,123.13,40.29,81.33,5,0,102,80.21,1887.71,NORMAL,0
U05921,TELECOM,,1.102,110.75,9.34,56.58,1,0,141,67.42,906.45,NORMAL,0
U07247,ENERGIA,47.34,3.831,79.82,66.18,47.51,1,0,45,90.71,971.91,CRITICO,1
U04085,AGUA,46.96,3.678,141.98,,61.87,1,0,29,58.01,1078.37,URGENTE,0
U04511,ENERGIA,60.1,3.598,150.08,31.05,75.23,5,1,68,71.13,1083.22,NORMAL,0
U02342,AGUA,41.35,2.728,103.0,39.91,54.2,0,1,121,66.9,950.64,NORMAL,0
U00353,SAUDE,39.58,3.655,161.11,53.67,75.31,1,1,135,57.77,937.44,NORMAL,0
U03818,ENERGIA,53.65,3.374,142.35,52.7,82.83,8,0,44,57.19,1501.27,NORMAL,0
U06669,TRANSITO,54.36,3.135,170.95,64.05,88.06,6,1,134,59.34,1608.68,NORMAL,0
U05199,TRANSITO,43.1,2.216,129.23,90.28,46.77,1,0,88,37.71,1290.62,NORMAL,0
U03237,ENERGIA,49.92,3.683,110.61,39.31,66.26,3,0,13,100.0,1220.1,NORMAL,0
U08719,TELECOM,40.5,1.672,124.67,26.41,41.07,3,1,76,56.86,1119.48,NORMAL,0
U02532,SAUDE,47.33,2.371,149.72,9.51,76.47,3,2,79,54.84,912.86,NORMAL,0
U05681,TRANSITO,42.62,,68.77,46.8,35.93,0,2,58,61.38,968.81,NORMAL,0
U01962,TRANSITO,43.13,2.0,110.44,16.57,35.55,1,0,116,59.87,312.35,NORMAL,0
U05505,SAUDE,47.33,,94.56,20.25,44.46,1,1,21,53.69,1017.69,CRITICO,1
U09954,SAUDE,42.47,1.664,186.94,36.57,100.0,3,0,119,52.57,1548.2,NORMAL,0
U05993,TRANSITO,45.34,2.91,78.96,92.97,65.34,4,0,68,72.55,1014.15,NORMAL,0
U06177,SAUDE,44.92,1.354,137.44,32.42,71.27,4,1,80,61.05,1035.18,NORMAL,0
U02780,SAUDE,37.04,1.791,83.49,27.49,54.52,2,3,36,95.74,876.59,NORMAL,0
U03861,TRANSITO,48.14,,155.82,111.93,78.26,4,0,8,76.91,1107.18,NORMAL,0
U08386,AGUA,45.71,3.1,130.65,23.26,75.04,4,0,10,55.43,1490.25,CRITICO,1
U06928,TRANSITO,41.02,1.729,103.18,57.22,58.36,2,2,9,56.55,1425.7,URGENTE,0
U06081,ENERGIA,43.6,2.674,107.54,26.68,24.56,1,2,69,62.6,711.14,NORMAL,0
U03204,TRANSITO,41.02,1.608,146.35,62.41,42.14,3,0,84,62.49,778.35,NORMAL,0
U04197,SAUDE,53.04,1.358,117.77,4.38,38.06,4,0,135,39.85,782.51,URGENTE,0
U08269,ENERGIA,56.3,5.041,144.32,14.58,81.22,2,1,4,60.64,1278.54,NORMAL,0
U01144,SAUDE,,2.573,67.65,28.51,41.82,4,1,30,87.93,890.48,NORMAL,0
U09659,TRANSITO,41.89,2.822,89.89,56.25,59.02,0,1,95,58.64,1264.87,NORMAL,0
U07291,TELECOM,48.82,2.815,168.44,,76.86,3,1,132,63.91,1979.23,NORMAL,0
U01309,TELECOM,55.59,2.834,117.87,11.97,60.19,1,0,53,43.49,895.98,NORMAL,0
U08951,TRANSITO,46.1,3.811,120.28,27.13,56.94,2,0,137,65.54,802.52,NORMAL,0
U07731,TRANSITO,46.93,1.74,159.05,52.68,71.36,1,2,125,65.11,1371.97,NORMAL,0
U04065,TRANSITO,47.59,1.764,158.76,44.17,64.17,5,1,138,59.74,1288.22,NORMAL,0
U01295,AGUA,42.8,10.872,155.17,44.58,98.57,4,0,83,60.17,1539.45,CRITICO,1
U09976,ENERGIA,44.02,3.099,64.75,83.03,55.18,2,0,37,76.79,1113.53,NORMAL,0
U07774,TRANSITO,,2.038,62.44,,33.65,2,2,103,50.02,1159.01,NORMAL,0
U09277,TRANSITO,42.53,2.645,100.88,40.0,27.83,2,0,132,49.22,692.52,NORMAL,0
U09640,ENERGIA,46.41,2.418,92.14,42.95,49.56,2,0,3,62.86,1024.65,NORMAL,0
U01324,TRANSITO,49.21,1.485,151.62,62.2,75.08,2,0,112,44.66,1360.28,NORMAL,0
U09401,ENERGIA,51.25,4.076,70.26,12.64,44.15,6,0,66,58.37,1049.06,NORMAL,0
U08162,TELECOM,54.82,2.773,118.62,31.39,44.89,1,2,139,55.51,1062.43,URGENTE,1
U04272,ENERGIA,58.44,3.066,105.37,37.16,78.73,1,0,65,55.44,952.91,NORMAL,0
U08914,SAUDE,52.15,3.402,141.36,91.37,75.98,1,1,48,46.78,1264.76,NORMAL,0
U00779,TRANSITO,41.83,8.499,84.95,15.8,62.61,4,0,25,38.83,1022.15,URGENTE,1
U05857,SAUDE,63.44,2.254,109.37,27.35,35.04,0,0,141,70.72,813.02,NORMAL,0
U00262,ENERGIA,53.35,3.958,151.17,14.44,93.56,1,1,8,87.8,1559.23,NORMAL,0
U06949,SAUDE,50.2,2.089,124.53,41.28,65.05,6,1,83,80.98,844.08,NORMAL,0
U02560,AGUA,38.62,2.885,130.46,34.04,67.32,3,0,14,32.34,587.42,NORMAL,0
U02673,ENERGIA,53.73,3.594,92.86,28.15,45.15,4,1,105,46.13,865.85,NORMAL,0
U03291,SAUDE,44.2,2.001,121.6,100.8,65.41,3,2,48,73.48,1146.38,NORMAL,0
U03542,TELECOM,54.42,2.539,129.83,,88.47,1,0,23,63.08,1374.37,NORMAL,0
U03333,ENERGIA,52.49,3.75,100.95,,40.56,5,0,130,24.58,819.0,NORMAL,0
U04549,TELECOM,36.91,3.747,98.73,85.4,57.6,1,1,67,74.93,1092.62,CRITICO,0
U00897,TELECOM,56.13,3.046,115.47,36.21,41.88,0,0,67,50.6,1111.82,URGENTE,0
U03699,TELECOM,53.66,1.708,141.66,41.99,64.64,2,0,108,48.85,1201.84,NORMAL,0
U09161,SAUDE,48.22,3.024,108.39,56.68,56.79,3,0,76,69.88,1262.88,NORMAL,0
U00711,SAUDE,42.01,2.691,109.61,181.9,74.64,3,1,55,100.0,803.0,NORMAL,0
U03992,SAUDE,43.96,1.506,156.83,85.3,68.08,5,0,130,56.49,947.01,NORMAL,0
U04521,ENERGIA,52.34,2.974,106.31,66.4,79.63,0,0,10,52.74,1082.3,NORMAL,0
U05697,ENERGIA,48.98,9.097,51.9,30.42,29.05,2,1,34,66.21,642.78,CRITICO,1
U03328,ENERGIA,45.2,2.335,84.99,4.73,38.49,0,0,41,55.29,720.37,CRITICO,1
U01571,TRANSITO,42.56,,155.06,32.74,74.12,3,1,110,65.37,1419.95,NORMAL,0
U07937,AGUA,46.45,4.508,112.02,35.86,53.09,5,0,135,60.01,366.01,CRITICO,0
U03464,AGUA,36.76,3.1,82.32,44.03,37.95,1,0,54,73.94,798.07,NORMAL,0
U02500,AGUA,40.21,2.25,124.68,16.67,65.02,4,0,118,42.12,1267.2,NORMAL,0
U01789,ENERGIA,46.79,3.032,118.97,177.6,45.68,2,0,55,43.18,1351.0,URGENTE,0
U04092,TRANSITO,49.55,2.242,133.34,36.98,73.94,3,0,68,78.57,983.28,NORMAL,0
U03280,ENERGIA,44.62,3.266,77.54,109.64,20.68,0,0,85,73.11,393.53,NORMAL,0
U08770,ENERGIA,,4.508,126.42,130.2,65.57,2,0,74,75.83,1247.68,NORMAL,0
U05574,ENERGIA,55.06,2.086,161.13,26.95,75.63,10,0,28,68.53,1446.33,NORMAL,0
U02624,ENERGIA,54.84,3.752,187.67,57.45,100.0,2,0,98,80.29,1769.01,CRITICO,1
U00330,TRANSITO,,2.437,86.83,17.04,54.83,2,0,2,76.61,1223.22,NORMAL,0
U05229,ENERGIA,37.5,2.875,113.19,31.46,35.78,0,3,99,47.11,427.13,NORMAL,0
U03828,TRANSITO,44.75,4.351,163.03,73.65,80.52,3,1,17,95.55,1135.61,NORMAL,0
U01918,SAUDE,54.68,1.934,160.97,53.27,88.91,5,1,18,77.2,1243.68,CRITICO,1
U09790,SAUDE,35.32,3.376,45.33,64.84,56.66,3,0,6,60.42,946.1,NORMAL,0
U09629,TRANSITO,45.18,2.71,85.25,41.2,37.57,4,0,141,67.89,733.16,NORMAL,0
U09781,SAUDE,42.06,1.075,102.83,32.33,79.4,3,1,81,67.19,717.95,NORMAL,0
U02309,ENERGIA,48.6,2.409,80.23,60.3,32.31,0,0,107,61.22,575.28,NORMAL,0
U00970,ENERGIA,53.14,3.669,152.76,33.92,79.52,6,0,139,58.1,1260.0,CRITICO,1
U00058,ENERGIA,45.63,3.101,94.05,60.67,52.84,3,0,21,63.22,520.53,NORMAL,0
U00315,TRANSITO,,2.986,25.87,42.39,23.84,0,2,95,33.32,705.85,NORMAL,0
U01810,SAUDE,43.81,2.353,131.47,44.98,43.14,3,0,98,77.52,1260.29,NORMAL,0
U06528,TRANSITO,44.8,3.021,111.7,18.09,47.92,2,0,115,90.57,1004.66,CRITICO,0
U08408,TELECOM,47.91,1.301,102.96,45.77,41.86,2,1,73,58.22,1185.59,NORMAL,0
U05580,TRANSITO,31.83,2.871,109.6,20.08,56.05,3,2,7,62.28,1224.44,NORMAL,0
U02617,ENERGIA,46.08,2.844,113.14,53.83,50.19,4,2,139,62.47,1043.22,NORMAL,0
U00644,SAUDE,45.66,2.333,110.52,71.1,61.48,1,1,33,47.81,1266.1,NORMAL,0
U00070,ENERGIA,50.15,4.185,169.41,,81.32,0,1,64,53.78,1186.49,CRITICO,1
U01348,SAUDE,46.27,2.94,107.87,85.4,81.26,1,0,43,52.74,1072.86,NORMAL,0
U08523,TELECOM,55.57,3.269,149.5,56.33,90.92,9,0,46,72.63,1470.0,NORMAL,0
U09101,TRANSITO,46.25,3.249,103.43,9.38,54.29,3,0,7,78.99,1080.81,NORMAL,0
U03879,SAUDE,42.39,3.654,194.06,89.74,96.15,5,1,94,38.13,1260.24,URGENTE,1
U08860,ENERGIA,56.06,3.249,181.09,25.6,82.68,2,0,120,53.78,1065.15,NORMAL,0
U04143,AGUA,47.16,1.74,137.24,64.39,66.0,4,1,95,59.93,1118.5,NORMAL,0
U01141,ENERGIA,48.58,3.611,129.97,35.91,60.74,3,0,30,81.0,1288.31,NORMAL,0
U04800,TRANSITO,50.76,2.429,82.74,14.95,49.57,4,2,43,65.88,1175.91,NORMAL,0
U09160,TRANSITO,40.6,3.297,86.43,39.94,64.4,3,0,3,71.79,841.32,CRITICO,1
U01692,ENERGIA,44.36,2.706,150.19,2.0,58.02,5,1,122,80.27,962.91,NORMAL,0
U03616,TRANSITO,51.72,2.846,105.89,23.85,70.5,5,2,120,64.89,1061.77,NORMAL,0
U07897,ENERGIA,47.08,9.38,141.26,33.18,83.15,1,1,45,77.82,1557.88,URGENTE,1
U05915,AGUA,37.22,3.76,107.22,69.95,66.34,5,1,32,82.76,799.24,URGENTE,1
U09417,TRANSITO,41.81,2.829,121.78,80.15,58.91,2,0,43,85.51,1041.31,NORMAL,0
U07477,SAUDE,33.1,3.293,161.05,44.1,83.87,3,1,54,62.62,1525.7,NORMAL,0
U05567,TELECOM,43.81,2.951,112.5,7.66,53.1,4,0,25,61.96,794.45,CRITICO,0
U00334,AGUA,,2.303,141.91,9.44,71.1,3,1,100,82.38,863.18,NORMAL,0
U08081,ENERGIA,41.99,6.608,82.69,39.33,54.0,3,3,4,60.9,1212.8,NORMAL,1
U09047,TELECOM,56.43,2.874,141.25,144.9,70.42,4,1,42,65.2,926.31,NORMAL,0
U07536,SAUDE,48.88,3.489,143.38,25.39,72.02,2,1,58,59.59,830.23,URGENTE,0
U02486,SAUDE,50.96,1.143,109.39,,49.7,1,0,83,55.21,519.15,NORMAL,0
U00050,AGUA,36.31,2.981,104.14,54.97,45.35,0,0,141,63.56,1235.28,NORMAL,0
U06967,SAUDE,44.98,1.476,131.91,82.14,73.11,3,1,128,65.88,1186.93,NORMAL,0
U09861,ENERGIA,52.51,2.546,96.1,97.84,62.96,4,0,8,40.53,1020.0,NORMAL,0
U01489,AGUA,48.07,3.784,87.92,100.73,53.09,1,2,28,67.77,944.67,NORMAL,0
U08567,TELECOM,48.73,3.02,145.13,30.84,73.31,1,1,132,57.66,1067.49,URGENTE,0
U06439,TELECOM,39.6,2.737,77.68,96.08,42.66,2,0,41,70.79,1057.42,NORMAL,0
U08934,TELECOM,52.03,2.567,125.14,10.02,77.97,2,0,30,71.04,1119.46,NORMAL,0
U07077,TRANSITO,30.69,1.126,90.99,50.0,52.27,0,1,75,45.73,1155.74,URGENTE,0
U05536,AGUA,44.81,3.06,147.17,42.57,75.64,3,1,96,72.42,748.66,NORMAL,0
U07199,AGUA,43.13,2.141,62.58,55.85,43.81,4,1,6,54.69,1123.07,NORMAL,0
U07128,AGUA,43.23,2.677,132.06,60.67,67.81,2,2,105,66.41,1411.21,NORMAL,0
U03246,SAUDE,34.02,2.221,107.53,6.07,69.71,2,1,58,68.25,978.25,NORMAL,0
U03637,SAUDE,37.24,7.729,124.83,33.96,50.98,1,1,123,59.66,1019.61,URGENTE,1
U09650,ENERGIA,44.96,3.59,99.2,65.34,62.9,0,1,19,82.69,1004.42,NORMAL,0
U02187,AGUA,40.45,4.747,210.47,28.5,88.76,1,2,106,65.15,1460.1,NORMAL,0
U02693,SAUDE,44.06,2.604,146.64,102.39,74.24,8,0,122,60.64,1453.52,NORMAL,0
U09720,ENERGIA,47.22,3.18,114.4,42.23,65.42,3,0,104,70.33,1179.37,NORMAL,0
U00864,AGUA,32.51,3.905,112.7,18.42,50.35,5,1,58,77.25,811.62,NORMAL,0
U06931,AGUA,,3.735,130.52,79.58,95.29,4,0,5,72.92,1775.27,CRITICO,1
U06137,TRANSITO,55.59,3.684,121.92,13.87,79.24,0,0,25,59.11,1440.35,NORMAL,0
U05086,ENERGIA,56.74,1.855,51.96,67.88,21.89,0,2,57,68.35,299.48,NORMAL,0
U06357,TRANSITO,52.6,2.96,90.85,33.26,55.66,2,2,39,62.97,911.41,NORMAL,0
U05400,ENERGIA,51.26,2.374,163.35,16.55,63.1,6,0,2,62.74,1159.21,CRITICO,1
U04838,ENERGIA,,,112.17,27.0,54.34,2,0,142,61.48,735.93,NORMAL,0
U09258,AGUA,36.85,2.066,128.81,20.0,70.74,1,0,120,77.41,1366.87,NORMAL,0
U06041,TELECOM,49.68,3.521,144.63,4.91,74.56,2,0,60,91.02,1156.12,NORMAL,0
U01375,ENERGIA,45.11,3.673,95.24,32.57,38.0,2,0,79,45.85,751.78,NORMAL,0
U03140,AGUA,41.17,3.117,108.05,80.49,52.48,0,1,116,72.36,1134.09,NORMAL,0
U00789,SAUDE,42.59,0.288,112.96,22.95,37.02,0,2,126,86.97,817.23,NORMAL,0
U08057,ENERGIA,49.23,2.392,150.28,45.42,68.16,2,0,107,17.97,971.7,NORMAL,0
U09984,TRANSITO,36.9,3.833,105.65,35.03,53.3,2,0,20,51.59,1315.49,NORMAL,0
U03447,SAUDE,43.33,2.747,116.26,87.82,64.66,2,2,74,71.55,964.49,NORMAL,0
U05630,TELECOM,49.94,2.705,114.16,21.77,65.64,3,0,51,87.56,1003.64,CRITICO,1
U06989,ENERGIA,42.81,2.647,93.6,15.4,56.82,1,0,32,56.89,728.8,NORMAL,0
U09833,ENERGIA,47.32,5.273,114.87,84.3,56.98,0,1,56,52.76,813.88,URGENTE,1
U00257,ENERGIA,40.63,2.009,138.28,13.41,51.26,2,0,76,94.99,800.99,NORMAL,0
U04548,AGUA,132.28,2.842,112.9,55.32,61.75,4,0,84,66.8,914.77,NORMAL,0
U09345,ENERGIA,154.41,3.016,114.04,26.09,68.4,5,0,98,59.19,1095.28,NORMAL,0
U04288,SAUDE,39.76,2.318,106.93,57.01,66.63,4,1,107,56.61,1028.61,NORMAL,0
U05790,TRANSITO,51.29,3.917,113.89,97.85,53.78,2,0,12,63.16,978.47,CRITICO,1
U04090,SAUDE,37.96,1.408,124.55,20.68,47.58,3,1,23,42.2,970.03,NORMAL,0
U00540,AGUA,112.4,2.897,109.63,54.57,63.61,3,1,40,40.63,909.95,NORMAL,0
U09824,SAUDE,46.85,1.781,125.99,33.45,55.03,1,0,94,66.84,1142.86,NORMAL,0
U01545,SAUDE,41.2,2.042,62.16,21.46,55.31,2,0,29,79.22,811.81,NORMAL,0
U02222,SAUDE,45.05,2.123,111.1,63.93,58.34,0,0,59,68.41,1089.06,NORMAL,0
U09149,ENERGIA,48.25,2.599,133.0,114.4,57.78,0,0,85,61.7,953.13,NORMAL,0
U00782,TRANSITO,,2.696,114.61,98.91,41.71,5,1,89,68.07,818.89,NORMAL,0
U06457,ENERGIA,40.0,2.271,65.29,144.11,33.89,1,1,49,75.06,940.25,URGENTE,0
U08839,ENERGIA,55.53,,170.36,13.23,87.35,4,2,120,51.83,1160.84,URGENTE,1
U09631,ENERGIA,43.57,2.173,125.74,24.86,56.19,1,1,46,74.53,859.47,NORMAL,0
U06354,ENERGIA,42.16,,72.72,14.52,46.39,3,0,23,57.53,839.34,NORMAL,0
U01986,ENERGIA,182.12,2.696,56.68,102.8,43.66,0,1,25,38.81,508.38,NORMAL,0
U05227,TELECOM,47.62,3.649,121.07,55.58,61.68,3,0,98,55.64,910.01,NORMAL,1
U00419,SAUDE,51.94,3.178,155.2,77.92,85.98,4,1,7,54.77,1232.93,CRITICO,1
U02684,TELECOM,,3.779,138.41,2.31,58.15,2,0,71,85.27,1188.85,NORMAL,0
U02213,ENERGIA,173.32,2.719,153.65,96.27,69.2,3,1,112,69.44,1275.16,NORMAL,0
U08361,TRANSITO,47.24,1.439,159.35,77.95,69.06,3,0,105,48.5,1258.13,NORMAL,0
U07843,AGUA,37.0,1.821,83.06,20.23,33.38,1,1,109,57.45,686.82,NORMAL,0
U06859,AGUA,44.27,9.146,112.88,102.4,55.69,5,0,29,49.27,1080.09,URGENTE,1
U07522,TRANSITO,41.17,2.378,134.41,87.19,82.74,4,2,91,80.44,968.06,NORMAL,0
U04274,TRANSITO,52.18,1.216,159.76,43.71,79.09,6,2,53,72.24,1331.69,NORMAL,0
U07606,SAUDE,37.87,4.367,115.35,27.66,55.41,3,2,114,59.44,1323.74,NORMAL,0
U05216,SAUDE,47.67,3.147,138.16,42.17,79.39,2,2,67,68.24,1393.7,NORMAL,0
U04656,TELECOM,50.06,1.744,122.79,48.39,57.41,1,0,110,70.52,1207.27,NORMAL,0
U03675,TRANSITO,54.79,2.461,123.51,62.82,87.44,5,0,132,46.72,1166.15,NORMAL,0
U01000,ENERGIA,56.34,3.498,133.04,19.61,86.56,3,0,118,72.56,1323.43,NORMAL,0
U02652,SAUDE,45.74,2.896,74.06,127.12,29.93,0,1,96,35.06,761.22,NORMAL,0
U02775,ENERGIA,57.88,3.604,157.36,136.11,78.12,6,1,139,83.32,1384.65,CRITICO,1
U05625,AGUA,54.99,1.753,117.45,28.1,58.76,1,0,83,85.18,921.76,NORMAL,0
U04280,TRANSITO,41.47,3.231,126.43,48.91,79.74,3,0,21,83.43,1630.91,NORMAL,0
U09871,ENERGIA,49.82,,137.35,13.72,66.67,4,0,13,74.76,1086.52,NORMAL,0
U04490,AGUA,41.1,3.016,99.47,45.97,67.94,0,0,2,47.75,922.43,NORMAL,0
U00587,SAUDE,45.76,2.71,136.16,40.9,69.79,4,0,51,52.96,941.25,NORMAL,0
U00814,ENERGIA,51.36,2.956,100.18,4.2,52.59,6,2,93,87.32,816.82,NORMAL,0
U09363,ENERGIA,51.04,,106.01,29.03,65.87,1,0,107,75.98,1212.4,NORMAL,0
U07433,TELECOM,47.32,7.943,157.76,77.02,92.95,8,1,114,91.49,1251.31,CRITICO,1
U04947,AGUA,51.89,2.821,171.3,30.81,93.31,3,1,101,71.4,1542.27,URGENTE,1
U09612,AGUA,36.71,,128.72,30.65,55.55,0,0,51,60.2,1155.33,NORMAL,0
U03187,TELECOM,49.64,2.206,149.62,59.34,52.35,2,1,140,64.91,1014.98,NORMAL,0
U06494,ENERGIA,49.23,3.178,108.99,266.63,55.3,4,0,72,94.88,833.37,NORMAL,0
U03245,ENERGIA,51.55,3.027,125.44,12.99,63.22,0,0,54,52.37,981.73,NORMAL,0
U09492,SAUDE,38.73,1.8,122.19,54.56,66.77,3,1,39,36.93,1211.19,NORMAL,0
U06323,AGUA,41.2,3.12,123.75,65.12,75.78,2,0,23,60.31,1214.18,NORMAL,1
U01335,SAUDE,44.33,3.392,148.97,7.77,83.51,7,0,5,78.18,1288.65,NORMAL,0
U01781,SAUDE,37.6,,117.49,50.94,43.8,2,0,89,100.0,503.91,NORMAL,0
U04311,ENERGIA,48.39,4.612,94.03,26.05,61.11,3,0,86,50.61,736.95,CRITICO,1
U04176,SAUDE,43.4,2.77,155.69,,61.61,3,1,142,48.55,1102.84,NORMAL,0
U09293,ENERGIA,57.12,1.423,123.32,38.31,74.88,6,0,129,71.55,1429.54,NORMAL,0
U02267,TELECOM,38.97,1.45,39.6,,29.69,1,0,17,71.2,481.39,NORMAL,0
U08540,ENERGIA,40.64,2.423,108.09,11.25,50.73,3,0,66,56.41,1428.76,NORMAL,0
U09204,AGUA,41.83,3.444,132.63,55.01,56.28,2,0,124,51.65,808.67,NORMAL,0
U00871,TRANSITO,38.28,,108.48,38.95,45.36,2,1,110,100.0,516.3,NORMAL,0
U07251,ENERGIA,42.79,3.417,110.06,14.02,67.38,3,0,15,70.09,867.6,NORMAL,0
U04186,SAUDE,43.89,4.418,163.24,13.81,78.06,4,0,131,73.63,1615.06,NORMAL,0
U02744,ENERGIA,52.36,4.589,162.37,20.28,94.57,5,0,144,56.34,1549.11,NORMAL,0
U08556,SAUDE,44.8,3.693,146.21,18.96,86.7,7,0,48,43.76,1108.51,NORMAL,0
U07550,ENERGIA,152.4,2.453,85.28,11.52,38.46,2,0,2,72.25,1087.09,NORMAL,0
U08415,TRANSITO,,2.638,52.3,22.07,15.45,3,0,74,80.65,453.0,NORMAL,0
U09406,SAUDE,165.98,1.625,80.15,25.24,72.77,3,1,66,63.4,1087.74,NORMAL,0
U07863,ENERGIA,45.56,3.976,167.51,70.76,82.9,3,1,134,77.3,1352.47,NORMAL,1
U07016,SAUDE,42.91,2.345,125.72,29.18,68.65,3,2,41,56.17,1060.24,URGENTE,0
U07443,TELECOM,42.31,3.138,158.92,23.29,80.54,0,0,113,53.21,1308.89,NORMAL,0
U06911,TRANSITO,47.74,2.771,152.53,31.77,64.94,5,0,30,53.97,1067.48,NORMAL,0
U02499,ENERGIA,45.04,1.984,70.44,68.0,50.35,1,1,26,56.59,996.16,NORMAL,0
U03287,TRANSITO,35.7,1.799,100.76,92.37,44.37,3,0,9,58.41,1105.79,NORMAL,0
U01048,SAUDE,43.55,3.199,129.24,32.27,60.27,4,1,85,63.74,903.54,NORMAL,0
U08321,AGUA,48.41,4.533,121.98,39.54,69.8,3,2,97,51.72,1311.24,CRITICO,1
U09761,AGUA,31.49,2.969,120.18,145.02,63.26,4,0,119,96.77,862.88,NORMAL,0
U06168,AGUA,45.44,2.586,129.8,33.88,68.97,4,0,94,53.57,1256.82,NORMAL,0
U05281,SAUDE,47.27,1.246,144.32,11.68,79.89,1,2,3,70.67,1614.34,NORMAL,0
U03501,ENERGIA,43.28,4.883,87.96,38.95,47.03,2,1,99,38.55,1402.59,NORMAL,0
U04245,ENERGIA,48.87,3.717,133.83,53.46,49.58,1,2,133,64.37,983.98,NORMAL,0
U03940,SAUDE,35.08,1.324,57.15,46.58,29.4,1,0,33,59.96,945.15,NORMAL,0
U07354,ENERGIA,48.37,3.319,157.78,70.34,98.9,4,0,47,72.06,1724.32,NORMAL,0
U04120,SAUDE,46.93,1.887,123.02,97.81,71.28,2,0,50,38.86,1117.72,NORMAL,0
U03484,TELECOM,50.96,2.693,150.32,27.4,77.82,1,0,95,57.03,1065.35,URGENTE,1
U06823,TRANSITO,,2.392,149.58,34.54,71.23,1,1,11,65.66,1375.67,NORMAL,0
U04263,ENERGIA,48.59,1.872,55.21,106.45,39.69,2,0,41,63.75,999.33,NORMAL,0
U03418,SAUDE,48.69,1.864,70.9,34.29,53.54,5,0,8,46.52,983.67,NORMAL,0
U07078,ENERGIA,,2.551,130.03,48.01,57.46,1,0,78,68.72,1015.85,NORMAL,0
U01772,SAUDE,46.28,2.308,88.31,12.14,41.22,3,2,107,50.44,1216.04,NORMAL,0
U05166,SAUDE,,0.94,129.8,59.56,40.41,2,0,90,66.96,986.96,NORMAL,0
U05796,AGUA,48.06,3.334,115.31,129.99,62.48,3,1,84,28.17,935.67,NORMAL,0
U06269,SAUDE,43.95,2.331,149.43,138.54,71.77,3,0,44,73.62,913.86,NORMAL,0
U08518,AGUA,41.83,4.006,173.67,14.7,73.75,4,0,78,66.07,1048.27,CRITICO,1
U05597,AGUA,31.24,3.144,74.94,19.92,49.99,5,1,36,76.44,851.83,URGENTE,0
U00621,TRANSITO,35.69,3.125,133.13,18.45,61.23,3,0,24,74.9,1118.12,CRITICO,0
U06189,SAUDE,40.94,1.417,86.17,19.52,39.6,1,0,42,41.11,587.82,NORMAL,0
U02596,TELECOM,51.31,2.511,129.37,111.95,63.45,2,0,13,84.74,559.12,CRITICO,1
U03164,TRANSITO,46.2,2.706,119.41,47.27,61.21,3,1,143,79.03,1052.76,NORMAL,0
U05232,TRANSITO,37.22,2.232,79.2,21.9,44.93,1,0,36,64.94,1253.9,NORMAL,0
U05595,SAUDE,30.85,3.159,100.12,74.05,42.65,5,0,22,49.64,1049.5,NORMAL,0
U06868,TELECOM,111.46,1.859,61.95,,26.33,4,0,110,58.73,766.15,NORMAL,0
U09823,TELECOM,49.8,2.645,118.89,28.73,52.89,5,0,65,69.66,893.33,NORMAL,0
U04303,TRANSITO,47.5,,143.67,41.99,63.07,1,0,70,41.9,965.67,CRITICO,0
U09607,SAUDE,41.46,2.727,116.88,67.79,78.11,4,0,6,40.78,1422.17,NORMAL,0
U03852,SAUDE,42.57,1.769,100.72,18.47,59.34,4,1,74,67.54,1005.78,NORMAL,0
U08320,TRANSITO,56.51,2.672,122.7,25.97,72.26,1,0,104,53.12,1478.98,NORMAL,0
U01285,TRANSITO,32.47,2.083,107.6,16.85,38.15,0,1,36,81.8,632.2,NORMAL,0
U08499,ENERGIA,47.26,1.911,126.7,,61.54,2,0,74,69.57,1405.01,NORMAL,0
U04421,AGUA,48.35,2.681,112.69,19.09,44.38,2,1,13,85.65,855.34,NORMAL,0
U07803,ENERGIA,53.61,,114.55,47.33,50.17,3,2,139,28.94,1061.64,NORMAL,0
U05861,TRANSITO,59.25,3.358,178.52,28.12,94.76,3,0,101,69.04,1593.65,URGENTE,1
U05995,TRANSITO,50.45,8.979,110.94,74.94,47.13,8,0,83,72.11,310.75,CRITICO,1
U05096,TRANSITO,59.69,2.882,146.15,31.87,65.41,5,2,88,59.82,792.84,NORMAL,0
U03712,SAUDE,39.41,2.495,136.9,40.56,72.63,0,0,131,71.73,1080.92,NORMAL,0
U01977,TELECOM,45.58,3.585,144.63,47.43,88.24,7,1,121,62.74,1332.1,NORMAL,1
U06260,SAUDE,35.7,3.211,133.13,77.49,58.37,6,1,20,41.49,1113.74,NORMAL,0
U01281,TELECOM,40.38,2.553,112.65,31.94,59.09,1,1,36,68.75,1496.03,NORMAL,0
U02041,TRANSITO,,1.565,130.3,29.55,54.25,3,1,117,57.28,825.7,NORMAL,0
U06952,ENERGIA,43.04,3.047,102.21,95.92,54.21,5,1,128,62.83,1138.33,NORMAL,0
U06883,ENERGIA,42.2,2.266,121.59,91.98,33.47,1,0,140,54.02,839.43,NORMAL,0
U09909,SAUDE,45.58,1.824,105.41,31.29,47.0,4,0,75,61.03,1362.05,NORMAL,0
U08179,SAUDE,34.03,0.851,58.93,141.76,43.13,0,0,35,56.67,1301.29,NORMAL,0
U02254,ENERGIA,62.77,3.133,165.35,25.33,85.34,2,0,108,68.95,1218.12,CRITICO,1
U03627,SAUDE,45.27,1.365,79.72,100.54,39.44,2,0,29,76.57,752.36,NORMAL,0
U01029,TELECOM,37.7,1.663,94.75,132.79,51.35,2,0,84,40.18,1101.45,NORMAL,0
U02940,AGUA,44.98,3.618,149.77,77.71,57.77,4,1,99,61.53,926.92,NORMAL,1
U01540,SAUDE,37.04,2.243,152.95,127.01,89.13,0,3,119,75.06,1374.72,CRITICO,1
U00222,ENERGIA,65.54,3.781,186.27,58.81,91.65,5,2,139,56.84,1253.53,NORMAL,0
U09996,SAUDE,45.19,1.972,107.45,49.87,48.6,1,2,80,59.78,1151.02,URGENTE,0
U03247,AGUA,49.54,4.001,154.34,60.29,92.07,3,0,37,55.5,1733.95,NORMAL,0
U01004,AGUA,44.24,3.417,67.2,4.66,43.96,2,0,21,45.12,479.1,NORMAL,0
U02376,ENERGIA,58.25,3.368,99.4,4.46,69.68,5,0,72,47.05,1080.07,URGENTE,1
U07794,AGUA,39.5,3.874,107.9,93.69,46.02,1,0,48,77.81,808.31,NORMAL,0
U06651,SAUDE,44.5,2.361,104.25,61.81,72.65,1,0,45,75.33,1148.7,NORMAL,0
U07175,ENERGIA,56.71,2.784,161.71,22.13,70.13,2,0,112,36.48,1108.04,NORMAL,0
U05346,SAUDE,47.4,3.026,153.58,15.47,71.83,1,0,121,54.29,1087.44,NORMAL,0
U00648,ENERGIA,38.5,3.769,69.08,9.86,49.26,1,1,46,46.43,737.68,NORMAL,0
U00640,ENERGIA,53.13,4.304,118.87,42.85,67.49,2,1,56,54.22,1616.64,NORMAL,0
U01067,ENERGIA,49.4,4.69,140.04,63.7,84.31,2,0,68,65.94,1454.55,NORMAL,0
U07870,AGUA,42.98,2.673,74.61,76.82,54.19,1,0,8,85.54,1282.77,NORMAL,0
U04296,TRANSITO,43.48,2.352,119.68,30.26,91.71,0,0,24,66.8,1526.02,URGENTE,0
U02959,ENERGIA,48.62,3.54,118.47,35.89,61.38,4,3,98,57.46,983.18,NORMAL,0
U06900,SAUDE,44.33,2.922,109.73,125.73,64.57,2,0,43,74.47,898.5,NORMAL,0
U07184,SAUDE,43.77,1.77,120.54,41.2,53.52,1,0,60,67.75,1007.52,NORMAL,0
U00392,ENERGIA,47.1,4.014,144.27,54.77,67.78,6,1,71,40.76,1605.23,NORMAL,0
U09229,TRANSITO,40.14,1.964,118.37,26.29,55.41,4,0,123,55.11,1324.8,NORMAL,0
U09908,SAUDE,44.28,2.18,91.1,22.39,54.08,4,1,56,67.43,920.64,NORMAL,0
U00873,AGUA,37.86,2.532,85.33,,36.0,2,1,84,81.25,901.68,NORMAL,0
U07352,ENERGIA,53.14,2.257,132.41,10.57,80.41,2,1,119,39.7,1062.71,NORMAL,0
U02820,ENERGIA,,2.114,146.72,34.03,63.55,4,0,140,51.17,1082.16,NORMAL,0
U05211,AGUA,44.6,3.145,84.32,,54.85,0,2,58,89.15,1059.88,NORMAL,0
U05302,SAUDE,47.34,3.212,107.16,37.23,58.22,5,1,72,68.46,1050.28,NORMAL,0
U00914,ENERGIA,44.66,2.767,92.37,63.21,45.61,1,0,124,63.77,732.88,NORMAL,0
U01365,AGUA,51.18,,143.59,23.77,73.96,6,2,110,65.86,1450.6,NORMAL,0
U02052,AGUA,40.7,4.148,149.03,54.11,52.16,1,1,101,71.45,556.77,NORMAL,0
U00726,TRANSITO,42.87,3.833,117.84,111.95,35.98,3,0,44,42.33,252.84,NORMAL,0
U05081,TELECOM,42.95,1.444,124.13,11.69,51.48,4,1,140,73.94,1125.11,URGENTE,0
U02098,SAUDE,42.8,1.577,128.71,125.19,46.69,3,2,132,68.93,834.06,NORMAL,0
U01199,SAUDE,41.82,2.69,109.3,38.46,57.0,3,0,28,52.1,999.0,URGENTE,0
U06577,TRANSITO,49.8,2.462,131.41,76.56,67.35,1,1,110,44.56,873.89,NORMAL,0
U07149,ENERGIA,49.68,3.594,92.17,104.25,67.74,5,0,106,65.68,1093.05,CRITICO,1
U09343,ENERGIA,48.92,2.61,133.72,77.63,79.83,2,1,52,57.49,1420.5,NORMAL,0
U00280,ENERGIA,44.65,1.437,71.85,40.33,40.57,0,1,47,45.76,1194.59,NORMAL,0
U00824,TRANSITO,47.75,,143.17,75.74,66.0,1,0,76,70.91,1356.86,NORMAL,0
U01334,AGUA,34.99,3.029,83.98,24.15,38.62,0,0,61,73.14,741.09,NORMAL,0
U07568,AGUA,41.54,1.788,115.32,35.72,53.35,2,1,97,40.86,1294.87,NORMAL,0
U09180,SAUDE,36.16,3.27,82.04,26.77,59.18,5,0,15,45.95,1060.12,NORMAL,0
U06078,AGUA,37.9,,123.37,78.3,83.25,4,0,65,67.82,1351.29,NORMAL,0
U05875,TELECOM,45.75,1.199,90.78,12.75,25.97,2,0,41,63.61,1008.02,NORMAL,0
U02044,SAUDE,44.87,3.193,124.5,40.83,74.76,2,0,130,61.88,1265.67,URGENTE,0
U08967,AGUA,35.21,,83.41,59.75,51.64,2,0,90,34.85,1057.97,NORMAL,0
U07140,SAUDE,50.39,1.855,117.07,30.22,76.56,2,0,9,88.54,1081.92,URGENTE,0
U09536,AGUA,47.53,3.539,92.79,65.42,65.69,2,0,23,65.25,1423.17,NORMAL,0
U05808,SAUDE,39.06,2.983,133.87,128.07,63.75,2,0,76,44.77,1120.62,CRITICO,1
U03986,SAUDE,42.95,1.636,98.28,165.17,48.97,3,1,115,71.36,684.17,NORMAL,0
U02588,TELECOM,46.61,,123.59,65.34,75.5,7,1,2,66.64,1118.35,URGENTE,0
U00522,TELECOM,46.76,3.573,124.99,94.61,54.12,2,1,73,59.11,1286.56,NORMAL,0
U02807,AGUA,36.2,2.686,119.32,69.72,47.27,2,0,115,93.23,814.61,URGENTE,0
U09335,ENERGIA,51.89,3.521,123.78,,69.44,5,0,100,47.33,761.1,NORMAL,0
U02804,SAUDE,41.99,2.014,128.98,97.08,86.11,4,0,14,70.22,1297.23,NORMAL,0
U03180,AGUA,40.91,3.135,136.53,56.87,87.07,3,2,129,26.85,1146.15,NORMAL,0
U05336,ENERGIA,37.29,1.863,141.34,34.88,56.7,2,0,72,52.14,808.64,CRITICO,1
U07000,ENERGIA,54.44,3.186,163.97,47.46,72.95,0,1,133,49.77,905.24,NORMAL,0
U03531,TRANSITO,41.51,2.566,121.75,22.77,52.2,2,1,38,65.03,1104.16,NORMAL,0
U08720,ENERGIA,41.33,2.223,46.74,46.77,40.02,2,0,55,52.36,238.39,NORMAL,0
U01047,AGUA,34.22,3.35,118.39,11.38,61.59,3,0,38,50.43,1216.77,NORMAL,0
U08777,AGUA,45.92,3.197,84.5,10.19,56.36,2,0,10,73.47,785.8,NORMAL,0
U07150,TRANSITO,39.12,3.412,133.94,45.18,43.94,2,0,144,56.93,468.03,CRITICO,1
U07391,TRANSITO,43.2,2.491,134.37,30.73,61.16,0,0,129,78.94,663.69,URGENTE,0
U07511,AGUA,33.88,3.577,129.2,126.2,73.69,0,0,15,57.27,1519.76,NORMAL,0
U05551,ENERGIA,49.71,3.482,100.11,18.26,46.28,4,0,73,42.03,847.26,URGENTE,0
U07475,ENERGIA,52.78,3.983,95.58,102.51,46.75,9,1,104,45.66,1003.86,NORMAL,0
U06697,ENERGIA,47.39,2.525,56.83,63.01,19.18,0,0,15,68.16,769.06,NORMAL,0
U04498,TRANSITO,38.47,1.931,86.72,33.7,43.98,0,0,116,39.12,820.09,NORMAL,0
U04552,TELECOM,47.42,3.503,145.83,15.79,95.42,4,0,99,52.55,1038.13,NORMAL,0
U06353,TELECOM,44.78,8.1,111.1,46.84,41.91,0,2,124,74.94,975.49,CRITICO,1
U04036,SAUDE,36.36,1.413,84.02,93.62,45.97,1,0,125,86.69,1007.69,NORMAL,0
U00500,SAUDE,50.59,,103.77,87.05,60.84,5,1,34,46.82,618.3,NORMAL,0
U00957,TRANSITO,58.59,2.435,115.69,63.68,70.28,2,0,30,36.13,953.31,NORMAL,0
U03578,SAUDE,39.53,2.308,136.8,62.88,69.33,5,1,119,74.07,1316.7,NORMAL,0
U03566,ENERGIA,193.78,3.515,91.38,,52.22,0,0,8,53.2,931.18,NORMAL,0
U07641,ENERGIA,39.89,0.815,43.65,37.75,25.34,1,2,27,79.03,912.11,NORMAL,0
U08193,AGUA,55.18,3.541,122.73,47.0,83.68,3,0,52,33.45,1166.79,NORMAL,0
U01598,SAUDE,40.78,1.303,101.6,,59.05,2,1,43,75.01,624.39,NORMAL,0
U09278,TELECOM,46.68,1.885,109.6,13.49,31.46,1,0,105,64.86,368.1,NORMAL,0
U03726,TELECOM,42.77,,107.0,7.11,37.17,1,0,72,84.05,1132.53,NORMAL,0
U05795,SAUDE,33.9,2.134,121.1,24.04,38.42,0,0,4,52.64,837.4,NORMAL,0
U04413,TELECOM,45.73,2.077,164.48,94.27,100.0,7,0,20,67.98,1212.78,NORMAL,0
U06851,ENERGIA,50.67,2.893,116.68,40.21,69.08,4,0,41,73.51,1268.25,NORMAL,0
U00476,TRANSITO,46.6,6.738,130.78,62.15,58.31,4,0,108,62.84,870.92,NORMAL,1
U06998,SAUDE,42.3,,154.19,106.48,90.57,6,1,75,70.81,1336.78,NORMAL,0
U06466,AGUA,34.61,2.641,123.72,9.7,76.77,1,2,50,68.76,1319.83,NORMAL,0
U07117,AGUA,,3.653,122.28,30.31,64.8,6,0,59,94.6,1305.12,CRITICO,1
U03314,ENERGIA,48.75,2.848,87.83,66.08,29.68,1,0,132,58.02,494.06,NORMAL,0
U03474,ENERGIA,47.76,4.556,127.24,39.68,64.11,8,0,134,63.74,991.28,NORMAL,0
U00160,TRANSITO,58.58,2.692,133.22,53.38,80.24,4,0,61,62.58,1136.58,NORMAL,0
U09199,TELECOM,153.5,2.53,110.47,43.53,61.3,4,3,45,63.35,916.13,NORMAL,0
U09291,ENERGIA,50.46,2.352,147.57,80.11,65.51,6,1,126,41.53,1480.59,NORMAL,0
U01359,TRANSITO,48.77,1.661,105.0,50.63,40.41,2,0,85,73.69,720.73,NORMAL,0
U09997,TELECOM,40.76,3.128,105.12,30.35,68.57,2,1,75,53.14,1027.46,URGENTE,0
U06249,SAUDE,28.91,,166.02,22.67,89.08,3,1,99,42.22,1631.45,NORMAL,0
U05388,TELECOM,49.84,,114.96,9.69,51.81,4,1,136,58.94,951.28,NORMAL,0
U04086,AGUA,43.04,2.399,96.02,64.52,71.99,9,1,17,81.63,897.03,NORMAL,0
U01077,ENERGIA,132.19,,108.92,23.79,47.4,3,0,49,61.67,1107.49,NORMAL,0
U03047,ENERGIA,48.32,3.131,145.52,63.46,82.87,4,0,13,85.6,998.29,NORMAL,0
U04359,SAUDE,37.01,1.692,44.38,43.21,34.53,5,0,54,77.95,604.18,NORMAL,0
U08085,SAUDE,125.29,2.357,42.53,63.34,50.11,4,1,3,55.67,700.04,NORMAL,0
U07651,AGUA,42.77,2.363,133.33,45.03,66.03,1,0,105,65.3,1246.88,NORMAL,0
U06214,TELECOM,78.25,1.586,71.51,24.4,36.95,3,2,99,62.71,689.3,NORMAL,0
U08852,TRANSITO,40.32,3.131,83.56,29.67,46.54,3,0,32,37.24,381.24,NORMAL,0
U05646,ENERGIA,54.79,10.601,180.88,65.56,77.83,5,0,97,75.82,1551.59,URGENTE,1
U02165,AGUA,40.54,2.894,105.64,17.81,30.54,3,0,82,62.0,858.57,NORMAL,0
U00841,AGUA,46.88,3.925,104.16,,43.1,0,0,90,45.09,934.2,CRITICO,1
U09222,TRANSITO,,2.772,128.93,74.66,55.44,0,0,111,77.91,1053.3,NORMAL,0
U09442,ENERGIA,63.95,3.131,161.43,12.6,79.99,3,1,144,49.14,1416.82,NORMAL,0
U06329,TRANSITO,42.92,2.835,102.55,91.86,56.31,3,0,141,81.58,1431.73,NORMAL,0
U05739,ENERGIA,40.71,3.573,135.12,118.77,58.28,1,0,132,58.42,1213.35,CRITICO,1
U08723,ENERGIA,,,169.02,68.37,56.91,3,2,123,75.32,970.88,NORMAL,0
U07647,TRANSITO,39.39,2.955,126.59,61.77,76.91,5,1,96,72.26,1161.89,NORMAL,0
U02752,TELECOM,46.19,2.537,108.8,18.94,63.16,3,2,112,64.53,782.6,NORMAL,0
U06623,AGUA,49.95,2.75,129.58,110.0,56.26,4,1,121,64.13,861.72,NORMAL,0
U05949,AGUA,42.09,3.215,105.7,24.01,69.75,1,0,70,34.25,1074.51,NORMAL,0
U08561,SAUDE,40.73,3.344,150.54,81.55,78.57,2,0,109,53.85,1073.76,NORMAL,0
U00811,ENERGIA,37.95,2.663,127.07,90.12,63.46,3,0,55,68.8,910.54,NORMAL,0
U04148,SAUDE,36.07,2.626,62.76,58.71,31.24,0,0,64,29.51,985.99,NORMAL,0
U09968,ENERGIA,49.76,4.679,109.09,75.7,87.23,2,0,102,53.24,1054.56,NORMAL,0
U06899,SAUDE,37.39,3.225,142.56,117.45,68.5,5,0,47,55.15,1480.08,NORMAL,0
U00372,SAUDE,43.78,,99.48,91.83,53.54,1,0,14,86.06,1056.13,NORMAL,0
U04544,SAUDE,37.61,1.075,92.32,2.56,44.68,2,1,3,100.0,1036.11,NORMAL,0
U07922,ENERGIA,,2.921,119.93,99.34,55.09,1,0,104,64.58,1350.3,URGENTE,0
U07602,SAUDE,42.53,1.676,86.23,42.55,38.09,2,0,118,91.89,837.34,NORMAL,0
U07921,ENERGIA,47.49,2.265,116.82,54.98,60.18,4,0,73,53.06,1073.45,NORMAL,0
U02369,AGUA,36.7,3.172,139.2,41.85,64.51,2,2,86,72.09,1141.79,NORMAL,0
U09060,SAUDE,40.52,3.088,163.0,269.72,82.13,4,3,86,82.23,1216.85,URGENTE,1
U06150,SAUDE,32.45,1.834,110.05,105.99,57.19,4,1,69,57.52,942.3,NORMAL,0
U03318,SAUDE,45.14,1.823,100.64,21.17,68.46,6,2,66,59.57,945.85,NORMAL,0
U07816,ENERGIA,61.2,9.225,212.23,55.99,92.12,1,0,144,61.4,1702.22,CRITICO,1
U02836,ENERGIA,156.2,3.785,115.71,35.01,62.94,3,0,37,68.91,1031.34,URGENTE,1
U08744,AGUA,37.87,2.487,84.44,7.12,54.41,0,0,47,62.04,1197.53,NORMAL,0
U00973,TRANSITO,44.76,2.492,38.95,50.29,20.28,1,1,47,53.87,316.77,NORMAL,0
U09190,ENERGIA,50.18,,103.44,68.28,70.12,2,0,23,79.19,1247.71,NORMAL,0
U08369,SAUDE,42.49,0.838,141.2,16.51,52.83,3,0,144,63.97,1209.62,NORMAL,0
U06173,SAUDE,34.2,3.176,128.02,68.59,66.62,2,0,143,77.56,1562.48,NORMAL,0
U03759,SAUDE,50.13,,153.6,29.88,79.61,5,1,75,75.03,1346.45,NORMAL,0
U07277,SAUDE,43.81,1.434,93.35,54.49,56.66,3,1,8,75.81,776.1,URGENTE,0
U06964,SAUDE,37.92,1.967,87.13,57.02,55.61,3,0,85,64.5,1108.13,NORMAL,0
U03440,TELECOM,38.36,2.687,127.46,66.74,48.77,2,2,126,80.1,975.27,NORMAL,0
U01652,TELECOM,46.43,3.477,138.9,39.33,94.68,5,1,8,71.61,1262.64,CRITICO,1
U07514,SAUDE,42.68,,108.71,23.69,52.39,2,0,32,60.3,802.01,NORMAL,0
U09999,ENERGIA,58.71,,126.35,55.73,79.72,4,2,12,71.21,1341.39,CRITICO,1
U02278,TELECOM,43.01,2.724,56.73,87.14,38.47,5,1,105,63.66,1312.6,NORMAL,0
U03508,SAUDE,45.41,2.538,149.64,52.17,75.72,0,0,138,49.07,1325.89,URGENTE,0
U06348,TELECOM,54.22,3.108,141.08,21.85,69.34,3,1,131,61.2,1354.83,NORMAL,0
U02715,TRANSITO,50.14,2.732,152.46,63.87,78.67,1,2,100,23.08,1209.02,NORMAL,0
U01914,TELECOM,44.57,2.055,107.21,27.78,76.88,3,1,79,55.82,1418.61,NORMAL,0
U08336,SAUDE,41.99,2.838,112.03,16.57,51.68,2,1,29,65.58,595.17,NORMAL,0
U02236,SAUDE,42.71,2.454,86.6,11.46,46.02,5,0,3,83.55,1136.64,NORMAL,0
U08152,ENERGIA,56.39,2.575,119.17,65.9,63.47,2,0,71,65.0,969.96,NORMAL,0
U01650,TELECOM,39.48,2.23,149.82,16.48,47.1,2,0,96,43.76,572.13,URGENTE,0
U01878,TELECOM,49.86,2.711,81.71,49.59,48.23,1,1,14,63.97,691.95,NORMAL,0
U07749,AGUA,155.7,4.011,108.15,59.39,55.92,4,0,28,76.65,653.72,NORMAL,0
U08092,SAUDE,39.38,2.839,103.52,10.64,45.28,2,0,56,46.16,926.18,NORMAL,0
U08064,AGUA,37.54,3.288,120.27,84.91,66.79,0,0,57,55.3,1171.91,NORMAL,0
U01978,TELECOM,,1.34,133.98,57.53,73.58,1,2,36,44.89,1206.41,NORMAL,0
U07394,TRANSITO,44.82,2.981,128.1,39.93,70.46,2,1,83,75.68,1234.27,NORMAL,0
U08025,ENERGIA,54.69,4.363,77.4,32.9,65.87,2,0,84,57.01,1219.43,NORMAL,0
U08161,TELECOM,40.25,2.299,128.95,83.78,58.7,1,0,56,84.49,996.65,NORMAL,0
U04125,SAUDE,34.52,1.494,81.95,37.4,30.96,2,2,94,57.45,1268.38,NORMAL,0
U08615,ENERGIA,47.21,2.269,122.87,,65.24,5,0,79,50.44,703.76,NORMAL,0
U06133,ENERGIA,47.99,2.129,105.29,,38.83,1,1,106,69.51,655.86,NORMAL,0
U05358,SAUDE,34.13,1.593,43.5,20.26,25.16,2,1,47,98.97,257.07,NORMAL,0
U07422,ENERGIA,55.26,1.556,81.1,9.59,45.57,1,1,19,33.01,759.77,NORMAL,0
U01352,SAUDE,39.17,1.583,142.18,25.26,68.42,1,0,51,89.58,1570.76,NORMAL,0
U06276,SAUDE,49.67,2.351,141.5,12.45,60.06,2,1,30,70.86,773.42,NORMAL,0
U08743,TRANSITO,,1.368,61.44,44.0,48.6,2,0,30,91.91,403.86,NORMAL,0
U04107,TRANSITO,54.34,3.696,159.65,10.64,97.94,4,0,113,50.66,1527.97,NORMAL,0
U02239,SAUDE,44.24,2.587,97.62,124.04,33.01,0,1,112,67.68,843.38,NORMAL,0
U02639,ENERGIA,121.11,3.689,134.58,150.44,81.85,4,1,110,55.47,994.55,NORMAL,0
U07734,SAUDE,45.29,2.489,144.13,30.37,94.51,4,0,28,84.88,1592.89,NORMAL,0
U03731,ENERGIA,56.7,1.868,120.45,113.68,64.66,4,0,118,67.02,855.31,CRITICO,1
U03084,SAUDE,41.56,2.916,87.5,77.6,37.82,2,1,30,50.24,661.6,NORMAL,0
U09434,ENERGIA,55.63,1.676,88.21,21.48,56.82,2,0,39,48.63,1137.35,NORMAL,0
U03690,SAUDE,48.48,2.4,149.91,42.69,74.03,0,0,144,90.37,1278.11,NORMAL,0
U09599,TRANSITO,44.51,,123.07,56.06,60.92,2,0,100,62.18,1141.18,NORMAL,0
U02087,ENERGIA,53.07,4.108,120.77,60.5,69.06,3,0,115,58.07,842.32,NORMAL,0
U06056,TELECOM,47.29,2.55,78.5,80.59,38.08,2,0,89,97.33,853.61,NORMAL,0
U01431,SAUDE,40.05,2.152,91.69,20.67,43.09,3,2,121,59.66,1007.43,NORMAL,0
U02844,ENERGIA,46.86,4.659,100.12,61.52,56.49,2,0,22,63.29,980.66,NORMAL,0
U01524,AGUA,43.97,1.473,169.93,21.56,78.45,5,1,64,71.85,1272.01,NORMAL,0
U09625,AGUA,47.25,5.107,148.26,102.52,82.3,5,0,103,82.06,974.81,NORMAL,0
U08414,ENERGIA,150.71,3.942,94.58,11.28,56.44,3,0,67,62.51,883.07,NORMAL,0
U02913,AGUA,40.19,2.603,130.04,8.82,67.21,5,0,122,61.47,864.34,URGENTE,0
U03969,AGUA,43.2,2.724,99.45,34.15,63.48,1,1,47,31.95,672.87,NORMAL,0
U00731,ENERGIA,55.09,3.653,84.28,70.72,62.66,0,0,5,54.09,1175.58,URGENTE,0
U08751,SAUDE,35.24,2.346,138.8,29.19,52.45,1,0,143,76.49,543.24,NORMAL,0
U01970,AGUA,37.54,4.534,128.37,148.55,70.93,6,1,91,61.04,1225.62,CRITICO,1
U06943,TELECOM,55.55,2.036,149.22,97.48,69.1,4,0,84,60.27,1542.74,NORMAL,0
U07790,ENERGIA,51.75,3.776,200.75,69.92,81.87,3,0,120,39.8,1661.79,NORMAL,0
U00590,ENERGIA,46.05,3.129,140.55,7.21,63.29,2,0,105,53.0,867.69,NORMAL,0
U07135,ENERGIA,49.88,4.225,129.48,53.62,86.11,5,0,21,79.86,1527.68,CRITICO,1
U04281,SAUDE,44.58,3.019,115.18,112.2,66.71,2,0,132,60.53,1068.73,NORMAL,0
U00438,ENERGIA,49.6,2.773,93.12,77.2,48.52,3,0,17,35.38,1027.41,CRITICO,1
U08261,ENERGIA,49.52,2.763,74.74,52.5,47.65,2,0,45,80.67,1388.1,NORMAL,0
U04262,TRANSITO,41.94,2.157,142.16,74.13,52.32,3,1,55,47.97,993.72,NORMAL,0
U04588,SAUDE,51.16,2.469,82.46,69.26,30.52,4,0,99,68.17,255.5,NORMAL,0
U01007,TELECOM,42.66,1.793,35.53,38.45,26.2,0,0,31,49.75,630.39,NORMAL,0
U01066,TRANSITO,54.11,4.071,122.47,8.77,81.14,7,0,57,63.9,1060.39,NORMAL,0
U07622,TRANSITO,51.22,,125.58,46.36,80.81,1,1,14,67.49,1228.58,NORMAL,0
U08052,AGUA,36.61,4.153,46.13,94.16,27.91,3,1,2,82.29,940.6,NORMAL,0
U08738,ENERGIA,37.48,3.401,97.76,49.17,62.6,3,1,4,62.54,1133.3,NORMAL,0
U05989,SAUDE,44.24,3.702,159.96,27.18,86.56,3,0,117,64.14,1248.2,NORMAL,0
U04388,ENERGIA,50.15,3.331,117.15,38.42,62.29,5,1,63,71.63,867.05,CRITICO,1
U00792,ENERGIA,44.85,3.226,106.19,35.98,47.52,5,1,104,62.69,736.92,NORMAL,0
U07899,ENERGIA,53.34,,117.07,42.76,75.7,5,1,29,53.65,1329.64,URGENTE,1
U04321,SAUDE,45.04,2.928,137.6,59.25,82.25,4,0,111,58.95,1582.68,NORMAL,0
U08691,ENERGIA,49.31,4.15,123.67,28.66,88.44,2,3,6,40.03,1210.75,NORMAL,0
U09504,SAUDE,41.51,0.132,113.52,15.49,29.94,0,1,57,41.75,745.44,NORMAL,0
U02632,TELECOM,33.28,0.886,113.45,52.97,34.11,2,0,113,66.65,1357.94,NORMAL,0
U03416,ENERGIA,43.33,,85.04,2.06,16.86,0,0,125,51.19,660.79,NORMAL,0
U05181,TRANSITO,50.2,3.296,123.47,75.57,77.37,5,2,24,69.74,1071.63,URGENTE,1
U06506,AGUA,52.27,2.891,159.32,92.71,86.29,3,1,124,60.95,1392.27,URGENTE,1
U05495,SAUDE,44.66,2.691,152.32,58.89,60.59,0,0,74,73.19,912.9,NORMAL,0
U05191,ENERGIA,38.26,2.697,125.58,42.01,64.17,3,0,130,90.16,1378.53,URGENTE,0
U00207,SAUDE,44.73,2.1,88.74,26.56,55.91,4,0,5,46.81,740.43,NORMAL,0
U07057,ENERGIA,52.26,2.55,134.7,87.69,81.07,3,0,83,72.36,1169.15,CRITICO,1
U02675,ENERGIA,48.37,3.394,160.88,58.91,73.08,3,0,98,46.48,1136.19,NORMAL,0
U02125,ENERGIA,49.32,3.398,136.83,15.41,82.14,7,0,72,50.74,1120.95,URGENTE,0
U05135,ENERGIA,51.89,3.801,140.2,64.8,85.85,2,0,9,46.61,1940.62,NORMAL,0
U07326,AGUA,33.94,2.535,128.04,41.47,57.56,3,1,47,71.97,1218.67,NORMAL,0
U03156,TELECOM,,1.531,129.99,,40.32,0,0,143,31.23,715.31,NORMAL,0
U00556,TRANSITO,42.84,2.422,136.16,92.66,50.02,5,0,133,50.73,890.83,NORMAL,0
U02949,AGUA,37.75,3.514,134.85,61.0,53.66,2,0,132,100.0,1281.44,NORMAL,0
U03740,TRANSITO,41.48,3.125,135.21,38.37,78.72,1,0,34,73.75,1683.01,NORMAL,0
U09998,AGUA,46.39,0.888,168.49,33.19,85.35,3,0,139,66.43,1539.73,NORMAL,0
U04909,TRANSITO,43.68,2.319,133.15,2.0,43.53,3,0,88,95.87,561.07,NORMAL,0
U02747,AGUA,35.94,2.992,87.88,10.98,32.3,2,1,100,59.54,852.77,NORMAL,0
U08456,SAUDE,58.02,3.171,138.25,33.29,84.49,2,0,14,35.22,1197.18,CRITICO,0
U05447,SAUDE,40.2,1.227,120.54,71.34,50.35,3,1,82,54.4,710.65,NORMAL,0
U07700,TRANSITO,52.53,2.305,145.25,21.57,69.69,3,0,67,69.5,1404.41,CRITICO,1
U02778,TRANSITO,48.69,1.668,96.96,22.19,62.72,3,1,40,62.45,1179.9,NORMAL,0
U09730,TELECOM,53.59,2.863,104.2,84.15,74.64,5,1,9,74.95,1110.59,NORMAL,0
U07284,SAUDE,38.1,2.08,105.22,5.63,46.31,2,2,14,85.53,914.78,NORMAL,0
U03065,ENERGIA,63.01,1.918,133.74,39.07,81.18,6,0,34,63.02,1371.08,NORMAL,0
U03700,TELECOM,50.21,2.038,165.19,41.91,64.28,2,0,137,76.76,1195.81,NORMAL,0
U03003,ENERGIA,48.0,2.217,120.56,25.11,54.44,3,0,113,51.17,1386.06,NORMAL,0
U08613,TELECOM,43.21,2.875,81.45,66.58,41.85,2,0,32,42.65,961.11,NORMAL,0
U02783,AGUA,113.51,2.919,86.67,8.1,51.79,3,0,57,81.08,809.15,NORMAL,0
U06122,AGUA,30.37,2.709,96.43,66.81,40.87,2,1,48,61.95,720.06,NORMAL,0
U00934,TELECOM,44.18,3.457,93.48,24.22,44.82,0,0,131,88.29,1080.23,NORMAL,0
U05696,ENERGIA,53.77,2.678,120.31,36.23,74.0,3,2,18,44.67,977.09,NORMAL,0
U01079,SAUDE,37.04,2.141,116.54,151.08,58.64,0,1,93,52.78,1082.07,URGENTE,1
U09091,AGUA,40.03,2.91,93.24,67.87,50.05,2,0,71,53.47,610.03,NORMAL,0
U06044,TRANSITO,45.79,2.161,84.25,18.33,47.38,3,0,59,50.25,898.89,NORMAL,0
U09339,AGUA,39.62,2.034,102.04,16.4,53.39,2,1,2,82.0,892.61,NORMAL,0
U08393,SAUDE,42.21,3.133,98.89,18.1,52.3,1,0,77,20.55,856.67,NORMAL,0
U07679,ENERGIA,51.4,4.059,105.68,35.41,56.4,3,0,114,45.97,1062.31,NORMAL,0
U06334,TELECOM,43.08,2.88,136.19,82.85,90.06,2,0,72,53.59,1613.54,NORMAL,0
U05860,AGUA,37.63,3.099,117.23,44.16,59.74,2,0,32,46.03,457.41,URGENTE,0
U02243,ENERGIA,187.99,4.604,125.39,60.39,52.59,1,0,82,59.38,948.63,NORMAL,0
U06200,SAUDE,40.76,2.013,72.62,29.63,52.09,1,4,28,95.19,738.91,NORMAL,0
U06627,SAUDE,,3.336,108.25,,58.14,3,0,72,64.46,973.89,NORMAL,0
U05045,AGUA,49.42,3.33,128.06,79.62,59.36,1,1,139,60.78,1081.15,NORMAL,0
U04646,AGUA,,3.15,141.79,6.26,78.66,2,0,121,63.24,1310.21,NORMAL,0
U09511,AGUA,45.95,3.986,146.42,42.07,81.65,7,0,141,73.62,1357.1,NORMAL,0
U02069,SAUDE,46.01,,96.42,147.05,46.16,4,0,129,84.24,399.39,CRITICO,1
U06405,ENERGIA,53.88,3.074,146.75,40.91,49.98,1,0,98,73.74,1115.82,NORMAL,0
U01468,SAUDE,41.7,2.128,113.18,35.25,54.0,6,0,81,70.89,780.0,NORMAL,0
U06804,TRANSITO,41.25,0.508,101.28,47.34,50.63,1,1,62,48.89,1144.29,NORMAL,0
U06029,SAUDE,34.7,1.36,66.37,39.65,26.92,0,1,59,61.1,583.82,NORMAL,0
U06822,ENERGIA,51.87,2.868,113.36,93.19,65.52,5,0,58,61.41,1484.86,CRITICO,1
U09686,ENERGIA,56.46,4.314,111.28,,71.98,3,1,96,56.6,1202.51,CRITICO,1
U07900,TRANSITO,47.1,2.175,118.69,136.6,67.49,4,0,13,76.44,1151.61,URGENTE,0
U04752,SAUDE,38.06,2.227,164.47,15.51,63.03,0,1,139,47.67,1245.79,NORMAL,0
U00418,AGUA,35.76,2.593,114.26,40.42,58.17,3,1,49,62.43,1277.55,NORMAL,0
U08502,AGUA,43.15,3.35,95.9,62.53,63.62,2,1,13,81.32,1047.32,NORMAL,0
U02634,ENERGIA,42.37,3.531,94.85,4.92,57.83,3,1,75,68.3,826.68,NORMAL,1
U01062,TRANSITO,,4.514,119.93,45.88,75.02,5,0,100,39.42,1088.7,NORMAL,0
U00322,TRANSITO,42.8,2.215,110.0,52.27,58.04,2,1,16,73.8,1115.36,NORMAL,0
U03927,SAUDE,40.5,3.118,108.66,38.49,62.86,4,0,91,66.8,1004.89,NORMAL,0
U02904,SAUDE,38.29,1.312,104.0,36.29,69.52,2,0,44,42.17,1244.24,NORMAL,0
U04379,ENERGIA,53.74,3.357,133.97,32.65,81.05,4,0,20,51.3,1207.79,NORMAL,0
U09231,TRANSITO,40.29,2.062,86.99,152.92,47.63,2,2,13,73.25,921.56,NORMAL,0
U07397,AGUA,28.95,1.095,92.78,66.91,26.6,2,0,79,78.47,484.19,NORMAL,0
U07236,ENERGIA,49.57,3.068,125.11,8.77,78.63,4,0,43,56.63,854.48,NORMAL,0
U09531,TELECOM,46.78,3.228,166.63,,88.16,3,1,27,59.55,1619.11,NORMAL,0
U02986,SAUDE,49.92,4.057,132.14,54.47,80.06,1,3,36,50.91,1171.36,NORMAL,0
U08263,AGUA,38.62,2.358,101.73,107.82,56.82,1,0,19,53.94,1173.66,NORMAL,0
U09681,SAUDE,42.31,1.921,75.93,146.31,53.28,5,0,22,75.02,1001.79,URGENTE,0
U02843,AGUA,37.15,2.603,85.64,86.64,45.52,4,2,40,52.92,1372.68,NORMAL,0
U02409,TELECOM,47.89,1.715,86.38,15.48,50.86,2,0,30,72.17,1165.49,NORMAL,0
U03936,ENERGIA,52.29,4.077,170.79,73.38,95.33,5,0,88,60.85,1732.8,CRITICO,1
U00223,AGUA,36.7,1.53,128.06,34.39,61.15,4,0,126,86.75,1079.7,NORMAL,0
U05674,TELECOM,38.84,2.585,133.58,67.04,69.82,5,1,122,45.85,1055.8,NORMAL,0
U02489,SAUDE,44.96,2.702,93.43,25.74,67.56,2,0,79,50.41,717.97,URGENTE,0
U09597,SAUDE,47.84,2.391,101.49,20.02,61.45,2,0,53,88.94,818.21,NORMAL,0
U06833,TRANSITO,41.52,4.669,173.96,72.65,81.67,3,1,59,32.54,1789.96,NORMAL,0
U08423,AGUA,38.07,3.025,213.1,99.56,95.4,6,1,87,51.47,1052.28,NORMAL,0
U09997,TELECOM,40.76,3.128,105.12,30.35,68.57,2,1,75,53.14,1027.46,URGENTE,0
U01960,TRANSITO,52.81,2.543,143.82,86.88,75.93,3,1,103,84.82,1048.03,NORMAL,0
U01241,TRANSITO,46.07,3.002,156.57,56.35,60.58,2,0,59,75.97,1256.56,NORMAL,0
U07061,TELECOM,59.06,3.705,88.2,,60.93,2,2,61,58.52,926.76,NORMAL,0
U02202,AGUA,,1.576,102.83,22.27,52.68,0,2,36,45.94,1287.06,NORMAL,0
U03560,TRANSITO,39.88,2.897,86.31,53.3,58.02,2,1,9,61.36,1285.95,URGENTE,0
U02268,ENERGIA,56.92,2.057,117.58,48.98,59.04,1,1,77,36.54,911.56,NORMAL,0
U06527,TELECOM,48.5,2.116,100.27,14.5,54.56,2,1,49,71.18,1258.88,NORMAL,0
U06757,TRANSITO,58.46,2.307,173.72,23.56,96.19,4,0,73,34.97,1861.61,NORMAL,0
U05083,ENERGIA,142.85,2.086,86.02,81.16,52.41,0,0,20,74.38,692.59,NORMAL,0
U01917,SAUDE,,3.235,123.04,24.67,69.66,2,1,72,72.19,1031.51,NORMAL,0
U09110,AGUA,36.5,3.399,110.93,13.79,68.4,2,1,57,45.96,842.23,URGENTE,0
U04230,ENERGIA,50.39,3.967,119.12,46.55,60.78,0,0,14,95.06,1078.44,NORMAL,0
U05957,AGUA,41.23,4.323,177.84,44.93,87.37,3,0,128,34.29,1604.91,NORMAL,0
U07084,AGUA,36.18,3.754,132.82,18.93,76.68,1,0,43,79.22,1287.12,NORMAL,0
U09361,TRANSITO,36.28,1.442,67.54,85.9,36.61,2,0,44,65.06,1172.68,NORMAL,0
U06529,ENERGIA,57.8,3.772,154.4,31.41,65.14,0,0,98,62.8,955.63,NORMAL,0
U07981,TELECOM,47.57,2.239,114.01,13.23,50.33,1,0,85,78.6,701.83,NORMAL,0
U07515,ENERGIA,46.42,4.202,129.98,8.91,62.62,1,0,141,73.53,1035.01,NORMAL,0
U04428,TRANSITO,50.0,2.728,188.33,52.86,99.89,5,1,144,67.07,1786.25,NORMAL,0
U03709,ENERGIA,52.38,3.483,137.06,,66.44,4,1,98,52.05,833.04,URGENTE,1
U06581,TRANSITO,49.45,3.036,161.55,92.8,93.7,6,0,118,47.81,1009.2,CRITICO,1
U03507,AGUA,44.54,,85.39,,34.13,4,0,88,71.97,555.12,NORMAL,0
U03841,SAUDE,50.11,2.517,166.45,52.05,99.7,5,0,90,71.31,1392.98,CRITICO,1
U09639,ENERGIA,53.14,3.64,77.9,13.91,69.19,3,1,34,56.13,1270.72,NORMAL,0
U04292,TRANSITO,46.83,3.202,64.08,51.13,41.75,1,0,71,78.15,1013.19,NORMAL,0
U01270,ENERGIA,57.29,3.386,129.28,23.51,81.05,2,1,80,73.04,1145.96,NORMAL,0
U01425,ENERGIA,39.23,2.819,103.89,67.29,46.5,3,0,133,51.74,804.57,CRITICO,0
U00179,TRANSITO,45.65,2.549,94.33,81.79,52.8,3,1,24,65.33,1230.14,NORMAL,0
U06516,AGUA,42.4,1.99,99.37,66.71,40.33,3,0,126,36.03,612.97,NORMAL,0
U08403,SAUDE,36.84,2.285,107.25,,68.97,1,0,141,54.07,1001.48,NORMAL,0
U03408,ENERGIA,50.02,7.303,98.16,38.02,50.14,2,0,116,60.99,1175.61,CRITICO,1
U05872,SAUDE,40.53,2.652,114.25,32.0,63.91,2,1,80,64.76,1209.66,NORMAL,0
U02616,SAUDE,45.73,2.396,181.83,45.53,100.0,3,0,39,26.91,1600.31,NORMAL,0
U01229,TRANSITO,46.4,1.756,130.61,40.12,65.41,2,0,119,79.2,790.63,URGENTE,0
U03905,SAUDE,161.07,1.283,152.78,30.8,69.11,2,0,101,72.02,1298.6,NORMAL,0
U08484,TELECOM,43.76,1.72,152.17,27.96,77.21,2,1,129,67.97,1447.79,NORMAL,0
U00098,TELECOM,40.85,3.61,88.69,29.91,57.74,2,0,14,76.15,856.09,NORMAL,0
U04840,ENERGIA,52.24,2.837,126.16,10.37,76.12,2,0,46,49.2,1031.7,NORMAL,0
U03537,SAUDE,32.91,1.172,136.44,13.18,53.58,1,3,94,78.44,1301.45,NORMAL,0
U09863,ENERGIA,41.05,2.291,136.68,104.2,45.1,4,0,83,68.11,1160.69,NORMAL,0
U04517,TRANSITO,47.99,8.698,168.61,33.19,89.43,3,0,86,100.0,1252.42,URGENTE,1
U06169,SAUDE,39.1,,75.55,,14.94,2,0,78,62.85,555.88,NORMAL,0
U01666,AGUA,44.5,2.259,149.35,18.56,67.31,3,1,61,86.18,942.14,NORMAL,0
U02570,TELECOM,,3.066,98.25,36.44,42.22,3,0,41,79.59,1105.89,NORMAL,0
U04719,TRANSITO,43.64,2.606,118.41,16.2,57.0,2,1,80,81.91,1233.24,NORMAL,0
U02389,AGUA,36.24,2.44,60.28,25.75,41.22,2,0,58,54.1,643.39,NORMAL,0
U09626,TELECOM,51.1,2.308,86.4,8.33,50.68,1,0,24,83.72,796.77,CRITICO,1
U06217,SAUDE,40.17,2.744,85.7,,63.1,2,1,13,84.46,740.14,NORMAL,0
U06131,SAUDE,46.03,3.2,163.02,24.81,83.73,2,0,122,58.41,1349.85,URGENTE,1
U08268,AGUA,42.63,2.877,127.87,100.81,63.04,0,1,129,77.95,1081.94,NORMAL,0
U02701,TELECOM,37.1,2.99,87.0,16.32,46.96,5,1,42,60.6,992.16,URGENTE,0
U02942,TRANSITO,41.02,2.787,126.97,16.7,72.33,3,0,22,68.76,1191.8,NORMAL,0
U05284,SAUDE,43.57,2.373,102.02,21.05,65.26,3,0,100,58.25,928.46,NORMAL,0
U09130,SAUDE,45.52,2.81,108.88,,48.17,3,0,78,61.23,1026.01,NORMAL,0
U09009,ENERGIA,45.16,3.01,90.49,47.62,74.2,3,0,36,51.26,1235.06,NORMAL,0
U08915,ENERGIA,54.46,4.305,80.82,64.54,41.06,1,2,2,32.25,694.33,NORMAL,0
U05783,ENERGIA,42.58,2.465,86.52,47.18,47.52,2,1,117,55.15,1018.19,NORMAL,0
U08347,SAUDE,39.58,2.776,145.08,31.1,69.98,0,0,105,48.97,1461.6,NORMAL,0
U05538,TELECOM,47.51,3.877,172.26,73.44,89.02,4,2,88,59.45,1058.27,NORMAL,0
U06865,SAUDE,37.78,2.959,133.93,21.52,81.47,2,2,42,41.76,1092.9,NORMAL,0
U04286,SAUDE,36.55,2.371,118.98,8.7,66.28,3,0,133,55.58,1274.73,URGENTE,0
U06271,TRANSITO,,2.677,89.39,63.66,65.73,5,1,2,57.96,1489.2,URGENTE,1
U07611,AGUA,39.56,2.278,116.62,35.77,64.45,1,0,124,45.15,1128.76,URGENTE,1
U08459,TELECOM,132.09,3.088,109.56,31.32,43.94,2,0,97,68.73,972.93,NORMAL,0
U07165,TRANSITO,38.16,9.536,140.08,17.03,71.79,3,2,72,48.22,1241.15,URGENTE,1
U05714,SAUDE,40.55,2.471,86.59,66.55,46.04,2,1,25,55.5,663.87,NORMAL,0
U00037,AGUA,47.3,,111.75,32.55,58.1,1,0,15,53.32,961.14,NORMAL,0
U06857,TELECOM,43.33,2.527,121.81,76.82,57.38,0,0,41,73.87,1205.09,NORMAL,0
U01005,TRANSITO,47.34,1.976,125.38,105.09,47.03,6,2,42,55.0,1402.97,URGENTE,1
U01715,AGUA,35.37,2.76,141.64,13.5,66.85,3,0,65,58.44,954.53,URGENTE,1
U07076,AGUA,43.76,,142.36,106.9,52.51,4,0,132,57.63,1169.28,NORMAL,0
U00901,AGUA,41.04,3.669,102.93,39.03,59.66,4,1,99,47.7,1044.85,NORMAL,0
U05366,TELECOM,39.61,2.841,70.46,62.81,50.56,0,2,10,43.33,1410.7,NORMAL,0
U08271,SAUDE,41.47,1.525,109.65,53.41,54.73,4,1,11,60.0,849.24,URGENTE,0
U09432,AGUA,37.32,3.741,132.36,42.4,76.96,4,0,106,99.52,802.71,URGENTE,1
U02423,ENERGIA,51.9,2.696,134.88,35.49,47.39,1,0,126,47.76,902.19,NORMAL,0
U00403,ENERGIA,35.86,3.814,68.06,47.13,22.25,1,0,78,68.28,1010.23,NORMAL,0
U02245,TELECOM,47.78,,71.24,25.41,35.18,1,1,60,71.55,887.22,CRITICO,1
U04485,ENERGIA,46.08,2.59,145.2,19.31,73.56,2,2,45,38.77,815.1,NORMAL,0
U04876,SAUDE,41.73,2.004,91.07,84.45,47.66,0,0,71,53.85,1014.7,NORMAL,0
U00178,SAUDE,36.86,2.537,16.36,6.03,24.4,1,0,48,37.88,615.22,NORMAL,0
U01402,TRANSITO,50.78,3.305,173.19,55.7,95.03,4,2,15,74.76,1676.57,NORMAL,0
U07729,SAUDE,46.37,2.562,137.68,46.21,68.07,0,1,122,66.05,1114.93,URGENTE,0
U05983,AGUA,43.99,2.655,130.97,52.55,58.73,1,0,72,60.42,1115.06,NORMAL,0
U08605,SAUDE,35.9,1.441,65.59,100.13,25.62,1,1,32,50.23,783.68,NORMAL,0
U05654,ENERGIA,56.27,2.891,131.51,83.56,91.1,4,1,41,29.67,967.74,NORMAL,0
U07447,ENERGIA,55.76,4.032,152.82,22.46,76.41,1,0,126,56.72,905.6,NORMAL,0
U05521,ENERGIA,47.54,3.923,124.1,91.04,66.69,2,1,81,61.87,921.6,URGENTE,0
U01186,ENERGIA,44.01,3.668,121.4,36.48,72.34,2,0,15,60.33,1117.86,NORMAL,0
U01250,TRANSITO,55.47,2.586,166.44,75.42,88.0,3,1,107,74.56,1015.13,NORMAL,0
U04721,ENERGIA,56.02,2.025,118.82,33.68,76.13,4,0,23,72.84,1589.11,NORMAL,0
U04939,SAUDE,44.69,,99.7,17.65,56.87,3,0,119,70.37,1207.76,NORMAL,0
U05846,SAUDE,44.52,3.754,121.29,67.73,45.83,6,0,140,67.57,1118.27,CRITICO,1
U00960,SAUDE,43.17,2.586,156.06,23.23,82.96,4,0,80,87.98,1181.57,CRITICO,1
U04237,AGUA,53.23,2.475,168.43,111.02,80.21,3,1,119,93.46,1535.79,NORMAL,0
U09674,ENERGIA,,8.164,125.34,110.59,55.02,4,1,60,85.75,1064.68,CRITICO,1
U09845,SAUDE,35.49,2.544,139.76,18.53,64.82,1,0,135,51.43,1058.54,NORMAL,0
U07349,TELECOM,47.28,2.288,128.44,22.68,66.95,4,1,28,54.23,1310.14,NORMAL,0
U03887,ENERGIA,49.82,2.567,77.01,30.29,57.36,1,0,2,55.83,1481.79,NORMAL,0
U02924,AGUA,40.65,2.082,67.9,39.29,25.81,2,0,22,45.65,738.85,NORMAL,0
U00054,ENERGIA,55.94,3.913,198.55,40.26,99.23,3,0,77,73.05,1260.39,URGENTE,0
U00067,SAUDE,48.66,0.77,138.24,64.92,50.99,3,0,53,66.79,708.76,NORMAL,0
U06019,ENERGIA,58.48,3.118,128.58,54.42,62.15,0,2,71,49.96,1214.95,CRITICO,1
U05717,TRANSITO,256.71,2.707,133.48,19.59,65.74,5,0,3,77.66,1373.1,NORMAL,0
U04306,AGUA,40.91,3.697,128.92,55.74,79.6,2,1,106,67.72,929.62,NORMAL,0
U03126,ENERGIA,47.44,2.256,96.13,80.65,39.61,1,0,67,43.04,962.83,NORMAL,0
U06036,TRANSITO,43.32,2.868,112.32,58.11,49.85,5,0,54,58.75,1170.81,NORMAL,0
U05934,ENERGIA,49.66,4.338,142.32,86.55,67.82,3,1,66,45.24,1178.2,NORMAL,0
U09158,TELECOM,44.95,3.702,152.69,9.46,58.48,3,0,80,74.84,825.27,NORMAL,0
U01291,ENERGIA,50.66,3.383,184.19,49.88,90.4,1,0,66,63.82,1378.4,NORMAL,0
U07496,ENERGIA,57.91,3.184,81.19,53.0,50.11,2,1,6,57.35,989.48,NORMAL,0
U04724,TRANSITO,42.74,3.668,162.5,22.63,56.51,3,0,117,65.77,1173.26,NORMAL,0
U01280,AGUA,42.87,3.769,153.44,36.15,93.61,2,0,9,81.71,1428.77,NORMAL,0
U06232,ENERGIA,,2.681,133.41,81.52,84.22,1,1,4,93.95,1226.0,NORMAL,0
U00039,TELECOM,45.0,1.148,82.18,240.43,51.99,1,1,5,63.77,1136.78,NORMAL,0
U04060,TELECOM,43.02,2.322,66.99,27.46,45.48,1,1,15,53.0,798.62,NORMAL,0
U01020,TELECOM,54.62,2.196,139.07,53.2,72.88,2,0,121,85.56,1773.39,NORMAL,0
U05576,SAUDE,41.67,2.634,111.25,9.29,56.27,3,0,67,58.6,1175.99,NORMAL,0
U03849,AGUA,41.93,2.795,98.35,54.93,48.57,2,0,74,54.02,795.39,NORMAL,0
U04731,ENERGIA,47.83,3.476,42.01,34.4,31.36,4,0,34,77.24,684.66,NORMAL,0
U07143,TRANSITO,50.03,1.322,136.05,79.89,82.35,5,0,66,80.71,1459.71,NORMAL,0
U00087,ENERGIA,144.3,3.898,125.53,97.56,57.38,2,1,119,60.07,933.16,NORMAL,0
U03635,ENERGIA,53.95,,73.92,64.73,24.74,3,0,45,79.23,632.04,NORMAL,0
U06364,ENERGIA,47.41,2.319,163.55,70.61,74.46,5,0,131,68.93,1105.64,NORMAL,0
U01870,TRANSITO,49.59,4.343,142.44,90.66,76.96,2,3,97,70.73,901.26,NORMAL,0
U03010,SAUDE,36.0,3.49,110.13,92.72,71.11,4,0,74,57.22,1403.49,NORMAL,0
U07362,ENERGIA,47.71,2.693,125.07,19.17,54.37,1,1,115,58.47,1194.25,NORMAL,1
U03420,TRANSITO,46.56,1.545,82.5,50.24,57.92,3,2,88,53.46,1172.94,NORMAL,0
U00767,SAUDE,47.92,1.936,137.24,46.41,73.95,1,0,101,49.68,1443.5,NORMAL,0
U04825,SAUDE,43.67,1.564,102.9,36.37,40.46,2,1,79,80.58,867.74,NORMAL,0
U03083,TELECOM,41.77,3.439,114.51,73.7,64.04,2,0,33,65.26,1063.71,NORMAL,0
U05019,SAUDE,40.15,3.768,145.97,25.47,71.53,4,0,99,79.9,903.58,CRITICO,1
U03559,SAUDE,36.95,1.098,124.87,82.6,45.27,2,1,135,66.35,368.94,NORMAL,0
U04935,ENERGIA,39.53,2.392,124.02,35.21,71.24,1,0,80,48.52,1166.85,NORMAL,0
U04813,AGUA,51.74,3.713,182.25,70.79,87.02,2,1,133,45.65,1404.81,NORMAL,0
U01579,ENERGIA,59.64,3.153,147.05,16.4,71.45,1,0,137,78.15,997.83,URGENTE,1
U04483,AGUA,43.46,2.502,141.08,74.55,66.47,4,1,62,37.71,1498.36,NORMAL,0
U08801,ENERGIA,52.2,3.09,89.8,58.68,41.37,4,0,80,60.03,1315.23,NORMAL,0
U01723,TRANSITO,45.27,3.211,132.59,16.3,63.12,3,3,137,29.4,911.1,NORMAL,0
U04748,SAUDE,40.01,2.655,119.83,26.9,58.99,0,0,113,45.35,1432.77,NORMAL,0
U00105,TRANSITO,36.61,,105.98,88.19,50.72,6,1,137,41.37,985.23,NORMAL,0
U09427,SAUDE,40.13,1.546,87.97,48.34,45.91,1,0,24,66.65,1011.19,NORMAL,0
U08650,SAUDE,,1.454,89.73,10.77,36.05,2,0,10,85.33,976.13,NORMAL,0
U03824,SAUDE,52.71,2.084,155.03,152.34,76.18,5,0,103,40.56,1248.64,NORMAL,0
U01482,SAUDE,46.51,1.428,154.0,136.19,74.66,3,0,68,56.81,732.92,URGENTE,0
U09271,TRANSITO,,2.861,133.21,59.17,52.74,3,0,77,54.41,786.58,NORMAL,0
U08896,SAUDE,39.53,2.47,145.43,54.59,64.54,5,1,78,62.21,1464.69,NORMAL,0
U07634,TRANSITO,49.74,2.031,107.37,43.06,70.67,3,0,35,54.08,1241.73,URGENTE,0
U06225,ENERGIA,55.87,2.68,112.79,24.98,73.8,3,0,8,28.18,1427.56,CRITICO,1
U08821,SAUDE,47.51,,105.78,124.34,39.37,5,0,65,59.1,661.14,NORMAL,0
U02406,AGUA,45.25,3.551,100.58,68.77,58.29,3,0,27,68.92,928.54,NORMAL,0
U04100,TRANSITO,50.98,1.896,105.63,77.77,51.49,2,0,112,57.11,1327.8,NORMAL,0
U01592,ENERGIA,49.45,2.746,97.8,110.75,56.02,3,0,3,62.9,881.87,NORMAL,0
U06507,SAUDE,59.02,2.194,109.49,37.26,61.27,3,2,37,62.09,1169.14,NORMAL,0
U08975,SAUDE,44.93,3.516,153.9,14.87,92.66,1,0,77,37.91,936.67,NORMAL,0
U09441,SAUDE,41.25,,116.89,40.91,34.11,0,2,111,59.37,1216.16,NORMAL,0
U00446,SAUDE,113.54,1.581,112.91,,73.27,4,1,2,39.86,1324.07,NORMAL,0
U05701,SAUDE,45.09,2.257,87.39,72.31,46.31,2,0,80,63.23,753.5,NORMAL,0
U01244,ENERGIA,50.36,3.566,114.95,89.63,48.24,1,0,82,82.83,1166.49,NORMAL,0
U05220,ENERGIA,47.39,3.736,104.24,66.69,51.68,3,1,56,26.84,628.74,NORMAL,0
U08124,ENERGIA,46.14,3.653,194.33,207.61,68.17,3,0,45,50.26,1325.72,CRITICO,1
U07337,SAUDE,47.6,,152.87,55.93,77.48,7,2,97,81.02,1226.46,NORMAL,0
U06568,ENERGIA,49.08,3.05,147.53,20.21,61.24,5,1,4,67.22,996.54,NORMAL,0
U04559,SAUDE,40.15,2.676,100.42,18.33,38.39,3,0,115,38.21,719.87,NORMAL,0
U02598,ENERGIA,53.73,2.919,122.73,60.82,53.01,6,1,139,74.3,937.12,NORMAL,0
U05259,TRANSITO,39.49,2.589,62.61,46.13,23.26,1,0,120,46.14,697.12,NORMAL,0
U09961,TELECOM,38.54,1.646,85.12,59.84,40.84,3,0,79,52.7,717.41,NORMAL,0
U04577,SAUDE,49.31,3.811,159.55,34.72,100.0,3,2,98,67.96,1443.09,NORMAL,0
U01687,TRANSITO,39.57,,72.36,61.69,48.83,6,0,58,47.72,833.21,NORMAL,0
U03313,TRANSITO,38.26,4.135,77.37,64.18,60.47,4,0,13,100.0,993.2,NORMAL,0
U06947,TELECOM,50.87,1.965,127.92,96.44,53.45,0,0,26,43.92,815.37,NORMAL,0
U00886,SAUDE,40.75,3.542,147.09,30.69,60.1,1,0,143,61.2,925.53,NORMAL,0
U09574,SAUDE,97.69,,115.56,76.84,48.24,3,0,73,61.21,817.08,NORMAL,0
U03114,AGUA,56.37,3.413,124.59,78.86,70.89,1,2,93,43.76,1371.18,NORMAL,0
U01059,SAUDE,46.09,3.6,136.1,39.22,79.5,6,1,35,78.4,1792.7,NORMAL,0
U02284,ENERGIA,,3.795,119.49,67.57,58.48,2,2,113,57.62,844.68,NORMAL,0
U07783,ENERGIA,40.63,4.535,116.94,70.76,61.13,3,2,15,76.73,831.49,NORMAL,0
U00348,SAUDE,34.25,3.623,24.29,41.63,22.35,2,1,29,62.67,738.48,NORMAL,0
U05742,SAUDE,41.67,2.187,58.35,6.22,53.58,2,0,30,73.94,563.03,URGENTE,1
U06002,AGUA,49.42,4.164,137.23,84.71,69.53,2,3,77,62.01,1606.14,NORMAL,0
U06521,AGUA,32.22,3.335,105.47,26.32,50.04,2,0,82,60.68,517.52,URGENTE,0
U05410,AGUA,46.7,2.44,138.07,30.31,61.93,6,1,36,31.81,1243.73,NORMAL,0
U05258,ENERGIA,45.28,3.748,191.62,61.51,91.03,4,1,119,56.46,1116.0,NORMAL,0
U09610,SAUDE,43.06,2.672,91.75,6.74,50.96,0,0,7,65.94,834.81,NORMAL,0
U09471,TRANSITO,43.43,2.866,90.75,19.37,63.46,4,0,92,25.52,1453.58,NORMAL,0
U08464,AGUA,44.51,2.521,122.0,56.29,56.69,7,1,12,70.96,1189.13,URGENTE,1
U09971,AGUA,39.2,3.097,110.29,85.41,65.97,3,0,29,70.2,973.14,URGENTE,0
U06208,ENERGIA,41.55,2.855,75.49,65.36,41.36,3,0,110,100.0,686.51,NORMAL,0
U08850,ENERGIA,52.39,9.736,173.68,9.76,83.48,2,3,66,54.46,1089.04,CRITICO,1
U01410,ENERGIA,49.6,3.481,101.5,11.25,60.64,1,0,47,58.39,1299.7,NORMAL,0
U05889,SAUDE,46.31,2.419,178.51,16.36,81.02,1,1,114,42.62,1218.08,NORMAL,0
U03056,ENERGIA,56.51,3.87,108.4,18.02,65.75,2,0,61,36.44,1343.45,NORMAL,0
U06684,ENERGIA,,3.064,107.05,35.66,59.26,7,0,56,93.03,696.12,NORMAL,0
U03302,ENERGIA,44.17,3.003,111.68,5.17,55.73,2,0,103,90.53,1371.41,URGENTE,0
U09717,AGUA,39.55,1.86,106.95,62.59,46.14,0,0,12,80.49,1025.96,NORMAL,0
U07398,TRANSITO,44.72,3.187,151.39,83.7,64.58,2,0,136,100.0,1058.21,NORMAL,0
U02081,ENERGIA,44.2,4.275,145.73,124.18,77.1,5,0,10,49.94,1260.63,NORMAL,0
U03766,ENERGIA,54.37,2.942,106.0,44.07,60.2,3,0,42,33.83,1226.63,NORMAL,0
U02771,TELECOM,42.83,0.0,147.23,79.51,70.65,2,1,122,50.0,818.01,NORMAL,0
U05386,AGUA,29.48,2.649,100.61,22.48,62.22,4,3,54,64.18,950.51,NORMAL,0
U05352,TRANSITO,45.24,1.68,107.51,27.3,47.86,5,0,73,69.65,1124.87,NORMAL,0
U04600,AGUA,37.08,1.525,100.29,117.09,58.63,1,0,87,83.86,1047.25,NORMAL,0
U08955,AGUA,43.56,2.47,82.9,19.24,61.64,0,1,18,95.87,1131.31,NORMAL,0
U08709,TELECOM,151.6,3.119,76.67,62.59,58.41,2,1,24,59.6,666.82,NORMAL,0
U05542,TELECOM,47.05,3.246,92.58,114.51,44.25,3,1,138,58.19,893.75,NORMAL,0
U02061,TRANSITO,45.36,3.235,101.49,34.4,59.43,4,0,68,75.37,1081.95,NORMAL,0
U00836,SAUDE,172.02,2.539,161.22,76.6,66.81,0,0,115,41.89,909.37,NORMAL,0
U07318,TELECOM,54.82,2.574,143.11,,72.47,4,1,91,77.07,1028.46,NORMAL,0
U01165,SAUDE,44.83,3.433,148.87,18.89,82.75,3,0,137,63.6,1088.44,NORMAL,0
U02040,AGUA,39.82,3.393,125.72,41.92,91.76,1,0,21,48.37,1499.78,NORMAL,0
U04161,ENERGIA,44.92,4.003,162.82,32.52,82.26,2,0,143,92.55,1352.09,NORMAL,0
U03619,SAUDE,42.09,2.669,149.3,73.83,60.04,2,0,96,56.13,1288.5,NORMAL,0
U01733,SAUDE,40.53,2.489,92.06,59.13,73.62,3,0,7,54.35,1024.71,NORMAL,0
U02497,ENERGIA,53.24,,141.62,4.34,77.6,3,1,132,65.46,1684.1,NORMAL,0
U06601,AGUA,46.67,3.257,106.04,38.94,50.89,1,0,19,95.11,653.26,NORMAL,0
U09994,SAUDE,41.93,2.698,145.14,5.04,67.15,2,0,103,67.88,1073.7,NORMAL,0
U00383,ENERGIA,49.99,,140.03,46.85,58.12,2,1,107,54.17,867.06,NORMAL,0
U00159,SAUDE,37.87,2.49,131.0,25.86,66.04,3,0,53,65.53,936.18,URGENTE,0
U00400,AGUA,42.86,3.045,158.89,24.32,64.26,4,0,127,60.99,1223.89,CRITICO,1
U01931,SAUDE,37.31,1.861,111.86,21.08,51.64,0,1,113,84.0,1215.85,NORMAL,0
U06156,AGUA,46.07,1.609,87.79,110.07,43.68,4,0,14,59.09,849.01,NORMAL,0
U01070,AGUA,45.17,2.967,93.51,24.33,49.65,0,2,50,87.17,1400.25,NORMAL,0
U00471,ENERGIA,44.25,4.003,125.26,106.11,38.09,2,0,113,44.85,902.39,URGENTE,0
U01625,TELECOM,43.88,3.548,136.6,27.06,61.51,4,0,94,45.19,712.76,NORMAL,0
U04071,TELECOM,43.07,3.037,144.9,36.89,83.08,6,0,107,64.01,1068.81,CRITICO,1
U08084,SAUDE,50.72,2.802,109.02,55.98,71.66,2,2,44,17.38,1136.15,NORMAL,0
U04766,ENERGIA,52.78,3.086,154.07,52.68,69.02,3,0,138,66.14,769.15,NORMAL,1
U02686,TRANSITO,37.81,3.025,121.08,121.07,41.13,2,0,138,75.69,1044.45,URGENTE,1
U00356,AGUA,43.52,3.048,111.11,18.81,78.21,3,1,33,38.95,1205.95,NORMAL,0
U08005,TELECOM,44.18,2.248,129.77,5.84,64.79,2,2,130,65.27,1082.67,NORMAL,0
U05161,TRANSITO,43.26,2.279,148.48,14.85,67.59,5,1,95,65.73,656.35,NORMAL,0
U00787,TRANSITO,47.96,1.813,123.42,19.26,59.93,7,1,89,66.38,1122.32,URGENTE,0
U06739,TRANSITO,42.92,2.035,103.08,,52.47,2,0,84,60.4,1153.7,URGENTE,0
U03783,ENERGIA,58.87,2.949,119.34,,51.63,1,0,53,72.36,757.39,NORMAL,0
U06873,ENERGIA,35.09,3.501,98.6,16.96,62.65,8,0,6,48.53,1079.45,NORMAL,0
U02573,SAUDE,44.35,1.963,134.8,28.2,81.24,4,2,3,52.96,1078.34,NORMAL,0
U01664,SAUDE,184.81,1.373,82.51,47.3,51.33,3,0,7,83.36,1006.66,NORMAL,0
U02917,TELECOM,53.26,2.178,86.83,57.53,45.43,3,0,117,93.26,497.51,CRITICO,1
U08894,ENERGIA,49.77,4.719,118.08,2.11,63.75,4,2,108,55.03,1012.86,NORMAL,0
U01369,TELECOM,48.68,1.171,119.75,76.18,54.3,3,1,137,60.26,729.69,NORMAL,0
U02336,AGUA,42.71,2.217,105.77,50.29,69.59,8,2,18,47.04,1174.3,NORMAL,0
U07629,TRANSITO,54.73,2.788,119.13,3.08,76.09,2,0,54,53.86,1255.6,NORMAL,0
U04331,AGUA,41.08,2.741,142.17,23.29,65.6,7,1,131,80.53,621.17,NORMAL,0
U06496,TELECOM,52.6,2.197,137.83,45.16,55.79,4,1,89,48.63,1161.99,NORMAL,0
U01728,SAUDE,40.59,2.019,189.83,124.65,86.56,5,0,143,37.85,1084.99,NORMAL,0
U01398,AGUA,33.84,2.721,146.97,99.63,63.45,3,0,117,36.1,1097.7,URGENTE,1
U06874,SAUDE,43.76,1.474,86.41,68.21,40.58,2,1,19,44.64,1081.98,NORMAL,0
U07919,TELECOM,51.26,2.091,70.19,30.59,41.16,4,0,22,57.13,1025.71,NORMAL,0
U09018,TELECOM,48.69,2.685,110.11,32.75,53.5,0,1,119,39.04,609.51,NORMAL,0
U01368,SAUDE,50.11,3.057,181.36,28.61,75.26,2,0,125,51.92,1528.78,NORMAL,0
U06180,SAUDE,,,159.62,45.18,62.27,4,2,140,75.25,1096.07,NORMAL,0
U04868,ENERGIA,45.67,3.277,121.38,46.14,61.71,2,0,93,86.72,1097.22,NORMAL,0
U07758,TRANSITO,44.8,1.842,113.72,66.29,23.9,4,3,137,84.49,974.82,NORMAL,0
U01778,TELECOM,44.18,2.098,120.0,21.74,81.88,4,2,57,96.06,1448.66,NORMAL,0
U04585,ENERGIA,51.28,4.289,117.62,33.79,68.21,4,1,104,85.92,1000.06,NORMAL,1
U07552,TELECOM,47.73,8.397,126.54,229.56,53.64,6,1,128,45.04,702.22,CRITICO,1
U02789,ENERGIA,40.46,2.337,116.68,56.13,59.55,2,0,57,87.98,1241.64,NORMAL,0
U01863,ENERGIA,50.52,3.64,142.23,48.24,73.78,4,0,70,57.86,1494.84,NORMAL,0
U06301,SAUDE,36.03,2.787,110.86,65.28,66.07,4,0,75,77.91,1087.3,NORMAL,0
U03757,ENERGIA,45.7,3.43,115.3,24.77,75.79,7,0,17,60.06,1146.5,NORMAL,0
U07968,TELECOM,46.52,2.805,143.73,84.64,56.2,2,1,93,67.29,887.58,NORMAL,0
U00845,AGUA,46.05,2.817,168.32,27.91,85.84,2,0,124,84.23,1630.06,NORMAL,0
U06124,SAUDE,36.45,2.296,108.25,50.92,51.58,4,0,132,86.52,861.55,NORMAL,0
U04473,TRANSITO,48.79,3.339,100.49,69.57,55.27,6,0,29,57.99,1128.48,NORMAL,0
U00895,TRANSITO,36.14,2.402,103.64,79.6,45.46,3,0,139,44.22,683.21,NORMAL,0
U00214,ENERGIA,42.66,4.175,117.38,38.05,55.54,2,2,123,79.83,1335.73,NORMAL,0
U00786,TRANSITO,44.98,2.743,92.57,113.87,54.23,4,0,88,77.85,830.12,URGENTE,0
U04373,SAUDE,42.62,1.999,112.78,26.22,59.17,7,0,97,62.58,1325.61,NORMAL,0
U04781,TELECOM,,2.64,153.8,86.3,78.54,2,0,95,56.59,1657.74,NORMAL,0
U03764,SAUDE,42.59,2.356,136.41,83.29,44.85,2,0,143,42.84,835.58,NORMAL,0
U08300,SAUDE,33.75,1.484,103.06,56.97,61.69,2,0,82,92.04,1030.1,NORMAL,0
U05905,AGUA,49.66,4.37,187.62,19.02,89.72,0,1,82,75.65,1172.52,NORMAL,0
U04952,TELECOM,53.09,3.291,128.09,56.18,55.23,1,0,36,89.43,1214.31,NORMAL,0
U03387,TELECOM,47.92,1.793,114.77,23.64,64.41,2,1,128,59.51,876.55,NORMAL,0
U00230,TELECOM,50.39,,157.0,32.11,89.09,2,1,95,54.69,1028.42,CRITICO,1
U01803,TELECOM,42.93,2.338,84.7,60.31,50.5,4,1,119,69.02,898.48,URGENTE,0
U09446,ENERGIA,46.62,3.37,157.97,52.14,81.73,3,1,100,77.49,1250.68,NORMAL,0
U00249,SAUDE,49.66,2.687,128.43,67.8,71.73,0,1,17,41.71,1066.74,NORMAL,0
U04024,TRANSITO,,1.605,98.66,76.73,35.26,1,2,93,61.51,271.02,NORMAL,0
U09933,ENERGIA,32.9,4.85,77.68,55.88,47.84,1,1,53,62.66,880.48,NORMAL,0
U04737,SAUDE,41.81,1.965,50.66,153.06,38.82,1,2,34,61.31,838.61,URGENTE,0
U08668,SAUDE,35.31,1.655,134.59,39.29,36.56,0,1,136,85.33,633.81,NORMAL,0
U08169,TRANSITO,41.32,1.588,145.22,36.45,63.58,4,0,6,69.11,962.41,NORMAL,0
U04190,TRANSITO,43.31,1.16,106.95,50.95,37.01,2,1,112,59.21,680.17,NORMAL,0
U04187,SAUDE,37.89,0.834,118.31,30.6,53.49,3,1,6,53.62,704.6,NORMAL,0
U04633,TRANSITO,44.06,2.543,50.13,,34.05,2,0,98,63.58,582.62,NORMAL,0
U06850,TRANSITO,53.7,1.9,159.37,121.4,77.54,3,1,127,66.63,1318.1,NORMAL,0
U03707,ENERGIA,39.19,3.621,69.52,86.37,51.12,0,2,53,76.15,679.51,NORMAL,0
U08898,AGUA,38.16,2.197,133.3,,62.86,2,1,84,86.32,1037.79,NORMAL,0
U00619,ENERGIA,55.27,4.352,173.69,29.45,97.48,3,0,135,61.26,1620.93,URGENTE,1
U08795,SAUDE,55.13,2.001,109.64,82.82,50.82,2,1,54,88.74,904.26,NORMAL,0
U04761,ENERGIA,,5.17,52.42,137.54,30.25,2,1,10,93.75,834.99,NORMAL,0
U07956,ENERGIA,37.87,2.124,58.73,59.3,30.88,3,1,66,65.78,807.66,NORMAL,0
U05958,TELECOM,49.67,3.553,111.51,54.83,64.06,2,0,144,71.38,1066.41,CRITICO,1
U04907,AGUA,34.93,1.793,41.06,35.1,22.19,4,1,13,55.75,814.22,NORMAL,0
U08431,TELECOM,42.46,0.439,89.8,18.29,33.61,2,1,75,55.77,1141.53,NORMAL,0
U01903,TELECOM,36.34,2.329,82.42,45.24,50.49,4,2,33,45.42,1148.74,NORMAL,0
U09280,SAUDE,54.0,9.941,177.21,83.69,91.77,1,1,113,74.4,1451.61,URGENTE,1
U03451,TRANSITO,51.04,2.441,113.13,57.17,83.05,2,0,50,69.94,1269.64,URGENTE,0
U06717,TELECOM,52.99,3.075,73.69,121.45,60.44,3,1,31,83.44,1266.81,NORMAL,0
U01642,SAUDE,40.49,2.308,84.07,45.65,58.5,2,0,54,54.3,1188.91,NORMAL,0
U05398,TRANSITO,47.88,2.21,138.9,5.59,67.15,2,0,34,51.67,849.52,NORMAL,0
U00924,TELECOM,47.43,1.939,79.4,69.32,58.84,3,0,11,82.21,1023.14,NORMAL,0
U06695,TELECOM,54.68,,127.57,38.69,68.87,2,2,142,97.73,1155.51,NORMAL,0
U03923,SAUDE,43.94,2.049,103.41,18.01,58.84,2,0,76,29.76,1125.31,NORMAL,0
U02422,SAUDE,42.63,3.078,121.48,15.47,69.0,1,0,24,70.4,1121.28,NORMAL,0
U09634,TRANSITO,53.19,4.408,156.49,57.33,88.65,3,0,15,47.14,1249.26,NORMAL,0
U07755,ENERGIA,42.5,3.012,70.15,42.11,40.55,2,0,122,53.87,703.84,NORMAL,0
U05939,ENERGIA,50.04,2.902,111.99,47.61,52.07,6,0,74,72.77,1036.81,NORMAL,1
U01822,ENERGIA,49.04,2.484,90.78,4.62,53.07,2,1,65,50.85,1579.86,NORMAL,0
U00963,SAUDE,39.34,3.39,133.43,64.45,79.02,6,3,106,69.28,1026.09,URGENTE,0
U07918,AGUA,120.36,2.76,118.9,49.15,56.99,4,0,55,72.23,1021.47,URGENTE,0
U03375,TELECOM,49.84,2.597,165.35,158.07,83.72,2,0,22,79.71,1619.92,NORMAL,0
U09081,AGUA,43.42,2.958,96.88,7.51,56.87,3,2,94,47.59,888.54,NORMAL,0
U05679,ENERGIA,55.07,3.049,109.28,58.87,57.62,4,0,50,71.25,1221.05,NORMAL,0
U06638,SAUDE,43.74,3.947,120.54,24.88,69.8,5,0,56,49.56,1945.54,NORMAL,0
U05881,AGUA,33.35,1.828,133.96,26.05,73.66,1,2,5,53.22,745.0,NORMAL,0
U02972,ENERGIA,51.55,2.996,112.43,84.81,56.74,1,1,24,81.84,909.62,NORMAL,0
U09891,ENERGIA,56.32,4.168,102.89,65.27,52.2,2,0,74,79.43,975.81,NORMAL,0
U04859,AGUA,42.01,3.111,75.08,36.76,52.84,2,0,20,64.61,1025.9,NORMAL,0
U06745,TELECOM,46.99,2.683,97.68,44.98,60.56,0,0,103,82.24,1246.56,CRITICO,1
U04661,ENERGIA,53.95,3.226,169.24,30.87,89.01,5,1,45,47.78,918.44,CRITICO,1
U08681,SAUDE,42.56,1.399,120.54,54.77,64.82,1,0,128,56.29,973.61,NORMAL,0
U03584,AGUA,37.66,3.112,95.56,86.75,39.13,1,0,142,87.88,689.54,NORMAL,0
U03604,AGUA,42.33,2.626,136.2,32.58,64.79,0,0,49,62.79,856.85,NORMAL,0
U05951,ENERGIA,48.38,4.489,157.25,57.47,64.58,7,0,118,33.21,1119.35,NORMAL,0
U05049,TRANSITO,110.55,4.019,143.41,24.68,81.79,2,0,18,44.94,984.19,NORMAL,0
U05057,ENERGIA,59.86,2.659,105.65,73.61,83.38,3,3,47,52.88,1346.97,NORMAL,0
U07028,ENERGIA,38.09,2.593,82.84,148.48,54.28,0,0,18,75.12,1136.95,NORMAL,0
U02365,SAUDE,36.11,0.959,82.01,126.35,36.3,0,0,128,62.26,819.19,NORMAL,0
U06909,ENERGIA,47.01,5.248,92.5,46.63,54.43,4,1,53,42.4,1118.33,NORMAL,1
U06282,AGUA,39.96,3.326,126.06,,76.21,3,0,29,63.14,1066.04,NORMAL,0
U04166,AGUA,43.38,2.116,91.36,82.86,63.74,2,0,12,62.49,1266.21,NORMAL,0
U03119,TRANSITO,37.05,2.149,142.49,44.41,70.91,0,1,88,74.73,1054.97,NORMAL,0
U07400,AGUA,39.48,,132.09,6.05,64.27,4,1,67,67.61,1042.38,NORMAL,0
U03423,AGUA,51.14,3.455,119.6,24.21,74.98,8,0,119,50.46,1282.9,NORMAL,0
U04987,SAUDE,44.41,2.63,109.42,98.55,52.88,5,0,135,99.31,991.77,CRITICO,1
U07563,ENERGIA,50.7,1.365,102.51,48.97,51.46,0,1,19,61.28,1025.35,NORMAL,0
U06710,TRANSITO,54.58,2.885,122.55,27.65,66.73,2,2,111,90.09,1574.95,NORMAL,0
U05585,TRANSITO,46.03,1.724,89.89,26.73,39.37,2,0,24,69.05,464.31,NORMAL,0
U07026,SAUDE,39.75,2.708,89.12,18.29,50.88,1,1,76,66.64,1219.91,NORMAL,0
U02982,AGUA,46.62,3.874,122.12,47.21,69.8,1,1,139,57.72,1493.61,CRITICO,1
U07821,AGUA,28.7,0.468,33.72,85.28,19.21,1,0,58,71.11,677.35,NORMAL,0
U05462,TRANSITO,33.69,3.363,92.34,32.28,35.1,4,1,90,41.48,1012.94,NORMAL,0
U01205,SAUDE,50.32,3.531,115.9,72.42,64.56,0,0,8,41.95,1065.02,NORMAL,0
U01023,SAUDE,51.14,2.535,150.21,40.88,92.34,2,0,33,65.58,1308.34,NORMAL,0
U00455,ENERGIA,47.08,3.348,124.71,,68.2,3,0,116,56.22,806.02,NORMAL,0
U08519,ENERGIA,48.53,3.979,92.84,36.36,54.46,1,1,70,55.66,681.65,NORMAL,0
U06210,SAUDE,36.76,1.022,27.21,100.02,15.72,1,2,107,67.8,277.12,NORMAL,0
U02872,ENERGIA,47.63,3.214,78.31,34.55,59.24,3,0,47,72.79,1084.1,NORMAL,0
U04845,SAUDE,38.98,1.011,89.06,86.09,42.58,1,1,4,64.91,839.87,NORMAL,0
U09386,ENERGIA,44.98,,95.29,63.7,56.47,2,0,75,30.78,1038.09,NORMAL,0
U05642,ENERGIA,50.54,4.959,126.91,37.84,65.74,1,0,28,57.44,1260.64,NORMAL,0
U08028,SAUDE,42.44,2.007,110.01,40.91,46.14,1,1,97,67.16,553.25,NORMAL,0
U06880,TRANSITO,45.58,0.172,54.3,41.88,32.72,1,0,15,69.61,802.45,NORMAL,0
U05982,SAUDE,44.7,2.553,109.77,107.21,68.36,3,1,10,52.89,1446.23,NORMAL,0
U05491,SAUDE,41.09,1.552,162.4,87.42,69.36,3,1,135,74.9,1009.18,NORMAL,0
U05428,TELECOM,54.12,2.582,107.24,49.86,63.05,2,0,117,66.69,929.58,NORMAL,0
U07707,AGUA,35.59,3.767,168.85,59.22,93.34,3,0,139,75.35,1544.94,URGENTE,1
U03251,SAUDE,45.95,2.229,123.27,82.81,68.08,3,3,51,82.89,1093.94,NORMAL,0
U05455,TELECOM,49.79,3.743,191.79,37.19,96.07,3,0,137,70.1,1589.83,NORMAL,0
U01838,ENERGIA,38.66,3.306,129.6,52.83,55.3,3,0,4,71.78,659.91,NORMAL,0
U06437,AGUA,38.39,2.314,91.9,32.95,45.47,4,0,39,59.79,709.98,NORMAL,0
U04273,SAUDE,37.63,1.584,92.0,,68.14,1,0,116,53.41,1037.28,NORMAL,0
U03664,ENERGIA,41.65,2.436,111.26,58.48,41.25,2,0,80,63.9,781.01,NORMAL,0
U02936,TELECOM,51.2,2.113,135.4,86.67,63.14,1,1,142,60.48,1172.05,NORMAL,0
U00265,AGUA,,2.691,63.49,121.14,38.19,2,3,103,48.46,1092.85,NORMAL,0
U08402,SAUDE,50.69,1.302,128.83,22.99,74.61,3,1,55,91.77,1087.1,URGENTE,0
U01118,ENERGIA,49.46,2.584,95.96,31.03,29.94,3,1,51,80.08,383.6,NORMAL,0
U03021,ENERGIA,43.14,2.677,74.94,90.53,17.81,2,0,66,81.93,309.31,NORMAL,0
U02357,TELECOM,44.97,1.831,141.05,16.2,60.67,6,0,127,68.31,1270.23,NORMAL,0
U03098,ENERGIA,52.76,4.187,172.57,41.97,74.46,1,2,139,42.27,1026.79,NORMAL,0
U00967,ENERGIA,51.5,6.793,111.8,46.45,69.82,8,0,105,56.59,795.91,CRITICO,1
U02595,AGUA,47.81,2.554,137.87,46.16,77.53,4,2,50,53.06,1307.62,NORMAL,0
U00991,ENERGIA,43.43,3.076,139.45,12.51,66.25,3,1,131,64.39,1155.38,NORMAL,0
U07273,TRANSITO,43.52,1.972,61.64,21.89,32.85,1,0,10,77.88,605.05,NORMAL,0
U05231,ENERGIA,59.97,3.537,131.57,55.2,70.83,1,1,99,45.57,992.7,CRITICO,1
U07636,TRANSITO,41.83,,122.85,14.33,75.07,3,0,86,78.21,1460.32,NORMAL,0
U03812,TRANSITO,37.75,4.14,46.09,77.67,30.06,0,1,67,60.79,805.12,CRITICO,0
U09738,ENERGIA,40.5,3.717,129.27,22.53,73.86,1,1,111,71.63,1027.25,URGENTE,1
U00086,AGUA,46.05,3.815,114.94,65.7,59.75,3,0,54,70.6,958.93,NORMAL,0
U09879,ENERGIA,46.2,3.349,93.55,69.52,52.29,3,2,26,71.22,941.91,NORMAL,0
U07311,ENERGIA,49.51,4.511,130.47,97.31,55.62,1,0,84,75.44,452.47,NORMAL,0
U04492,TRANSITO,,1.811,95.12,17.91,68.74,3,0,13,50.44,937.1,NORMAL,0
U01320,TELECOM,48.82,1.96,86.74,38.83,52.33,2,0,43,80.84,475.05,NORMAL,0
U05904,TRANSITO,41.66,1.105,94.71,180.04,40.5,2,1,123,77.97,651.72,NORMAL,0
U00872,AGUA,47.58,3.927,183.2,76.06,98.46,5,2,46,52.36,1601.26,NORMAL,1
U05349,ENERGIA,50.86,3.12,61.56,48.96,37.56,1,0,34,77.94,694.91,NORMAL,0
U07504,SAUDE,48.89,2.258,138.83,155.58,74.72,1,1,28,77.94,1058.78,NORMAL,0
U01768,SAUDE,,0.0,112.27,31.7,44.43,1,0,47,74.76,985.26,NORMAL,0
U08078,ENERGIA,,3.002,163.22,17.18,82.41,7,1,31,56.15,1323.67,CRITICO,1
U00687,TRANSITO,42.46,2.046,117.91,42.64,72.19,0,1,35,36.3,1436.93,NORMAL,0
U08424,TELECOM,46.46,1.24,138.41,54.04,53.39,4,1,138,67.61,1253.91,NORMAL,0
U02350,SAUDE,41.37,2.391,124.45,18.36,51.47,3,1,127,73.78,895.4,NORMAL,0
U06094,SAUDE,47.06,1.932,111.22,,58.36,5,1,83,29.68,1317.17,NORMAL,0
U02801,TRANSITO,43.19,1.449,124.16,18.87,55.84,5,1,139,80.35,1264.42,NORMAL,0
U05623,ENERGIA,47.78,2.965,103.54,55.06,61.16,3,0,32,87.41,818.95,CRITICO,0
U02716,TELECOM,51.6,2.096,51.87,57.85,29.21,3,0,31,61.51,407.13,URGENTE,0
U08026,TRANSITO,53.01,3.496,145.62,25.39,89.88,2,1,137,86.3,1801.41,NORMAL,0
U00451,TELECOM,43.05,2.529,109.23,13.83,59.64,2,0,102,74.52,912.06,NORMAL,0
U05004,TRANSITO,,1.629,72.35,56.72,36.3,2,0,6,34.17,746.99,NORMAL,0
U02650,TRANSITO,56.79,2.231,110.03,62.9,52.98,2,0,39,50.59,622.84,NORMAL,0
U00186,AGUA,116.22,2.952,114.22,30.38,72.45,3,1,49,78.48,1120.8,NORMAL,0
U09875,TRANSITO,38.62,,108.37,15.35,63.6,4,0,114,42.26,1318.22,NORMAL,0
U06616,SAUDE,39.25,1.923,117.67,30.69,62.11,0,0,21,75.89,975.17,NORMAL,0
U04046,ENERGIA,53.47,3.81,139.32,2.0,73.39,3,2,133,69.34,941.42,NORMAL,0
U03415,TELECOM,56.87,,139.1,42.61,91.7,4,0,43,83.45,1415.08,NORMAL,0
U03177,AGUA,45.96,3.685,80.27,44.31,60.23,0,0,46,74.38,1212.77,NORMAL,0
U06666,TRANSITO,46.58,1.983,130.38,39.63,62.72,3,0,37,62.36,1159.32,CRITICO,1
U05741,ENERGIA,63.56,3.894,159.11,23.99,81.48,6,0,92,80.82,1378.02,NORMAL,0
U02215,SAUDE,39.9,2.169,143.47,15.73,68.25,0,0,133,75.45,897.04,CRITICO,0
U00014,TRANSITO,45.04,1.93,171.83,38.83,87.3,5,2,103,34.7,1211.43,CRITICO,1
U04729,AGUA,42.13,3.781,140.78,92.69,83.25,8,0,77,75.73,1602.01,NORMAL,0
U07410,ENERGIA,46.73,3.427,114.09,11.82,43.27,1,0,65,35.87,616.25,NORMAL,0
U07392,TRANSITO,42.6,3.375,140.94,65.74,53.92,4,1,84,73.15,884.51,NORMAL,0
U08098,ENERGIA,50.82,,190.08,36.4,85.92,4,1,108,73.11,1352.81,NORMAL,0
U09012,TELECOM,52.75,,115.79,57.6,85.52,1,1,43,52.42,1087.54,NORMAL,0
U01263,ENERGIA,55.66,4.237,103.18,8.11,62.48,2,1,76,71.25,979.52,NORMAL,0
U08421,SAUDE,43.26,2.38,90.65,47.61,57.13,2,1,7,63.27,1049.26,NORMAL,0
U00745,AGUA,54.62,3.486,134.25,82.46,88.13,3,2,61,63.33,1669.4,URGENTE,1
U04364,AGUA,36.3,3.435,178.54,73.46,100.0,2,1,62,55.38,1488.14,URGENTE,0
U02894,TELECOM,43.98,,104.37,18.03,54.77,1,0,93,48.54,482.77,NORMAL,0
U05250,ENERGIA,43.65,2.8,116.63,80.35,55.71,3,1,139,58.34,1147.84,URGENTE,0
U09811,AGUA,42.16,,117.57,77.58,49.91,2,0,81,37.71,1069.83,NORMAL,0
U07893,ENERGIA,39.47,3.933,83.06,23.95,49.44,2,0,19,82.3,1073.76,NORMAL,0
U01422,ENERGIA,51.0,3.874,128.48,82.39,72.39,3,1,128,49.69,1230.74,NORMAL,0
U06212,SAUDE,41.58,2.331,136.32,44.56,75.19,2,1,41,41.41,1515.45,URGENTE,0
U05085,SAUDE,38.81,,90.26,29.15,41.0,2,0,110,58.28,915.57,NORMAL,0
U08309,TRANSITO,47.28,2.97,177.06,35.64,92.07,1,0,95,61.83,1714.06,NORMAL,0
U09679,TRANSITO,50.44,3.208,142.13,11.58,73.6,2,0,142,39.75,749.28,URGENTE,0
U02606,AGUA,40.14,2.986,142.24,90.05,82.52,5,0,36,65.73,1545.18,URGENTE,0
U08490,AGUA,53.9,2.58,130.55,46.77,61.36,2,0,129,34.49,892.37,NORMAL,0
U00048,SAUDE,39.83,0.977,85.56,63.74,69.85,1,0,3,35.03,1266.98,NORMAL,0
U04007,ENERGIA,57.08,3.096,133.52,198.73,72.33,1,0,84,49.44,1034.14,URGENTE,1
U06849,ENERGIA,53.67,4.121,185.13,32.67,91.53,5,0,136,93.62,682.77,CRITICO,1
U01761,SAUDE,53.54,1.99,98.26,112.79,60.35,4,0,130,82.45,918.9,NORMAL,0
U03549,TRANSITO,56.23,2.532,143.26,63.78,84.56,4,0,50,47.93,907.03,CRITICO,1
U05786,AGUA,45.13,3.221,131.46,12.54,70.66,3,0,67,49.78,1318.37,NORMAL,0
U03772,ENERGIA,37.52,3.118,122.98,38.81,50.95,1,0,107,58.63,1262.44,NORMAL,0
U04531,AGUA,44.1,3.805,135.83,99.05,83.46,1,1,113,77.3,1390.39,NORMAL,0
U04702,SAUDE,37.82,2.184,134.82,26.68,71.45,5,0,62,60.87,1162.52,NORMAL,0
U06824,ENERGIA,56.87,3.233,104.76,34.35,49.72,0,1,74,56.91,660.12,NORMAL,0
U04059,SAUDE,56.45,1.542,183.48,57.47,100.0,6,0,112,84.62,1384.26,NORMAL,0
U03121,ENERGIA,57.11,,138.51,12.4,82.87,4,0,51,84.29,1057.81,NORMAL,0
U01929,AGUA,47.28,2.82,173.34,48.41,82.37,6,0,102,64.6,1411.48,NORMAL,0
U08129,TELECOM,60.79,3.381,165.99,53.47,89.45,3,0,92,67.1,1563.32,NORMAL,0
U08936,TELECOM,49.28,2.758,151.82,14.18,75.16,4,0,100,87.09,1547.09,NORMAL,0
U08609,TRANSITO,46.54,2.712,167.48,25.48,84.54,1,0,55,73.29,1089.76,URGENTE,0
U03466,SAUDE,39.71,2.121,110.56,75.87,40.55,4,3,130,49.99,1100.49,NORMAL,0
U08395,AGUA,33.18,4.172,147.21,9.32,64.49,1,0,119,71.28,740.13,CRITICO,0
U05684,ENERGIA,53.24,4.015,162.89,97.58,82.93,6,0,110,32.54,1621.39,CRITICO,1
U00317,ENERGIA,46.49,1.988,141.74,39.37,55.58,1,0,11,47.01,745.03,NORMAL,0
U02368,SAUDE,41.81,1.789,71.9,17.45,49.81,1,2,22,77.93,983.82,NORMAL,0
U00379,SAUDE,42.7,2.655,108.05,162.47,52.33,4,1,119,73.95,1300.19,NORMAL,0
U02518,TELECOM,,2.072,131.91,9.63,64.38,1,2,137,66.25,1567.8,NORMAL,0
U00576,SAUDE,48.83,2.599,119.02,92.27,67.47,8,1,33,66.88,1496.75,NORMAL,0
U03909,SAUDE,41.73,2.243,92.12,17.16,56.84,5,0,132,40.7,628.6,NORMAL,0
U05218,TELECOM,48.13,3.351,140.04,39.86,94.17,5,0,55,63.35,1204.46,NORMAL,0
U02138,SAUDE,34.58,3.197,134.87,11.39,51.88,3,0,114,58.71,1063.0,NORMAL,0
U07340,TELECOM,51.3,2.508,136.69,31.43,67.42,0,1,34,44.03,1089.98,NORMAL,0
U03543,TELECOM,191.13,1.641,168.29,5.84,79.46,3,0,109,42.69,1023.25,NORMAL,0
U01498,ENERGIA,55.5,3.152,155.82,72.29,97.36,6,0,19,65.13,1577.57,NORMAL,0
U02321,TRANSITO,47.57,3.333,110.26,93.24,61.78,3,1,26,91.99,1121.98,URGENTE,0
U09545,TRANSITO,48.91,2.835,152.84,37.87,68.67,2,1,26,55.22,846.04,NORMAL,0
U03968,SAUDE,43.25,4.064,174.53,32.43,71.09,1,0,25,68.31,1029.03,NORMAL,0
U02669,ENERGIA,51.63,3.165,145.55,30.13,81.95,3,0,79,62.97,1422.4,NORMAL,0
U09719,ENERGIA,48.78,3.311,138.89,30.71,64.05,1,1,106,45.6,1308.52,URGENTE,1
U08375,AGUA,49.66,3.865,161.89,37.49,89.09,1,0,43,57.4,1220.64,NORMAL,0
U08961,ENERGIA,49.12,2.87,158.15,39.92,89.45,5,0,52,94.15,1404.48,NORMAL,0
U01123,TELECOM,46.46,1.864,150.72,,71.86,4,1,114,33.21,736.86,NORMAL,0
U04605,TRANSITO,44.32,4.018,152.27,46.97,77.64,4,1,54,60.28,1055.73,CRITICO,1
U04119,TELECOM,50.42,2.736,160.68,15.79,81.45,3,0,11,64.97,1709.72,URGENTE,0
U05725,AGUA,46.03,3.098,147.67,33.04,80.73,7,0,25,83.43,1111.38,NORMAL,0
U09312,ENERGIA,59.3,2.914,140.11,98.73,68.2,5,1,53,67.0,749.26,NORMAL,0
U04644,ENERGIA,50.61,5.434,141.15,26.27,84.76,1,0,19,62.73,1374.5,CRITICO,1
U09481,AGUA,44.01,,104.0,16.28,67.47,4,1,128,87.74,1058.91,NORMAL,1
U01364,TRANSITO,47.96,3.146,92.67,36.36,52.7,1,0,5,60.81,1414.66,NORMAL,0
U04516,SAUDE,47.88,3.965,77.46,85.16,63.94,2,0,9,64.24,937.81,URGENTE,0
U04182,AGUA,44.74,3.652,82.43,40.24,61.73,6,0,28,58.23,837.6,NORMAL,0
U00370,SAUDE,46.29,2.081,141.65,29.51,79.06,5,0,43,63.18,1281.44,NORMAL,0
U05847,AGUA,46.29,2.353,122.0,53.12,73.17,6,0,93,37.82,916.87,NORMAL,0
U09486,AGUA,42.12,4.228,186.88,46.08,87.71,3,1,141,87.53,1758.42,NORMAL,0
U04830,AGUA,42.93,2.482,162.09,65.72,65.64,2,0,119,83.6,985.43,NORMAL,0
U04326,SAUDE,41.78,3.128,118.43,86.91,72.43,1,1,99,78.07,1218.37,NORMAL,0
U07202,TELECOM,45.87,3.884,153.04,,94.32,3,0,103,75.22,1095.9,CRITICO,1
U00790,ENERGIA,57.6,2.175,156.95,161.09,76.84,3,1,68,71.66,930.85,NORMAL,0
U05553,TELECOM,43.51,1.362,103.54,37.08,64.02,4,0,28,88.52,1010.79,NORMAL,0
U08442,AGUA,40.43,3.241,109.06,34.81,46.46,0,1,26,60.25,1244.21,NORMAL,0
U08557,AGUA,33.34,4.049,129.24,40.52,54.5,4,1,117,58.75,1268.31,NORMAL,0
U01044,TRANSITO,50.38,2.918,155.75,161.55,79.39,1,1,82,60.02,1545.93,NORMAL,0
U06645,SAUDE,46.45,2.734,167.67,85.33,63.46,2,1,107,69.19,1086.82,NORMAL,0
U04285,SAUDE,36.57,3.239,115.8,63.29,71.2,3,1,82,76.91,1521.18,NORMAL,0
U09329,SAUDE,35.71,2.38,95.06,83.45,38.25,2,0,137,45.75,730.14,NORMAL,0
U03380,ENERGIA,43.77,,69.03,54.81,45.87,3,1,48,42.7,1031.73,NORMAL,0
U08671,SAUDE,40.7,3.056,162.49,84.41,77.16,1,0,32,40.68,1266.74,NORMAL,0
U03116,ENERGIA,35.8,1.765,51.4,58.93,33.28,0,1,99,80.02,761.26,URGENTE,0
U09103,TRANSITO,52.11,1.889,218.77,18.85,100.0,4,0,99,64.65,1278.93,CRITICO,1
U09680,ENERGIA,58.41,3.266,113.93,26.75,60.79,2,1,73,46.31,1011.36,NORMAL,0
U06211,TELECOM,52.39,1.71,87.71,79.71,43.3,1,0,5,61.62,884.73,URGENTE,0
U00725,TRANSITO,,2.535,130.05,44.62,70.17,1,0,54,100.0,864.43,URGENTE,0
U02337,AGUA,188.16,,142.54,,71.03,7,0,23,90.86,1114.42,NORMAL,0
U07998,SAUDE,42.57,2.961,118.61,29.97,62.73,2,0,84,81.57,1358.97,NORMAL,0
U06024,SAUDE,37.1,1.339,95.21,56.83,35.85,2,1,65,52.3,941.8,URGENTE,0
U09743,SAUDE,39.16,4.17,84.12,14.04,68.88,0,1,39,62.52,1660.93,NORMAL,0
U06908,TELECOM,43.84,2.291,110.09,38.5,54.62,1,0,32,55.54,583.81,NORMAL,0
U03981,ENERGIA,48.21,4.511,174.76,58.26,86.35,2,0,83,53.57,1640.3,NORMAL,0
U08332,AGUA,41.63,2.77,47.21,16.11,37.14,1,1,4,59.24,904.6,NORMAL,0
U01104,TELECOM,118.66,2.322,158.23,48.99,84.8,1,0,60,41.57,1482.71,NORMAL,0
U08727,TRANSITO,45.76,2.062,103.81,24.33,49.5,2,0,144,86.61,724.13,NORMAL,0
U09275,TELECOM,55.89,2.629,98.36,60.27,71.71,2,0,29,47.01,1020.68,NORMAL,0
U06758,ENERGIA,44.35,3.425,111.4,21.07,33.34,1,1,63,38.88,832.59,NORMAL,0
U00366,ENERGIA,,2.083,78.11,64.81,44.52,1,1,40,79.51,1477.49,NORMAL,0
U09505,TELECOM,49.04,2.25,96.4,121.95,51.0,2,0,44,58.93,977.61,NORMAL,0
U08266,ENERGIA,47.81,4.443,87.41,5.98,53.18,3,0,60,76.78,1100.01,NORMAL,0
U00260,AGUA,32.89,2.361,109.29,54.61,54.35,5,0,28,71.52,1036.32,NORMAL,0
U01336,AGUA,43.82,3.415,100.79,42.35,53.16,4,1,52,46.75,664.34,NORMAL,0
U07840,ENERGIA,45.13,3.419,147.56,22.23,77.12,6,2,134,60.63,1370.69,NORMAL,0
U03289,TRANSITO,45.86,2.938,96.18,53.34,58.67,5,0,92,66.86,1244.73,NORMAL,0
U00292,ENERGIA,50.59,2.324,92.24,69.45,36.87,1,1,55,55.46,1170.0,NORMAL,0
U09684,ENERGIA,42.82,2.729,75.6,13.21,27.74,2,1,104,17.58,932.97,NORMAL,0
U05170,ENERGIA,46.7,3.175,111.58,27.35,52.17,6,2,87,59.36,1088.24,NORMAL,0
U03722,AGUA,54.1,2.976,123.53,17.78,69.6,1,0,95,57.06,1208.07,NORMAL,0
U08068,ENERGIA,,2.55,84.07,46.56,42.08,3,0,15,70.81,771.22,NORMAL,0
U02530,SAUDE,42.21,2.048,129.81,12.74,81.72,1,2,43,73.97,1139.64,NORMAL,0
U04389,TRANSITO,48.15,1.407,133.13,42.17,71.7,4,0,93,65.82,1167.31,NORMAL,0
U00976,ENERGIA,,,106.28,70.54,78.21,2,0,39,66.74,926.61,NORMAL,0
U01985,TELECOM,50.37,2.693,120.67,25.39,61.09,4,0,30,50.76,1018.57,NORMAL,0
U09462,TRANSITO,50.9,1.933,94.52,95.87,49.28,3,0,55,60.27,1180.5,NORMAL,0
U09466,SAUDE,37.99,2.143,140.58,31.64,70.78,3,0,115,52.84,1287.17,NORMAL,0
U02410,ENERGIA,50.15,4.713,143.39,192.92,72.24,4,0,107,75.39,1121.82,NORMAL,0
U06608,ENERGIA,56.37,2.932,135.82,23.6,70.84,2,0,59,73.45,1415.1,NORMAL,0
U03189,TRANSITO,47.4,2.256,135.27,71.78,58.88,2,0,45,56.04,995.36,NORMAL,0
U00202,AGUA,49.21,2.888,154.51,55.63,67.61,2,1,81,90.08,1215.25,NORMAL,0
U09979,SAUDE,34.28,2.963,114.65,110.29,56.81,2,0,128,57.76,1481.0,NORMAL,0
U06162,SAUDE,45.91,,75.31,12.1,35.4,4,0,117,53.68,802.88,NORMAL,0
U01853,AGUA,45.47,1.312,122.32,24.17,55.51,1,0,73,84.4,1219.18,NORMAL,0
U05745,AGUA,115.09,2.88,77.7,18.42,62.42,4,2,7,64.25,902.26,URGENTE,0
U05415,AGUA,41.11,3.135,112.8,141.7,55.29,3,1,42,67.63,1037.96,NORMAL,0
U04514,SAUDE,38.48,2.524,91.6,84.74,45.87,2,0,68,78.09,548.66,NORMAL,0
U00917,SAUDE,46.8,1.766,91.16,29.26,50.91,8,2,19,44.44,1350.7,NORMAL,0
U04720,ENERGIA,52.83,2.81,81.73,78.56,38.57,3,0,67,49.88,1022.26,NORMAL,0
U01160,ENERGIA,45.91,3.89,95.1,9.5,43.4,4,3,44,83.32,825.28,NORMAL,0
U02657,ENERGIA,42.17,3.973,170.62,68.28,69.69,2,0,134,62.28,1051.82,NORMAL,0
U06920,TRANSITO,53.57,1.945,106.41,12.06,61.44,3,0,58,58.62,1206.95,NORMAL,0
U04858,AGUA,41.14,1.836,123.07,25.36,60.39,1,1,127,59.78,1279.05,NORMAL,0
U09244,TELECOM,53.02,1.256,165.93,48.24,80.8,4,0,102,69.5,1274.09,NORMAL,0
U04535,ENERGIA,49.63,3.836,95.37,25.53,52.99,1,0,40,66.67,680.96,NORMAL,0
U00029,ENERGIA,62.88,3.111,112.83,76.15,61.62,5,0,113,31.42,1122.06,NORMAL,0
U08141,ENERGIA,,3.405,66.73,154.87,45.54,3,0,7,78.27,868.33,NORMAL,0
U01990,SAUDE,36.35,1.901,49.32,34.78,42.9,3,1,22,52.24,602.99,NORMAL,0
U07168,TELECOM,52.38,2.087,145.31,60.88,59.69,4,1,100,50.45,1046.56,NORMAL,0
U09652,AGUA,40.54,1.752,116.27,14.06,55.14,10,0,114,60.66,780.97,NORMAL,0
U05662,ENERGIA,45.09,3.129,120.05,,57.03,6,0,120,76.67,625.74,CRITICO,1
U06478,ENERGIA,51.93,3.8,154.56,74.6,100.0,5,1,12,57.98,1477.66,URGENTE,1
U02126,TELECOM,45.36,1.411,79.43,44.07,43.71,5,1,6,30.18,843.36,NORMAL,0
U08987,ENERGIA,49.58,4.126,134.05,211.6,97.91,8,3,23,68.48,1470.58,URGENTE,1
U02306,SAUDE,47.51,2.028,145.71,51.78,92.38,6,0,51,78.21,1480.22,NORMAL,0
